---------------------------------------
Begin Slurm Prolog: Jul-26-2025 17:38:32
Job ID:    6068168
User ID:   jyang872
Account:   gts-jscott319
Job name:  crude_selection
Partition: cpu-small
QOS:       inferno
---------------------------------------

Due to MODULEPATH changes, the following have been reloaded:
  1) gmp/6.2.1     2) mpc/1.3.1     3) mpfr/4.2.0     4) zlib/1.2.13

Solving the problem via SBB...
	Maximum iteration: 100000.0
	Maximum time: 86400
	Tolerance: 1E-04
Initialize the model...
	Root node lower bound: -18447.22, upper bound: -18350.15
	Total initialization CPU time: 18.01 s
Done.
Solving the model...
================================================================================
  iteration     CPU time    wall time  lower bound  upper bound     gap
         1        55.85        14.78   -18447.2189   -18350.1469   0.5290%
         2        92.53        24.18   -18447.2189   -18350.1469   0.5290%
         3       130.67        34.64   -18446.3321   -18350.1469   0.5242%
         4       162.08        43.59   -18444.9272   -18350.1469   0.5165%
         5       203.83        54.12   -18444.9272   -18350.1469   0.5165%
         6       234.20        62.96   -18444.3961   -18350.1469   0.5136%
         7       267.76        73.07   -18444.3961   -18350.1469   0.5136%
         8       303.22        83.13   -18443.4253   -18350.1469   0.5083%
         9       338.70        93.30   -18443.4253   -18350.1469   0.5083%
        10       375.07       102.93   -18443.3046   -18350.1469   0.5077%
        11       402.39       112.74   -18441.8403   -18350.1469   0.4997%
        12       433.36       123.12   -18437.4174   -18350.1469   0.4756%
        13       465.55       132.97   -18436.6136   -18350.1469   0.4712%
        14       495.74       144.29   -18435.3357   -18350.1469   0.4642%
        15       512.77       150.14   -18435.3357   -18350.1469   0.4642%
        16       540.75       160.41   -18433.9666   -18350.1469   0.4568%
        17       572.31       170.68   -18432.3155   -18350.1469   0.4478%
        18       602.96       179.47   -18432.3155   -18350.1469   0.4478%
        19       638.61       189.33   -18431.9360   -18350.1469   0.4457%
        20       665.58       199.68   -18431.7210   -18350.1469   0.4445%
        21       698.06       210.00   -18430.3160   -18350.1469   0.4369%
        22       731.08       220.28   -18430.3160   -18350.1469   0.4369%
        23       765.41       230.32   -18430.3025   -18350.1469   0.4368%
        24       793.67       239.50   -18430.3025   -18350.1469   0.4368%
        25       825.99       249.82   -18430.1299   -18350.1469   0.4359%
        26       851.57       259.75   -18429.4986   -18350.1469   0.4324%
        27       882.61       269.54   -18429.3317   -18350.1469   0.4315%
        28       927.05       282.27   -18429.3317   -18350.1469   0.4315%
        29       960.77       292.93   -18428.6948   -18350.1469   0.4281%
        30       994.41       303.62   -18428.6948   -18350.1469   0.4281%
        31      1009.96       310.21   -18428.6948   -18350.1469   0.4281%
        32      1038.32       321.27   -18427.7558   -18350.1469   0.4229%
        33      1063.79       331.18   -18427.0023   -18350.1469   0.4188%
        34      1096.39       341.88   -18425.4125   -18350.1469   0.4102%
        35      1124.09       353.53   -18423.4664   -18350.1469   0.3996%
        36      1158.41       364.89   -18423.4664   -18350.1469   0.3996%
        37      1193.22       376.67   -18423.4542   -18350.1469   0.3995%
        38      1216.08       387.09   -18422.9402   -18350.1469   0.3967%
        39      1244.69       397.54   -18422.7683   -18350.1469   0.3958%
        40      1279.88       409.29   -18422.3816   -18350.1469   0.3936%
        41      1311.66       420.49   -18422.1763   -18350.1469   0.3925%
        42      1338.27       432.69   -18421.9645   -18350.1469   0.3914%
        43      1375.55       444.62   -18421.9645   -18350.1469   0.3914%
        44      1391.73       452.16   -18421.9645   -18350.1469   0.3914%
        45      1415.26       462.30   -18421.5777   -18350.1469   0.3893%
        46      1432.58       469.64   -18421.5777   -18350.1469   0.3893%
        47      1462.40       481.21   -18421.1785   -18350.1469   0.3871%
        48      1485.65       492.73   -18420.8525   -18350.1469   0.3853%
        49      1518.16       504.29   -18420.8525   -18350.1469   0.3853%
        50      1552.30       517.21   -18420.8525   -18350.1469   0.3853%
        51      1588.87       529.62   -18420.8525   -18350.1469   0.3853%
        52      1618.38       540.90   -18420.7917   -18350.1469   0.3850%
        53      1648.77       552.60   -18420.7751   -18350.1469   0.3849%
        54      1683.46       564.85   -18420.4750   -18350.1469   0.3833%
        55      1705.27       576.61   -18420.4399   -18350.1469   0.3831%
        56      1727.35       587.69   -18420.4059   -18350.1469   0.3829%
        57      1762.97       600.12   -18419.9657   -18350.1469   0.3805%
        58      1796.37       612.48   -18419.9658   -18350.1469   0.3805%
        59      1827.86       624.75   -18419.8814   -18350.1469   0.3800%
        60      1867.49       638.30   -18419.6485   -18350.1469   0.3788%
        61      1893.30       650.52   -18419.6017   -18350.1469   0.3785%
        62      1928.09       663.03   -18419.6017   -18350.1469   0.3785%
        63      1945.47       672.24   -18419.6017   -18350.1469   0.3785%
        64      1978.92       684.98   -18418.8157   -18350.1469   0.3742%
        65      2014.90       697.62   -18418.6686   -18350.1469   0.3734%
        66      2038.73       710.51   -18418.2877   -18350.1469   0.3713%
        67      2070.10       722.93   -18418.1223   -18350.1469   0.3704%
        68      2093.64       735.31   -18417.8772   -18350.1469   0.3691%
        69      2116.44       748.03   -18417.5219   -18350.1469   0.3672%
        70      2138.77       760.01   -18416.3294   -18350.1469   0.3607%
        71      2174.81       773.40   -18416.3269   -18350.1469   0.3607%
        72      2208.23       787.11   -18416.3170   -18350.1469   0.3606%
        73      2239.70       801.73   -18415.8835   -18350.1469   0.3582%
        74      2275.29       815.21   -18415.6624   -18350.1469   0.3570%
        75      2294.56       826.96   -18415.5255   -18350.1469   0.3563%
        76      2316.63       839.48   -18415.2301   -18350.1469   0.3547%
        77      2348.22       852.90   -18415.2301   -18350.1469   0.3547%
        78      2377.97       865.89   -18415.2301   -18350.1469   0.3547%
        79      2410.79       879.62   -18415.0837   -18350.1469   0.3539%
        80      2426.40       889.49   -18415.0837   -18350.1469   0.3539%
        81      2459.42       903.13   -18414.6297   -18350.1469   0.3514%
        82      2494.52       917.87   -18414.3434   -18350.1469   0.3498%
        83      2526.29       931.44   -18414.2977   -18350.1469   0.3496%
        84      2557.80       944.93   -18414.2031   -18350.1469   0.3491%
        85      2581.66       958.50   -18414.1646   -18350.1469   0.3489%
        86      2604.38       971.38   -18413.8261   -18350.1469   0.3470%
        87      2636.69       985.57   -18413.8261   -18350.1469   0.3470%
        88      2672.42       999.95   -18413.8259   -18350.1469   0.3470%
        89      2708.88      1015.39   -18413.8259   -18350.1469   0.3470%
        90      2725.44      1025.79   -18413.8259   -18350.1469   0.3470%
        91      2758.74      1041.06   -18413.6455   -18350.1469   0.3460%
        92      2797.46      1056.15   -18413.3732   -18350.1469   0.3446%
        93      2823.84      1070.55   -18413.2021   -18350.1469   0.3436%
        94      2856.90      1085.10   -18413.0982   -18350.1469   0.3431%
        95      2877.24      1098.33   -18413.0399   -18350.1469   0.3427%
        96      2913.32      1113.49   -18412.9860   -18350.1469   0.3424%
        97      2940.75      1128.50   -18412.6535   -18350.1469   0.3406%
        98      2955.26      1139.09   -18412.6535   -18350.1469   0.3406%
        99      2989.82      1154.66   -18412.6115   -18350.1469   0.3404%
       100      3015.04      1168.69   -18411.8678   -18350.1469   0.3364%
       101      3051.07      1184.46   -18411.8707   -18350.1469   0.3364%
       102      3080.28      1199.52   -18411.8201   -18350.1469   0.3361%
       103      3100.94      1213.51   -18411.7529   -18350.1469   0.3357%
       104      3129.72      1229.40   -18411.7128   -18350.1469   0.3355%
       105      3163.88      1245.40   -18411.5019   -18350.1469   0.3344%
       106      3207.17      1262.55   -18411.5019   -18350.1469   0.3344%
       107      3229.48      1277.03   -18411.2926   -18350.1469   0.3332%
       108      3251.99      1292.24   -18411.0637   -18350.1469   0.3320%
       109      3283.50      1308.05   -18410.7302   -18350.1469   0.3302%
       110      3304.59      1321.85   -18410.3757   -18350.1469   0.3282%
       111      3336.35      1337.37   -18410.3681   -18350.1469   0.3282%
       112      3368.63      1353.21   -18410.3681   -18350.1469   0.3282%
       113      3400.72      1369.33   -18409.7936   -18350.1469   0.3250%
       114      3429.34      1385.07   -18409.7748   -18350.1469   0.3249%
       115      3453.10      1400.43   -18409.7681   -18350.1469   0.3249%
       116      3477.72      1415.89   -18409.7536   -18350.1469   0.3248%
       117      3500.77      1431.54   -18409.7109   -18350.1469   0.3246%
       118      3527.68      1447.96   -18409.4895   -18350.1469   0.3234%
       119      3557.37      1463.03   -18409.4895   -18350.1469   0.3234%
       120      3584.38      1478.27   -18409.1523   -18350.1469   0.3216%
       121      3616.07      1494.95   -18409.1428   -18350.1469   0.3215%
       122      3645.31      1511.20   -18409.1428   -18350.1469   0.3215%
       123      3677.74      1527.54   -18409.0781   -18350.1469   0.3211%
       124      3705.11      1543.90   -18408.9486   -18350.1469   0.3204%
       125      3738.56      1560.40   -18408.9486   -18350.1469   0.3204%
       126      3766.77      1575.84   -18408.7939   -18350.1469   0.3196%
       127      3791.91      1592.85   -18408.7542   -18350.1469   0.3194%
       128      3823.55      1609.52   -18408.7542   -18350.1469   0.3194%
       129      3845.79      1624.61   -18408.7089   -18350.1469   0.3191%
       130      3877.13      1641.92   -18408.6856   -18350.1469   0.3190%
       131      3907.19      1658.00   -18408.5157   -18350.1469   0.3181%
       132      3926.09      1673.01   -18408.5052   -18350.1469   0.3180%
       133      3960.71      1690.09   -18408.2643   -18350.1469   0.3167%
       134      3992.14      1706.83   -18408.2643   -18350.1469   0.3167%
       135      4024.04      1724.19   -18408.2315   -18350.1469   0.3165%
       136      4045.08      1740.61   -18408.0068   -18350.1469   0.3153%
       137      4058.16      1753.29   -18408.0068   -18350.1469   0.3153%
       138      4091.01      1770.69   -18407.9642   -18350.1469   0.3151%
       139      4127.50      1788.51   -18407.9642   -18350.1469   0.3151%
       140      4141.84      1801.46   -18407.9642   -18350.1469   0.3151%
       141      4170.83      1819.33   -18407.9625   -18350.1469   0.3151%
       142      4190.54      1835.49   -18407.8512   -18350.1469   0.3145%
       143      4219.10      1853.04   -18407.8512   -18350.1469   0.3145%
       144      4243.13      1870.70   -18407.8241   -18350.1469   0.3143%
       145      4270.75      1888.24   -18407.8241   -18350.1469   0.3143%
       146      4293.50      1906.65   -18407.4604   -18350.1469   0.3123%
       147      4326.62      1924.37   -18407.4370   -18350.1469   0.3122%
       148      4357.85      1942.98   -18407.4370   -18350.1469   0.3122%
       149      4383.62      1960.79   -18407.2617   -18350.1469   0.3112%
       150      4406.37      1978.11   -18407.2346   -18350.1469   0.3111%
       151      4437.08      1995.61   -18407.2208   -18350.1469   0.3110%
       152      4472.32      2014.61   -18407.2208   -18350.1469   0.3110%
       153      4497.46      2032.39   -18407.1782   -18350.1469   0.3108%
       154      4526.90      2050.57   -18407.1782   -18350.1469   0.3108%
       155      4558.36      2068.36   -18407.1298   -18350.1469   0.3105%
       156      4590.48      2087.54   -18407.1298   -18350.1469   0.3105%
       157      4616.62      2105.56   -18406.8113   -18350.1469   0.3088%
       158      4642.47      2123.08   -18406.8113   -18350.1469   0.3088%
       159      4666.81      2140.96   -18406.6719   -18350.1469   0.3080%
       160      4688.46      2159.03   -18406.6538   -18350.1469   0.3079%
       161      4712.93      2176.06   -18406.6179   -18350.1469   0.3077%
       162      4738.56      2194.65   -18406.6173   -18350.1469   0.3077%
       163      4761.81      2213.51   -18406.5793   -18350.1469   0.3075%
       164      4784.70      2231.28   -18406.4169   -18350.1469   0.3066%
       165      4808.85      2250.41   -18406.3744   -18350.1469   0.3064%
       166      4839.03      2269.10   -18406.3259   -18350.1469   0.3062%
       167      4874.93      2289.08   -18406.3259   -18350.1469   0.3062%
       168      4901.23      2307.99   -18406.2566   -18350.1469   0.3058%
       169      4927.77      2326.30   -18406.0914   -18350.1469   0.3049%
       170      4952.41      2344.91   -18406.0549   -18350.1469   0.3047%
       171      4974.90      2363.29   -18405.9092   -18350.1469   0.3039%
       172      5012.05      2383.69   -18405.8603   -18350.1469   0.3036%
       173      5029.29      2401.19   -18405.8309   -18350.1469   0.3035%
       174      5050.55      2418.85   -18405.7718   -18350.1469   0.3031%
       175      5073.71      2436.53   -18405.7718   -18350.1469   0.3031%
       176      5103.53      2455.33   -18405.7275   -18350.1469   0.3029%
       177      5135.28      2475.32   -18405.7275   -18350.1469   0.3029%
       178      5157.60      2493.90   -18405.7238   -18350.1469   0.3029%
       179      5174.78      2511.47   -18405.6316   -18350.1469   0.3024%
       180      5205.47      2531.48   -18405.6316   -18350.1469   0.3024%
       181      5227.81      2550.42   -18405.4534   -18350.1469   0.3014%
       182      5257.23      2569.63   -18405.4534   -18350.1469   0.3014%
       183      5278.57      2588.54   -18405.3792   -18350.1469   0.3010%
       184      5310.40      2608.30   -18404.8934   -18350.1469   0.2983%
       185      5343.10      2629.19   -18404.8934   -18350.1469   0.2983%
       186      5365.96      2647.84   -18404.8934   -18350.1469   0.2983%
       187      5394.97      2666.92   -18404.8934   -18350.1469   0.2983%
       188      5424.63      2686.57   -18404.8140   -18350.1469   0.2979%
       189      5445.74      2706.56   -18404.8124   -18350.1469   0.2979%
       190      5472.10      2726.75   -18404.7469   -18350.1469   0.2975%
       191      5505.85      2747.53   -18404.7423   -18350.1469   0.2975%
       192      5536.65      2767.77   -18404.7323   -18350.1469   0.2975%
       193      5562.37      2787.27   -18404.7215   -18350.1469   0.2974%
       194      5585.64      2806.92   -18404.7046   -18350.1469   0.2973%
       195      5607.88      2826.32   -18404.6840   -18350.1469   0.2972%
       196      5638.10      2846.67   -18404.6840   -18350.1469   0.2972%
       197      5668.70      2868.00   -18404.3379   -18350.1469   0.2953%
       198      5699.50      2888.92   -18404.3379   -18350.1469   0.2953%
       199      5718.60      2908.72   -18404.3094   -18350.1469   0.2952%
       200      5748.55      2929.59   -18404.3094   -18350.1469   0.2952%
       201      5772.53      2950.01   -18404.2989   -18350.1469   0.2951%
       202      5798.35      2970.93   -18404.2989   -18350.1469   0.2951%
       203      5829.21      2993.08   -18404.2989   -18350.1469   0.2951%
       204      5862.66      3014.73   -18404.2989   -18350.1469   0.2951%
       205      5878.83      3033.16   -18404.2989   -18350.1469   0.2951%
       206      5915.68      3056.71   -18404.2438   -18350.1469   0.2948%
       207      5945.24      3078.88   -18403.9958   -18350.1469   0.2935%
       208      5965.54      3098.72   -18403.8677   -18350.1469   0.2928%
       209      5996.08      3120.13   -18403.8677   -18350.1469   0.2928%
       210      6020.25      3141.73   -18403.6335   -18350.1469   0.2915%
       211      6043.06      3163.03   -18403.5964   -18350.1469   0.2913%
       212      6071.02      3184.86   -18403.5964   -18350.1469   0.2913%
       213      6100.63      3205.97   -18403.5201   -18350.1469   0.2909%
       214      6126.47      3226.12   -18403.5201   -18350.1469   0.2909%
       215      6153.08      3248.43   -18403.4920   -18350.1469   0.2907%
       216      6176.28      3269.71   -18403.4840   -18350.1469   0.2907%
       217      6201.43      3291.70   -18403.4840   -18350.1469   0.2907%
       218      6225.78      3313.32   -18403.4194   -18350.1469   0.2903%
       219      6256.12      3335.16   -18403.3605   -18350.1469   0.2900%
       220      6283.09      3357.13   -18403.3605   -18350.1469   0.2900%
       221      6310.26      3379.01   -18403.3559   -18350.1469   0.2900%
       222      6334.56      3400.86   -18403.3480   -18350.1469   0.2899%
       223      6358.89      3422.21   -18403.3480   -18350.1469   0.2899%
       224      6385.48      3443.77   -18403.3292   -18350.1469   0.2898%
       225      6406.89      3465.43   -18403.3053   -18350.1469   0.2897%
       226      6429.55      3486.82   -18403.2938   -18350.1469   0.2896%
       227      6452.42      3508.13   -18403.1417   -18350.1469   0.2888%
       228      6479.97      3530.76   -18403.1417   -18350.1469   0.2888%
       229      6512.64      3554.24   -18403.0212   -18350.1469   0.2881%
       230      6536.13      3575.73   -18403.0072   -18350.1469   0.2881%
       231      6558.65      3596.53   -18402.8626   -18350.1469   0.2873%
       232      6589.99      3619.74   -18402.8626   -18350.1469   0.2873%
       233      6617.85      3641.53   -18402.8335   -18350.1469   0.2871%
       234      6643.00      3664.53   -18402.7738   -18350.1469   0.2868%
       235      6673.69      3688.16   -18402.7215   -18350.1469   0.2865%
       236      6708.12      3711.93   -18402.7215   -18350.1469   0.2865%
       237      6735.14      3733.98   -18402.6908   -18350.1469   0.2863%
       238      6757.75      3756.27   -18402.6376   -18350.1469   0.2861%
       239      6784.61      3779.18   -18402.5967   -18350.1469   0.2858%
       240      6804.89      3802.04   -18402.5835   -18350.1469   0.2858%
       241      6828.05      3824.93   -18402.4554   -18350.1469   0.2851%
       242      6857.42      3848.79   -18402.4554   -18350.1469   0.2851%
       243      6882.87      3872.29   -18402.4071   -18350.1469   0.2848%
       244      6913.25      3895.29   -18402.4071   -18350.1469   0.2848%
       245      6941.57      3918.52   -18402.3398   -18350.1469   0.2844%
       246      6963.37      3940.90   -18402.3399   -18350.1469   0.2844%
       247      6989.49      3964.16   -18402.3398   -18350.1469   0.2844%
       248      7011.85      3986.33   -18402.1485   -18350.1469   0.2834%
       249      7034.79      4008.99   -18402.1362   -18350.1469   0.2833%
       250      7056.44      4032.77   -18402.1013   -18350.1469   0.2831%
       251      7074.82      4054.15   -18402.0207   -18350.1469   0.2827%
       252      7095.38      4077.17   -18401.9998   -18350.1469   0.2826%
       253      7123.30      4101.12   -18401.9700   -18350.1469   0.2824%
       254      7147.87      4124.93   -18401.9217   -18350.1469   0.2821%
       255      7181.94      4149.52   -18401.9217   -18350.1469   0.2821%
       256      7202.39      4172.58   -18401.7719   -18350.1469   0.2813%
       257      7225.45      4196.83   -18401.7638   -18350.1469   0.2813%
       258      7248.68      4220.04   -18401.6804   -18350.1469   0.2808%
       259      7271.83      4243.81   -18401.5564   -18350.1469   0.2802%
       260      7297.38      4267.83   -18401.5564   -18350.1469   0.2802%
       261      7323.58      4292.35   -18401.5564   -18350.1469   0.2802%
       262      7336.52      4312.23   -18401.5564   -18350.1469   0.2802%
       263      7368.04      4337.77   -18401.5489   -18350.1469   0.2801%
       264      7387.19      4360.82   -18401.5480   -18350.1469   0.2801%
       265      7413.30      4385.27   -18401.3853   -18350.1469   0.2792%
       266      7435.24      4408.29   -18401.3479   -18350.1469   0.2790%
       267      7462.83      4433.12   -18401.3479   -18350.1469   0.2790%
       268      7492.52      4458.74   -18401.2520   -18350.1469   0.2785%
       269      7521.98      4483.51   -18401.1831   -18350.1469   0.2781%
       270      7553.10      4509.16   -18401.1831   -18350.1469   0.2781%
       271      7581.14      4533.93   -18401.1135   -18350.1469   0.2777%
       272      7606.75      4558.83   -18401.1135   -18350.1469   0.2777%
       273      7630.86      4583.98   -18401.0083   -18350.1469   0.2772%
       274      7657.88      4609.01   -18401.0026   -18350.1469   0.2771%
       275      7685.61      4633.77   -18401.0026   -18350.1469   0.2771%
       276      7712.95      4658.46   -18400.8572   -18350.1469   0.2763%
       277      7738.05      4683.67   -18400.8559   -18350.1469   0.2763%
       278      7763.81      4708.27   -18400.8559   -18350.1469   0.2763%
       279      7791.99      4733.35   -18400.8484   -18350.1469   0.2763%
       280      7822.62      4758.82   -18400.8312   -18350.1469   0.2762%
       281      7849.37      4784.12   -18400.8312   -18350.1469   0.2762%
       282      7871.81      4809.47   -18400.8011   -18350.1469   0.2760%
       283      7900.13      4834.74   -18400.7779   -18350.1469   0.2759%
       284      7924.04      4860.07   -18400.7704   -18350.1469   0.2759%
       285      7953.86      4886.55   -18400.7704   -18350.1469   0.2759%
       286      7983.98      4911.66   -18400.7515   -18350.1469   0.2758%
       287      8012.17      4936.99   -18400.7445   -18350.1469   0.2757%
       288      8034.25      4962.43   -18400.6676   -18350.1469   0.2753%
       289      8059.44      4987.81   -18400.6521   -18350.1469   0.2752%
       290      8086.51      5013.58   -18400.6521   -18350.1469   0.2752%
       291      8103.03      5037.96   -18400.6335   -18350.1469   0.2751%
       292      8129.49      5064.08   -18400.6182   -18350.1469   0.2750%
       293      8150.74      5088.94   -18400.5441   -18350.1469   0.2746%
       294      8176.59      5114.01   -18400.5259   -18350.1469   0.2745%
       295      8208.66      5140.66   -18400.4725   -18350.1469   0.2743%
       296      8231.86      5166.23   -18400.4555   -18350.1469   0.2742%
       297      8250.76      5191.13   -18400.4539   -18350.1469   0.2742%
       298      8272.75      5216.85   -18400.3894   -18350.1469   0.2738%
       299      8299.50      5243.29   -18400.3894   -18350.1469   0.2738%
       300      8321.81      5268.21   -18400.3884   -18350.1469   0.2738%
       301      8346.87      5293.91   -18400.3884   -18350.1469   0.2738%
       302      8364.89      5319.18   -18400.2773   -18350.1469   0.2732%
       303      8385.47      5344.45   -18400.2688   -18350.1469   0.2731%
       304      8402.33      5368.43   -18400.2499   -18350.1469   0.2730%
       305      8423.78      5394.10   -18400.1246   -18350.1469   0.2724%
       306      8447.89      5419.93   -18400.1115   -18350.1469   0.2723%
       307      8473.11      5446.05   -18400.0825   -18350.1469   0.2721%
       308      8485.26      5468.55   -18400.0825   -18350.1469   0.2721%
       309      8511.89      5495.13   -18400.0569   -18350.1469   0.2720%
       310      8537.91      5521.19   -18400.0458   -18350.1469   0.2719%
       311      8556.64      5547.64   -18400.0435   -18350.1469   0.2719%
       312      8582.55      5574.35   -18400.0136   -18350.1469   0.2718%
       313      8603.74      5600.46   -18399.9666   -18350.1469   0.2715%
       314      8628.65      5627.50   -18399.8269   -18350.1469   0.2707%
       315      8650.78      5654.44   -18399.8260   -18350.1469   0.2707%
       316      8670.21      5679.96   -18399.8200   -18350.1469   0.2707%
       317      8691.16      5705.76   -18399.8200   -18350.1469   0.2707%
       318      8716.65      5732.69   -18399.6941   -18350.1469   0.2700%
       319      8739.28      5759.73   -18399.6903   -18350.1469   0.2700%
       320      8764.29      5787.30   -18399.6903   -18350.1469   0.2700%
       321      8796.23      5816.81   -18399.5963   -18350.1469   0.2695%
       322      8816.20      5843.21   -18399.4887   -18350.1469   0.2689%
       323      8836.36      5869.36   -18399.4776   -18350.1469   0.2688%
       324      8860.66      5896.15   -18399.4776   -18350.1469   0.2688%
       325      8887.55      5923.23   -18399.4283   -18350.1469   0.2686%
       326      8910.47      5951.49   -18399.3800   -18350.1469   0.2683%
       327      8942.13      5979.87   -18399.3800   -18350.1469   0.2683%
       328      8969.05      6007.38   -18399.3512   -18350.1469   0.2681%
       329      8990.25      6034.46   -18399.1541   -18350.1469   0.2671%
       330      9014.71      6063.06   -18399.1541   -18350.1469   0.2671%
       331      9041.87      6090.99   -18399.1392   -18350.1469   0.2670%
       332      9071.51      6120.59   -18399.1392   -18350.1469   0.2670%
       333      9096.25      6149.06   -18399.1178   -18350.1469   0.2669%
       334      9117.00      6175.79   -18399.1002   -18350.1469   0.2668%
       335      9140.72      6203.65   -18399.0944   -18350.1469   0.2667%
       336      9162.28      6230.84   -18399.0904   -18350.1469   0.2667%
       337      9182.63      6257.11   -18399.0288   -18350.1469   0.2664%
       338      9203.77      6285.22   -18398.8899   -18350.1469   0.2656%
       339      9230.90      6312.90   -18398.8427   -18350.1469   0.2654%
       340      9258.38      6340.92   -18398.8120   -18350.1469   0.2652%
       341      9285.73      6369.45   -18398.8120   -18350.1469   0.2652%
       342      9306.98      6397.17   -18398.7813   -18350.1469   0.2650%
       343      9332.36      6426.49   -18398.7699   -18350.1469   0.2650%
       344      9359.81      6454.92   -18398.7488   -18350.1469   0.2649%
       345      9389.88      6483.68   -18398.7488   -18350.1469   0.2649%
       346      9416.58      6511.45   -18398.7462   -18350.1469   0.2648%
       347      9437.66      6540.40   -18398.7441   -18350.1469   0.2648%
       348      9462.57      6569.91   -18398.7441   -18350.1469   0.2648%
       349      9484.31      6597.92   -18398.7398   -18350.1469   0.2648%
       350      9506.98      6625.53   -18398.6592   -18350.1469   0.2644%
       351      9535.37      6654.37   -18398.6538   -18350.1469   0.2643%
       352      9564.36      6683.28   -18398.6538   -18350.1469   0.2643%
       353      9587.28      6712.32   -18398.6395   -18350.1469   0.2643%
       354      9614.57      6741.76   -18398.6395   -18350.1469   0.2643%
       355      9640.61      6772.22   -18398.6386   -18350.1469   0.2643%
       356      9661.97      6800.84   -18398.6126   -18350.1469   0.2641%
       357      9679.17      6828.01   -18398.6083   -18350.1469   0.2641%
       358      9701.13      6857.55   -18398.4718   -18350.1469   0.2633%
       359      9722.38      6887.22   -18398.4668   -18350.1469   0.2633%
       360      9741.45      6916.41   -18398.4422   -18350.1469   0.2632%
       361      9764.36      6945.98   -18398.4408   -18350.1469   0.2632%
       362      9790.05      6976.58   -18398.3679   -18350.1469   0.2628%
       363      9812.96      7006.35   -18398.3469   -18350.1469   0.2627%
       364      9842.32      7036.33   -18398.3077   -18350.1469   0.2625%
       365      9865.17      7065.35   -18398.2964   -18350.1469   0.2624%
       366      9889.33      7094.67   -18398.2964   -18350.1469   0.2624%
       367      9903.43      7120.50   -18398.2964   -18350.1469   0.2624%
       368      9925.34      7150.30   -18398.2890   -18350.1469   0.2624%
       369      9953.49      7180.42   -18398.2890   -18350.1469   0.2624%
       370      9977.25      7209.35   -18398.2766   -18350.1469   0.2623%
       371      9995.66      7237.81   -18398.2634   -18350.1469   0.2622%
       372     10030.28      7269.90   -18398.2634   -18350.1469   0.2622%
       373     10053.88      7299.79   -18398.1152   -18350.1469   0.2614%
       374     10075.65      7328.74   -18398.1137   -18350.1469   0.2614%
       375     10098.59      7359.44   -18398.0468   -18350.1469   0.2610%
       376     10126.73      7390.32   -18398.0468   -18350.1469   0.2610%
       377     10154.51      7421.83   -18398.0182   -18350.1469   0.2609%
       378     10175.89      7451.00   -18398.0003   -18350.1469   0.2608%
       379     10200.38      7482.11   -18397.9517   -18350.1469   0.2605%
       380     10225.48      7511.61   -18397.9065   -18350.1469   0.2603%
       381     10244.73      7541.70   -18397.8871   -18350.1469   0.2602%
       382     10269.93      7571.16   -18397.8762   -18350.1469   0.2601%
       383     10285.18      7599.21   -18397.8603   -18350.1469   0.2600%
       384     10312.95      7630.29   -18397.8603   -18350.1469   0.2600%
       385     10336.83      7661.48   -18397.8415   -18350.1469   0.2599%
       386     10364.17      7693.46   -18397.8415   -18350.1469   0.2599%
       387     10381.59      7720.62   -18397.8416   -18350.1469   0.2599%
       388     10401.48      7750.11   -18397.7849   -18350.1469   0.2596%
       389     10424.16      7781.10   -18397.7637   -18350.1469   0.2595%
       390     10442.51      7810.89   -18397.7173   -18350.1469   0.2592%
       391     10462.14      7840.19   -18397.6415   -18350.1469   0.2588%
       392     10482.09      7870.96   -18397.6233   -18350.1469   0.2587%
       393     10501.67      7900.73   -18397.6162   -18350.1469   0.2587%
       394     10527.61      7931.04   -18397.6141   -18350.1469   0.2587%
       395     10556.54      7962.25   -18397.5939   -18350.1469   0.2586%
       396     10581.37      7994.36   -18397.5939   -18350.1469   0.2586%
       397     10603.98      8024.62   -18397.5671   -18350.1469   0.2584%
       398     10630.19      8055.56   -18397.5133   -18350.1469   0.2581%
       399     10651.88      8086.80   -18397.5133   -18350.1469   0.2581%
       400     10679.80      8119.96   -18397.4953   -18350.1469   0.2580%
       401     10701.53      8150.45   -18397.4648   -18350.1469   0.2579%
       402     10728.50      8182.79   -18397.4648   -18350.1469   0.2579%
       403     10752.50      8214.52   -18397.4584   -18350.1469   0.2578%
       404     10775.02      8246.60   -18397.3815   -18350.1469   0.2574%
       405     10796.71      8276.61   -18397.3749   -18350.1469   0.2574%
       406     10824.79      8309.06   -18397.3720   -18350.1469   0.2574%
       407     10846.38      8339.12   -18397.2351   -18350.1469   0.2566%
       408     10864.99      8370.80   -18397.2225   -18350.1469   0.2565%
       409     10884.71      8401.30   -18397.2131   -18350.1469   0.2565%
       410     10913.68      8433.78   -18397.2131   -18350.1469   0.2565%
       411     10938.76      8466.21   -18397.1919   -18350.1469   0.2564%
       412     10953.74      8495.44   -18397.1523   -18350.1469   0.2562%
       413     10975.37      8527.72   -18397.1276   -18350.1469   0.2560%
       414     10998.72      8559.05   -18397.1252   -18350.1469   0.2560%
       415     11016.23      8590.78   -18397.0877   -18350.1469   0.2558%
       416     11042.17      8623.05   -18397.0629   -18350.1469   0.2557%
       417     11063.06      8654.78   -18397.0086   -18350.1469   0.2554%
       418     11074.11      8683.20   -18397.0086   -18350.1469   0.2554%
       419     11091.08      8713.28   -18396.9915   -18350.1469   0.2553%
       420     11117.78      8746.28   -18396.9794   -18350.1469   0.2552%
       421     11141.53      8778.73   -18396.9794   -18350.1469   0.2552%
       422     11168.60      8810.77   -18396.9755   -18350.1469   0.2552%
       423     11197.69      8844.65   -18396.9241   -18350.1469   0.2549%
       424     11225.32      8878.55   -18396.8865   -18350.1469   0.2547%
       425     11244.82      8911.34   -18396.8713   -18350.1469   0.2546%
       426     11275.77      8945.50   -18396.8710   -18350.1469   0.2546%
       427     11301.73      8977.38   -18396.8686   -18350.1469   0.2546%
       428     11326.57      9010.96   -18396.8255   -18350.1469   0.2544%
       429     11353.59      9043.84   -18396.8256   -18350.1469   0.2544%
       430     11377.77      9075.81   -18396.8125   -18350.1469   0.2543%
       431     11398.99      9108.70   -18396.8059   -18350.1469   0.2543%
       432     11425.81      9142.56   -18396.8059   -18350.1469   0.2543%
       433     11454.57      9176.92   -18396.6668   -18350.1469   0.2535%
       434     11479.14      9209.43   -18396.6668   -18350.1469   0.2535%
       435     11506.78      9244.06   -18396.6643   -18350.1469   0.2535%
       436     11533.17      9277.74   -18396.6037   -18350.1469   0.2532%
       437     11552.17      9310.23   -18396.5816   -18350.1469   0.2530%
       438     11574.92      9344.33   -18396.5816   -18350.1469   0.2530%
       439     11602.93      9380.14   -18396.5493   -18350.1469   0.2529%
       440     11629.47      9414.57   -18396.5493   -18350.1469   0.2529%
       441     11651.01      9448.06   -18396.4953   -18350.1469   0.2526%
       442     11681.43      9482.62   -18396.4953   -18350.1469   0.2526%
       443     11708.16      9517.47   -18396.4369   -18350.1469   0.2523%
       444     11731.11      9551.18   -18396.4369   -18350.1469   0.2523%
       445     11745.59      9582.75   -18396.4369   -18350.1469   0.2523%
       446     11764.71      9615.66   -18396.4236   -18350.1469   0.2522%
       447     11785.15      9650.15   -18396.3941   -18350.1469   0.2520%
       448     11804.08      9682.41   -18396.3707   -18350.1469   0.2519%
       449     11822.89      9715.85   -18396.3707   -18350.1469   0.2519%
       450     11842.23      9749.45   -18396.3655   -18350.1469   0.2519%
       451     11866.84      9785.13   -18396.3630   -18350.1469   0.2519%
       452     11887.63      9818.04   -18396.3595   -18350.1469   0.2518%
       453     11912.29      9851.61   -18396.3459   -18350.1469   0.2518%
       454     11937.85      9886.90   -18396.3326   -18350.1469   0.2517%
       455     11962.19      9921.99   -18396.2760   -18350.1469   0.2514%
       456     11985.86      9957.31   -18396.2760   -18350.1469   0.2514%
       457     12010.41      9992.05   -18396.2648   -18350.1469   0.2513%
       458     12031.80     10027.49   -18396.2624   -18350.1469   0.2513%
       459     12056.30     10062.44   -18396.1382   -18350.1469   0.2506%
       460     12076.14     10096.83   -18396.1098   -18350.1469   0.2505%
       461     12098.79     10133.44   -18396.0999   -18350.1469   0.2504%
       462     12116.54     10167.79   -18396.0934   -18350.1469   0.2504%
       463     12140.61     10203.75   -18395.9921   -18350.1469   0.2498%
       464     12160.81     10239.14   -18395.9611   -18350.1469   0.2497%
       465     12187.62     10275.55   -18395.9433   -18350.1469   0.2496%
       466     12215.85     10312.14   -18395.9419   -18350.1469   0.2496%
       467     12242.61     10348.63   -18395.9419   -18350.1469   0.2496%
       468     12270.78     10385.21   -18395.9386   -18350.1469   0.2495%
       469     12295.08     10421.14   -18395.8857   -18350.1469   0.2493%
       470     12312.53     10455.73   -18395.8741   -18350.1469   0.2492%
       471     12337.63     10491.25   -18395.7641   -18350.1469   0.2486%
       472     12351.27     10523.33   -18395.7641   -18350.1469   0.2486%
       473     12370.97     10558.41   -18395.7507   -18350.1469   0.2485%
       474     12394.46     10592.78   -18395.7316   -18350.1469   0.2484%
       475     12421.58     10629.06   -18395.7316   -18350.1469   0.2484%
       476     12441.80     10664.42   -18395.6556   -18350.1469   0.2480%
       477     12467.11     10701.30   -18395.6484   -18350.1469   0.2480%
       478     12487.58     10737.05   -18395.6087   -18350.1469   0.2477%
       479     12511.06     10773.01   -18395.5832   -18350.1469   0.2476%
       480     12528.99     10807.11   -18395.5828   -18350.1469   0.2476%
       481     12552.55     10843.30   -18395.5400   -18350.1469   0.2474%
       482     12574.72     10877.65   -18395.5052   -18350.1469   0.2472%
       483     12594.87     10913.10   -18395.4973   -18350.1469   0.2471%
       484     12619.28     10949.64   -18395.4973   -18350.1469   0.2471%
       485     12639.91     10986.14   -18395.4973   -18350.1469   0.2471%
       486     12664.65     11022.38   -18395.4973   -18350.1469   0.2471%
       487     12684.13     11057.49   -18395.4721   -18350.1469   0.2470%
       488     12708.93     11094.47   -18395.4721   -18350.1469   0.2470%
       489     12723.93     11126.56   -18395.4721   -18350.1469   0.2470%
       490     12744.96     11163.71   -18395.4171   -18350.1469   0.2467%
       491     12771.06     11199.68   -18395.4171   -18350.1469   0.2467%
       492     12792.69     11235.73   -18395.4060   -18350.1469   0.2466%
       493     12812.88     11272.43   -18395.4053   -18350.1469   0.2466%
       494     12840.05     11310.74   -18395.4053   -18350.1469   0.2466%
       495     12863.09     11347.43   -18395.4050   -18350.1469   0.2466%
       496     12878.71     11384.01   -18395.3755   -18350.1469   0.2465%
       497     12899.56     11420.76   -18395.3720   -18350.1469   0.2465%
       498     12919.13     11457.20   -18395.2946   -18350.1469   0.2460%
       499     12939.70     11494.71   -18395.2537   -18350.1469   0.2458%
       500     12959.33     11531.73   -18395.2068   -18350.1469   0.2456%
       501     12981.31     11568.64   -18395.2004   -18350.1469   0.2455%
       502     13003.84     11605.22   -18395.2004   -18350.1469   0.2455%
       503     13027.72     11642.81   -18395.1899   -18350.1469   0.2455%
       504     13050.21     11678.89   -18395.1844   -18350.1469   0.2454%
       505     13072.95     11716.97   -18395.1808   -18350.1469   0.2454%
       506     13091.69     11752.91   -18395.1632   -18350.1469   0.2453%
       507     13113.34     11790.55   -18395.1535   -18350.1469   0.2453%
       508     13134.40     11827.83   -18395.1338   -18350.1469   0.2452%
       509     13158.48     11864.65   -18395.1319   -18350.1469   0.2451%
       510     13178.61     11901.11   -18395.1233   -18350.1469   0.2451%
       511     13196.20     11937.99   -18395.1104   -18350.1469   0.2450%
       512     13212.03     11973.81   -18395.1033   -18350.1469   0.2450%
       513     13237.16     12011.97   -18395.0294   -18350.1469   0.2446%
       514     13264.38     12050.58   -18395.0213   -18350.1469   0.2445%
       515     13287.07     12088.42   -18395.0085   -18350.1469   0.2445%
       516     13307.74     12126.97   -18395.0033   -18350.1469   0.2444%
       517     13328.78     12165.00   -18394.9393   -18350.1469   0.2441%
       518     13348.26     12202.25   -18394.9393   -18350.1469   0.2441%
       519     13361.83     12236.80   -18394.9393   -18350.1469   0.2441%
       520     13381.43     12273.98   -18394.9318   -18350.1469   0.2441%
       521     13400.74     12312.00   -18394.9297   -18350.1469   0.2440%
       522     13419.23     12349.54   -18394.8966   -18350.1469   0.2439%
       523     13440.02     12387.55   -18394.8568   -18350.1469   0.2436%
       524     13460.33     12424.88   -18394.8568   -18350.1469   0.2436%
       525     13487.35     12463.53   -18394.8467   -18350.1469   0.2436%
       526     13509.57     12501.58   -18394.7874   -18350.1469   0.2433%
       527     13535.89     12540.22   -18394.7836   -18350.1469   0.2432%
       528     13562.35     12579.21   -18394.7836   -18350.1469   0.2432%
       529     13583.82     12616.98   -18394.7752   -18350.1469   0.2432%
       530     13610.43     12656.24   -18394.7633   -18350.1469   0.2431%
       531     13630.70     12694.68   -18394.7441   -18350.1469   0.2430%
       532     13649.23     12732.14   -18394.7284   -18350.1469   0.2429%
       533     13669.69     12770.98   -18394.7210   -18350.1469   0.2429%
       534     13694.36     12809.78   -18394.7210   -18350.1469   0.2429%
       535     13717.98     12848.38   -18394.7150   -18350.1469   0.2429%
       536     13738.60     12886.90   -18394.7150   -18350.1469   0.2429%
       537     13761.52     12924.41   -18394.6715   -18350.1469   0.2426%
       538     13783.16     12962.97   -18394.6499   -18350.1469   0.2425%
       539     13808.32     13001.74   -18394.6184   -18350.1469   0.2423%
       540     13833.53     13041.63   -18394.6184   -18350.1469   0.2423%
       541     13861.52     13082.23   -18394.6147   -18350.1469   0.2423%
       542     13874.47     13118.54   -18394.6147   -18350.1469   0.2423%
       543     13897.33     13157.63   -18394.5877   -18350.1469   0.2422%
       544     13914.34     13194.68   -18394.5877   -18350.1469   0.2422%
       545     13936.90     13234.69   -18394.5841   -18350.1469   0.2422%
       546     13959.28     13274.53   -18394.5690   -18350.1469   0.2421%
       547     13980.70     13313.82   -18394.5690   -18350.1469   0.2421%
       548     14005.78     13353.51   -18394.5628   -18350.1469   0.2420%
       549     14033.19     13394.27   -18394.5628   -18350.1469   0.2420%
       550     14061.11     13435.24   -18394.4034   -18350.1469   0.2412%
       551     14085.18     13475.14   -18394.3984   -18350.1469   0.2412%
       552     14107.34     13514.35   -18394.3863   -18350.1469   0.2411%
       553     14134.41     13554.43   -18394.3817   -18350.1469   0.2411%
       554     14160.59     13594.60   -18394.3389   -18350.1469   0.2408%
       555     14182.08     13633.54   -18394.3191   -18350.1469   0.2407%
       556     14211.40     13675.03   -18394.2884   -18350.1469   0.2406%
       557     14234.89     13713.72   -18394.2559   -18350.1469   0.2404%
       558     14256.06     13753.82   -18394.2530   -18350.1469   0.2404%
       559     14278.53     13794.10   -18394.2356   -18350.1469   0.2403%
       560     14298.21     13833.83   -18394.2227   -18350.1469   0.2402%
       561     14325.12     13875.43   -18394.2147   -18350.1469   0.2401%
       562     14346.74     13915.34   -18394.2147   -18350.1469   0.2401%
       563     14368.31     13956.14   -18394.2124   -18350.1469   0.2401%
       564     14387.30     13995.68   -18394.2064   -18350.1469   0.2401%
       565     14398.27     14032.26   -18394.2064   -18350.1469   0.2401%
       566     14423.60     14073.69   -18394.1609   -18350.1469   0.2399%
       567     14449.90     14114.54   -18394.1467   -18350.1469   0.2398%
       568     14470.38     14155.61   -18394.1326   -18350.1469   0.2397%
       569     14489.82     14195.46   -18394.0867   -18350.1469   0.2395%
       570     14513.68     14235.86   -18394.0836   -18350.1469   0.2394%
       571     14542.06     14278.01   -18394.0774   -18350.1469   0.2394%
       572     14567.12     14319.03   -18394.0774   -18350.1469   0.2394%
       573     14590.91     14360.07   -18394.0480   -18350.1469   0.2392%
       574     14617.34     14401.29   -18394.0480   -18350.1469   0.2392%
       575     14643.44     14442.32   -18394.0290   -18350.1469   0.2391%
       576     14664.58     14483.67   -18394.0263   -18350.1469   0.2391%
       577     14681.73     14523.59   -18394.0119   -18350.1469   0.2390%
       578     14701.00     14564.21   -18394.0087   -18350.1469   0.2390%
       579     14720.75     14604.81   -18394.0021   -18350.1469   0.2390%
       580     14744.07     14646.14   -18394.0021   -18350.1469   0.2390%
       581     14768.50     14687.84   -18394.0014   -18350.1469   0.2390%
       582     14791.99     14729.05   -18393.9847   -18350.1469   0.2389%
       583     14816.48     14770.48   -18393.9261   -18350.1469   0.2386%
       584     14840.84     14812.21   -18393.9231   -18350.1469   0.2386%
       585     14860.27     14852.47   -18393.8539   -18350.1469   0.2382%
       586     14880.41     14894.17   -18393.8484   -18350.1469   0.2382%
       587     14909.15     14936.96   -18393.8478   -18350.1469   0.2381%
       588     14927.92     14979.29   -18393.8474   -18350.1469   0.2381%
       589     14953.90     15021.64   -18393.8137   -18350.1469   0.2380%
       590     14975.75     15063.79   -18393.8128   -18350.1469   0.2380%
       591     14998.73     15106.48   -18393.8078   -18350.1469   0.2379%
       592     15024.85     15148.59   -18393.8078   -18350.1469   0.2379%
       593     15039.51     15187.68   -18393.8078   -18350.1469   0.2379%
       594     15058.13     15228.04   -18393.7984   -18350.1469   0.2379%
       595     15080.18     15270.17   -18393.7271   -18350.1469   0.2375%
       596     15100.19     15310.41   -18393.6695   -18350.1469   0.2372%
       597     15121.35     15352.30   -18393.6696   -18350.1469   0.2372%
       598     15132.82     15391.07   -18393.6695   -18350.1469   0.2372%
       599     15152.27     15433.15   -18393.6673   -18350.1469   0.2372%
       600     15177.53     15476.50   -18393.6465   -18350.1469   0.2371%
       601     15199.45     15517.73   -18393.6461   -18350.1469   0.2371%
       602     15225.49     15560.76   -18393.6459   -18350.1469   0.2370%
       603     15241.74     15602.58   -18393.6446   -18350.1469   0.2370%
       604     15264.64     15645.04   -18393.6002   -18350.1469   0.2368%
       605     15290.72     15688.16   -18393.5925   -18350.1469   0.2368%
       606     15303.85     15727.47   -18393.5925   -18350.1469   0.2368%
       607     15320.66     15768.33   -18393.5852   -18350.1469   0.2367%
       608     15339.59     15810.90   -18393.5828   -18350.1469   0.2367%
       609     15351.48     15849.51   -18393.5828   -18350.1469   0.2367%
       610     15369.68     15892.17   -18393.5040   -18350.1469   0.2363%
       611     15391.27     15934.41   -18393.5040   -18350.1469   0.2363%
       612     15415.14     15977.53   -18393.4592   -18350.1469   0.2360%
       613     15436.90     16020.71   -18393.4465   -18350.1469   0.2360%
       614     15460.44     16064.19   -18393.4414   -18350.1469   0.2359%
       615     15481.86     16107.21   -18393.4393   -18350.1469   0.2359%
       616     15506.38     16152.02   -18393.4392   -18350.1469   0.2359%
       617     15532.76     16195.96   -18393.4005   -18350.1469   0.2357%
       618     15550.67     16238.27   -18393.3924   -18350.1469   0.2357%
       619     15572.13     16281.18   -18393.3924   -18350.1469   0.2357%
       620     15597.90     16325.70   -18393.3924   -18350.1469   0.2357%
       621     15622.88     16369.59   -18393.3885   -18350.1469   0.2356%
       622     15644.27     16412.29   -18393.3683   -18350.1469   0.2355%
       623     15656.45     16451.15   -18393.3684   -18350.1469   0.2355%
       624     15679.24     16494.24   -18393.3608   -18350.1469   0.2355%
       625     15705.87     16538.49   -18393.3608   -18350.1469   0.2355%
       626     15725.71     16580.90   -18393.3383   -18350.1469   0.2354%
       627     15746.01     16623.73   -18393.3309   -18350.1469   0.2353%
       628     15773.06     16667.77   -18393.3114   -18350.1469   0.2352%
       629     15791.71     16710.68   -18393.3091   -18350.1469   0.2352%
       630     15818.11     16754.98   -18393.3091   -18350.1469   0.2352%
       631     15842.91     16799.23   -18393.3044   -18350.1469   0.2352%
       632     15862.11     16842.63   -18393.2850   -18350.1469   0.2351%
       633     15885.35     16886.74   -18393.2850   -18350.1469   0.2351%
       634     15911.76     16931.53   -18393.2654   -18350.1469   0.2350%
       635     15927.80     16974.04   -18393.2349   -18350.1469   0.2348%
       636     15947.81     17017.29   -18393.2000   -18350.1469   0.2346%
       637     15964.43     17060.56   -18393.1700   -18350.1469   0.2345%
       638     15985.34     17104.31   -18393.1641   -18350.1469   0.2344%
       639     16004.03     17147.69   -18393.1302   -18350.1469   0.2342%
       640     16024.42     17191.52   -18393.1262   -18350.1469   0.2342%
       641     16041.62     17234.76   -18393.1230   -18350.1469   0.2342%
       642     16059.47     17278.25   -18393.1152   -18350.1469   0.2342%
       643     16083.94     17322.98   -18393.0919   -18350.1469   0.2340%
       644     16106.02     17366.99   -18393.0755   -18350.1469   0.2339%
       645     16129.03     17410.50   -18393.0497   -18350.1469   0.2338%
       646     16145.92     17453.56   -18393.0373   -18350.1469   0.2337%
       647     16173.95     17499.52   -18393.0329   -18350.1469   0.2337%
       648     16194.86     17543.89   -18393.0268   -18350.1469   0.2337%
       649     16215.40     17588.73   -18393.0098   -18350.1469   0.2336%
       650     16232.94     17631.90   -18392.9951   -18350.1469   0.2335%
       651     16257.24     17678.46   -18392.9905   -18350.1469   0.2335%
       652     16279.64     17723.20   -18392.9588   -18350.1469   0.2333%
       653     16300.62     17768.05   -18392.9322   -18350.1469   0.2332%
       654     16321.95     17812.80   -18392.9247   -18350.1469   0.2331%
       655     16348.57     17860.44   -18392.9107   -18350.1469   0.2330%
       656     16369.02     17904.44   -18392.9072   -18350.1469   0.2330%
       657     16388.03     17949.80   -18392.8837   -18350.1469   0.2329%
       658     16404.80     17993.28   -18392.8754   -18350.1469   0.2329%
       659     16428.62     18039.14   -18392.8754   -18350.1469   0.2329%
       660     16452.56     18084.42   -18392.8648   -18350.1469   0.2328%
       661     16469.51     18128.93   -18392.8528   -18350.1469   0.2327%
       662     16482.36     18170.35   -18392.8528   -18350.1469   0.2327%
       663     16498.17     18214.02   -18392.8463   -18350.1469   0.2327%
       664     16520.83     18261.69   -18392.8237   -18350.1469   0.2326%
       665     16542.43     18306.94   -18392.8211   -18350.1469   0.2326%
       666     16568.32     18354.58   -18392.7425   -18350.1469   0.2321%
       667     16587.72     18399.59   -18392.7257   -18350.1469   0.2320%
       668     16612.98     18445.88   -18392.6658   -18350.1469   0.2317%
       669     16638.46     18491.88   -18392.6658   -18350.1469   0.2317%
       670     16661.66     18537.42   -18392.6658   -18350.1469   0.2317%
       671     16684.40     18583.03   -18392.6658   -18350.1469   0.2317%
       672     16709.17     18628.86   -18392.6485   -18350.1469   0.2316%
       673     16731.23     18674.00   -18392.6502   -18350.1469   0.2316%
       674     16741.26     18716.33   -18392.6485   -18350.1469   0.2316%
       675     16763.42     18761.86   -18392.6243   -18350.1469   0.2315%
       676     16786.92     18808.74   -18392.6216   -18350.1469   0.2315%
       677     16809.86     18855.50   -18392.6154   -18350.1469   0.2314%
       678     16834.00     18901.89   -18392.5956   -18350.1469   0.2313%
       679     16852.73     18947.66   -18392.5937   -18350.1469   0.2313%
       680     16877.18     18994.58   -18392.5932   -18350.1469   0.2313%
       681     16889.55     19037.12   -18392.5932   -18350.1469   0.2313%
       682     16906.81     19082.30   -18392.5115   -18350.1469   0.2309%
       683     16929.54     19129.53   -18392.5115   -18350.1469   0.2309%
       684     16952.60     19177.50   -18392.4871   -18350.1469   0.2307%
       685     16980.14     19225.45   -18392.4539   -18350.1469   0.2306%
       686     17001.40     19271.06   -18392.4539   -18350.1469   0.2306%
       687     17012.39     19313.97   -18392.4539   -18350.1469   0.2306%
       688     17034.29     19360.32   -18392.4444   -18350.1469   0.2305%
       689     17057.09     19407.09   -18392.4113   -18350.1469   0.2303%
       690     17074.74     19452.05   -18392.3970   -18350.1469   0.2302%
       691     17092.43     19498.19   -18392.3958   -18350.1469   0.2302%
       692     17116.31     19544.70   -18392.3917   -18350.1469   0.2302%
       693     17134.67     19590.79   -18392.3744   -18350.1469   0.2301%
       694     17153.94     19636.77   -18392.3539   -18350.1469   0.2300%
       695     17181.29     19685.00   -18392.3350   -18350.1469   0.2299%
       696     17199.80     19732.85   -18392.3238   -18350.1469   0.2298%
       697     17227.71     19781.19   -18392.3070   -18350.1469   0.2298%
       698     17250.55     19828.72   -18392.3002   -18350.1469   0.2297%
       699     17275.73     19876.69   -18392.3002   -18350.1469   0.2297%
       700     17301.04     19924.23   -18392.2850   -18350.1469   0.2296%
       701     17321.32     19971.90   -18392.2752   -18350.1469   0.2296%
       702     17345.24     20019.19   -18392.2752   -18350.1469   0.2296%
       703     17357.10     20065.05   -18392.2752   -18350.1469   0.2296%
       704     17374.99     20111.89   -18392.2742   -18350.1469   0.2296%
       705     17399.47     20161.67   -18392.2152   -18350.1469   0.2293%
       706     17420.48     20209.52   -18392.2135   -18350.1469   0.2292%
       707     17442.45     20259.21   -18392.2098   -18350.1469   0.2292%
       708     17467.75     20308.03   -18392.2002   -18350.1469   0.2292%
       709     17490.72     20355.41   -18392.2000   -18350.1469   0.2292%
       710     17514.81     20403.39   -18392.1991   -18350.1469   0.2292%
       711     17537.95     20451.59   -18392.1991   -18350.1469   0.2292%
       712     17564.62     20499.89   -18392.1991   -18350.1469   0.2292%
       713     17591.48     20549.83   -18392.1907   -18350.1469   0.2291%
       714     17612.00     20597.00   -18392.1907   -18350.1469   0.2291%
       715     17633.51     20644.04   -18392.1879   -18350.1469   0.2291%
       716     17653.34     20691.37   -18392.1563   -18350.1469   0.2289%
       717     17675.65     20739.35   -18392.1563   -18350.1469   0.2289%
       718     17704.47     20789.46   -18392.1563   -18350.1469   0.2289%
       719     17727.65     20838.25   -18392.1534   -18350.1469   0.2289%
       720     17745.50     20887.97   -18392.1120   -18350.1469   0.2287%
       721     17766.10     20935.01   -18392.0930   -18350.1469   0.2286%
       722     17783.82     20984.53   -18392.0895   -18350.1469   0.2286%
       723     17807.05     21033.45   -18392.0895   -18350.1469   0.2286%
       724     17831.25     21082.38   -18392.0852   -18350.1469   0.2285%
       725     17853.09     21131.33   -18392.0570   -18350.1469   0.2284%
       726     17875.46     21179.70   -18392.0449   -18350.1469   0.2283%
       727     17900.42     21228.84   -18392.0449   -18350.1469   0.2283%
       728     17926.57     21277.72   -18392.0449   -18350.1469   0.2283%
       729     17954.11     21328.56   -18392.0449   -18350.1469   0.2283%
       730     17979.15     21377.43   -18392.0425   -18350.1469   0.2283%
       731     18003.29     21427.05   -18392.0395   -18350.1469   0.2283%
       732     18029.13     21476.73   -18392.0395   -18350.1469   0.2283%
       733     18054.67     21528.72   -18392.0146   -18350.1469   0.2282%
       734     18074.01     21577.74   -18392.0115   -18350.1469   0.2281%
       735     18091.83     21626.55   -18392.0075   -18350.1469   0.2281%
       736     18110.50     21674.67   -18391.9980   -18350.1469   0.2281%
       737     18130.14     21726.29   -18391.9843   -18350.1469   0.2280%
       738     18148.75     21775.49   -18391.9603   -18350.1469   0.2279%
       739     18170.20     21827.51   -18391.9536   -18350.1469   0.2278%
       740     18189.37     21877.39   -18391.9460   -18350.1469   0.2278%
       741     18212.61     21926.46   -18391.9460   -18350.1469   0.2278%
       742     18235.42     21976.79   -18391.8951   -18350.1469   0.2275%
       743     18257.66     22025.66   -18391.8908   -18350.1469   0.2275%
       744     18279.52     22076.06   -18391.8851   -18350.1469   0.2275%
       745     18301.65     22125.47   -18391.8831   -18350.1469   0.2274%
       746     18329.02     22178.76   -18391.8782   -18350.1469   0.2274%
       747     18347.10     22227.48   -18391.8723   -18350.1469   0.2274%
       748     18371.29     22277.84   -18391.8723   -18350.1469   0.2274%
       749     18383.02     22323.82   -18391.8723   -18350.1469   0.2274%
       750     18400.66     22372.84   -18391.8325   -18350.1469   0.2272%
       751     18424.81     22422.78   -18391.8294   -18350.1469   0.2272%
       752     18444.25     22473.20   -18391.8148   -18350.1469   0.2271%
       753     18461.52     22522.99   -18391.7996   -18350.1469   0.2270%
       754     18487.03     22575.52   -18391.7866   -18350.1469   0.2269%
       755     18511.61     22626.41   -18391.7385   -18350.1469   0.2267%
       756     18536.15     22676.62   -18391.7189   -18350.1469   0.2265%
       757     18553.24     22726.31   -18391.7129   -18350.1469   0.2265%
       758     18576.87     22777.11   -18391.7092   -18350.1469   0.2265%
       759     18587.23     22823.81   -18391.7092   -18350.1469   0.2265%
       760     18604.91     22872.15   -18391.7085   -18350.1469   0.2265%
       761     18627.82     22922.87   -18391.7033   -18350.1469   0.2265%
       762     18646.58     22973.08   -18391.6929   -18350.1469   0.2264%
       763     18664.34     23024.79   -18391.6891   -18350.1469   0.2264%
       764     18688.96     23075.70   -18391.6875   -18350.1469   0.2264%
       765     18713.43     23128.53   -18391.6634   -18350.1469   0.2262%
       766     18736.32     23179.87   -18391.6634   -18350.1469   0.2262%
       767     18762.20     23231.56   -18391.6608   -18350.1469   0.2262%
       768     18789.35     23283.78   -18391.6547   -18350.1469   0.2262%
       769     18817.79     23335.59   -18391.6417   -18350.1469   0.2261%
       770     18841.86     23389.35   -18391.6190   -18350.1469   0.2260%
       771     18863.48     23439.63   -18391.5581   -18350.1469   0.2257%
       772     18875.07     23487.25   -18391.5581   -18350.1469   0.2257%
       773     18892.82     23537.88   -18391.5081   -18350.1469   0.2254%
       774     18915.55     23590.73   -18391.4671   -18350.1469   0.2252%
       775     18933.79     23641.46   -18391.4645   -18350.1469   0.2252%
       776     18953.32     23692.13   -18391.4482   -18350.1469   0.2251%
       777     18977.76     23746.34   -18391.4482   -18350.1469   0.2251%
       778     19001.25     23797.74   -18391.4425   -18350.1469   0.2250%
       779     19019.36     23848.95   -18391.4340   -18350.1469   0.2250%
       780     19040.73     23900.49   -18391.4148   -18350.1469   0.2249%
       781     19061.45     23954.74   -18391.3977   -18350.1469   0.2248%
       782     19084.08     24006.86   -18391.3977   -18350.1469   0.2248%
       783     19093.65     24053.67   -18391.3977   -18350.1469   0.2248%
       784     19114.73     24108.12   -18391.3558   -18350.1469   0.2246%
       785     19135.93     24159.65   -18391.3376   -18350.1469   0.2245%
       786     19155.14     24211.52   -18391.3339   -18350.1469   0.2245%
       787     19174.10     24263.22   -18391.3336   -18350.1469   0.2244%
       788     19184.29     24312.87   -18391.3336   -18350.1469   0.2244%
       789     19200.74     24364.30   -18391.3332   -18350.1469   0.2244%
       790     19227.04     24417.54   -18391.3332   -18350.1469   0.2244%
       791     19252.56     24473.11   -18391.3170   -18350.1469   0.2244%
       792     19273.77     24524.51   -18391.2856   -18350.1469   0.2242%
       793     19293.00     24577.93   -18391.2856   -18350.1469   0.2242%
       794     19305.70     24626.66   -18391.2856   -18350.1469   0.2242%
       795     19325.09     24679.93   -18391.2627   -18350.1469   0.2241%
       796     19354.00     24734.35   -18391.2627   -18350.1469   0.2241%
       797     19379.35     24786.59   -18391.2528   -18350.1469   0.2240%
       798     19402.93     24841.52   -18391.2398   -18350.1469   0.2239%
       799     19425.63     24893.93   -18391.2398   -18350.1469   0.2239%
       800     19435.21     24942.38   -18391.2398   -18350.1469   0.2239%
       801     19454.09     24994.88   -18391.2397   -18350.1469   0.2239%
       802     19472.27     25048.21   -18391.2376   -18350.1469   0.2239%
       803     19487.93     25099.68   -18391.2299   -18350.1469   0.2239%
       804     19504.63     25150.81   -18391.2171   -18350.1469   0.2238%
       805     19516.09     25200.46   -18391.2171   -18350.1469   0.2238%
       806     19538.31     25252.87   -18391.2118   -18350.1469   0.2238%
       807     19555.22     25304.68   -18391.2015   -18350.1469   0.2237%
       808     19581.75     25358.51   -18391.1780   -18350.1469   0.2236%
       809     19604.10     25413.16   -18391.1780   -18350.1469   0.2236%
       810     19626.55     25467.03   -18391.1767   -18350.1469   0.2236%
       811     19647.52     25519.62   -18391.1630   -18350.1469   0.2235%
       812     19668.61     25575.71   -18391.1256   -18350.1469   0.2233%
       813     19686.67     25628.49   -18391.1062   -18350.1469   0.2232%
       814     19712.56     25684.24   -18391.1023   -18350.1469   0.2232%
       815     19732.31     25737.45   -18391.0886   -18350.1469   0.2231%
       816     19755.12     25793.29   -18391.0872   -18350.1469   0.2231%
       817     19773.44     25845.99   -18391.0863   -18350.1469   0.2231%
       818     19793.69     25898.66   -18391.0774   -18350.1469   0.2231%
       819     19812.33     25954.19   -18391.0627   -18350.1469   0.2230%
       820     19836.15     26007.38   -18391.0375   -18350.1469   0.2228%
       821     19855.99     26059.90   -18391.0070   -18350.1469   0.2227%
       822     19879.74     26113.72   -18391.0047   -18350.1469   0.2227%
       823     19900.73     26167.39   -18390.9917   -18350.1469   0.2226%
       824     19923.78     26221.38   -18390.9749   -18350.1469   0.2225%
       825     19950.83     26275.86   -18390.9539   -18350.1469   0.2224%
       826     19978.49     26330.81   -18390.9435   -18350.1469   0.2223%
       827     20000.46     26384.33   -18390.9313   -18350.1469   0.2223%
       828     20019.51     26439.65   -18390.9308   -18350.1469   0.2223%
       829     20047.07     26494.55   -18390.8941   -18350.1469   0.2221%
       830     20068.32     26548.33   -18390.8907   -18350.1469   0.2220%
       831     20092.59     26605.51   -18390.8836   -18350.1469   0.2220%
       832     20114.57     26658.84   -18390.8641   -18350.1469   0.2219%
       833     20133.06     26713.51   -18390.8495   -18350.1469   0.2218%
       834     20153.23     26768.13   -18390.8427   -18350.1469   0.2218%
       835     20177.02     26821.79   -18390.8427   -18350.1469   0.2218%
       836     20200.56     26877.75   -18390.8241   -18350.1469   0.2217%
       837     20222.97     26931.36   -18390.8161   -18350.1469   0.2216%
       838     20241.91     26987.94   -18390.8111   -18350.1469   0.2216%
       839     20264.54     27041.78   -18390.8012   -18350.1469   0.2215%
       840     20289.49     27098.78   -18390.8012   -18350.1469   0.2215%
       841     20311.25     27153.74   -18390.7902   -18350.1469   0.2215%
       842     20330.53     27207.45   -18390.7831   -18350.1469   0.2214%
       843     20352.35     27264.47   -18390.7574   -18350.1469   0.2213%
       844     20371.53     27318.60   -18390.7525   -18350.1469   0.2213%
       845     20394.89     27375.44   -18390.7525   -18350.1469   0.2213%
       846     20421.85     27431.88   -18390.7231   -18350.1469   0.2211%
       847     20433.90     27482.54   -18390.7232   -18350.1469   0.2211%
       848     20451.54     27537.10   -18390.6916   -18350.1469   0.2210%
       849     20469.94     27590.11   -18390.6877   -18350.1469   0.2209%
       850     20492.68     27646.07   -18390.6877   -18350.1469   0.2209%
       851     20517.87     27701.17   -18390.6802   -18350.1469   0.2209%
       852     20537.28     27754.64   -18390.6541   -18350.1469   0.2207%
       853     20554.95     27808.73   -18390.6525   -18350.1469   0.2207%
       854     20569.72     27860.96   -18390.6057   -18350.1469   0.2205%
       855     20594.42     27917.70   -18390.5617   -18350.1469   0.2202%
       856     20613.18     27972.11   -18390.5583   -18350.1469   0.2202%
       857     20624.64     28022.45   -18390.5582   -18350.1469   0.2202%
       858     20648.45     28077.99   -18390.5564   -18350.1469   0.2202%
       859     20672.39     28132.93   -18390.5397   -18350.1469   0.2201%
       860     20694.30     28191.72   -18390.5288   -18350.1469   0.2201%
       861     20719.41     28247.50   -18390.5288   -18350.1469   0.2201%
       862     20731.75     28298.26   -18390.5289   -18350.1469   0.2201%
       863     20755.79     28355.52   -18390.4989   -18350.1469   0.2199%
       864     20777.09     28410.04   -18390.4989   -18350.1469   0.2199%
       865     20802.44     28467.80   -18390.4915   -18350.1469   0.2199%
       866     20820.62     28522.45   -18390.4540   -18350.1469   0.2197%
       867     20844.84     28577.64   -18390.4372   -18350.1469   0.2196%
       868     20869.26     28633.67   -18390.4251   -18350.1469   0.2195%
       869     20891.58     28688.56   -18390.4084   -18350.1469   0.2194%
       870     20915.68     28747.47   -18390.3993   -18350.1469   0.2194%
       871     20939.83     28802.74   -18390.3953   -18350.1469   0.2193%
       872     20962.01     28859.80   -18390.3936   -18350.1469   0.2193%
       873     20980.75     28915.67   -18390.3819   -18350.1469   0.2193%
       874     21006.52     28971.26   -18390.3819   -18350.1469   0.2193%
       875     21031.50     29029.94   -18390.3819   -18350.1469   0.2193%
       876     21056.41     29085.83   -18390.3819   -18350.1469   0.2193%
       877     21079.19     29143.10   -18390.3612   -18350.1469   0.2191%
       878     21096.22     29198.50   -18390.3506   -18350.1469   0.2191%
       879     21118.10     29253.36   -18390.2584   -18350.1469   0.2186%
       880     21136.37     29311.41   -18390.2544   -18350.1469   0.2186%
       881     21157.29     29367.25   -18390.2536   -18350.1469   0.2186%
       882     21175.17     29424.53   -18390.2360   -18350.1469   0.2185%
       883     21199.11     29481.24   -18390.2331   -18350.1469   0.2185%
       884     21214.89     29535.12   -18390.2179   -18350.1469   0.2184%
       885     21241.34     29595.03   -18390.2120   -18350.1469   0.2183%
       886     21262.97     29650.65   -18390.2094   -18350.1469   0.2183%
       887     21281.78     29708.48   -18390.1780   -18350.1469   0.2182%
       888     21302.09     29764.88   -18390.1696   -18350.1469   0.2181%
       889     21319.69     29819.43   -18390.1496   -18350.1469   0.2180%
       890     21344.57     29876.26   -18390.1358   -18350.1469   0.2179%
       891     21368.00     29933.22   -18390.1232   -18350.1469   0.2179%
       892     21393.60     29992.67   -18390.1232   -18350.1469   0.2179%
       893     21417.58     30049.10   -18390.0996   -18350.1469   0.2177%
       894     21440.81     30105.15   -18390.0969   -18350.1469   0.2177%
       895     21460.11     30164.34   -18390.0958   -18350.1469   0.2177%
       896     21483.50     30221.03   -18390.0943   -18350.1469   0.2177%
       897     21502.01     30278.43   -18390.0827   -18350.1469   0.2176%
       898     21522.21     30334.69   -18390.0770   -18350.1469   0.2176%
       899     21542.44     30390.81   -18390.0723   -18350.1469   0.2176%
       900     21562.53     30449.62   -18390.0543   -18350.1469   0.2175%
       901     21587.63     30507.29   -18390.0543   -18350.1469   0.2175%
       902     21611.13     30567.29   -18390.0543   -18350.1469   0.2175%
       903     21623.81     30621.96   -18390.0543   -18350.1469   0.2175%
       904     21648.40     30680.38   -18390.0300   -18350.1469   0.2173%
       905     21673.67     30740.44   -18390.0300   -18350.1469   0.2173%
       906     21697.17     30798.28   -18390.0300   -18350.1469   0.2173%
       907     21720.36     30855.01   -18390.0300   -18350.1469   0.2173%
       908     21744.03     30915.86   -18390.0095   -18350.1469   0.2172%
       909     21765.56     30973.10   -18390.0094   -18350.1469   0.2172%
       910     21791.42     31033.61   -18390.0094   -18350.1469   0.2172%
       911     21814.53     31091.71   -18389.9997   -18350.1469   0.2172%
       912     21831.95     31148.81   -18389.9845   -18350.1469   0.2171%
       913     21851.21     31209.16   -18389.9515   -18350.1469   0.2169%
       914     21869.63     31266.79   -18389.9504   -18350.1469   0.2169%
       915     21885.75     31325.55   -18389.9498   -18350.1469   0.2169%
       916     21912.89     31384.82   -18389.9474   -18350.1469   0.2169%
       917     21933.42     31441.95   -18389.9380   -18350.1469   0.2168%
       918     21951.94     31502.95   -18389.9323   -18350.1469   0.2168%
       919     21974.75     31561.46   -18389.8890   -18350.1469   0.2166%
       920     21996.75     31621.66   -18389.8671   -18350.1469   0.2165%
       921     22014.61     31679.34   -18389.8668   -18350.1469   0.2165%
       922     22036.54     31737.73   -18389.8668   -18350.1469   0.2165%
       923     22059.68     31799.18   -18389.8622   -18350.1469   0.2164%
       924     22077.71     31857.78   -18389.8557   -18350.1469   0.2164%
       925     22100.55     31918.85   -18389.8557   -18350.1469   0.2164%
       926     22123.29     31977.89   -18389.8557   -18350.1469   0.2164%
       927     22144.53     32035.90   -18389.8557   -18350.1469   0.2164%
       928     22164.52     32096.89   -18389.8531   -18350.1469   0.2164%
       929     22191.88     32157.62   -18389.8413   -18350.1469   0.2163%
       930     22212.05     32215.45   -18389.8411   -18350.1469   0.2163%
       931     22234.75     32277.00   -18389.8160   -18350.1469   0.2162%
       932     22246.31     32332.51   -18389.8160   -18350.1469   0.2162%
       933     22265.91     32394.04   -18389.7969   -18350.1469   0.2161%
       934     22287.84     32453.46   -18389.7823   -18350.1469   0.2160%
       935     22307.30     32512.29   -18389.7794   -18350.1469   0.2160%
       936     22327.47     32574.08   -18389.7775   -18350.1469   0.2160%
       937     22350.36     32634.47   -18389.7614   -18350.1469   0.2159%
       938     22369.00     32692.58   -18389.7498   -18350.1469   0.2158%
       939     22392.17     32753.52   -18389.7463   -18350.1469   0.2158%
       940     22417.07     32813.32   -18389.7401   -18350.1469   0.2158%
       941     22441.98     32875.64   -18389.7367   -18350.1469   0.2157%
       942     22465.92     32936.43   -18389.7263   -18350.1469   0.2157%
       943     22489.34     32995.65   -18389.7213   -18350.1469   0.2157%
       944     22511.11     33057.95   -18389.7083   -18350.1469   0.2156%
       945     22538.79     33119.12   -18389.6793   -18350.1469   0.2154%
       946     22565.49     33179.51   -18389.6716   -18350.1469   0.2154%
       947     22583.17     33241.10   -18389.6703   -18350.1469   0.2154%
       948     22592.64     33296.09   -18389.6703   -18350.1469   0.2154%
       949     22618.66     33362.37   -18389.6590   -18350.1469   0.2153%
       950     22641.72     33422.92   -18389.6422   -18350.1469   0.2152%
       951     22663.07     33482.81   -18389.6004   -18350.1469   0.2150%
       952     22681.81     33545.52   -18389.5961   -18350.1469   0.2150%
       953     22703.42     33605.76   -18389.5835   -18350.1469   0.2149%
       954     22730.76     33666.09   -18389.5820   -18350.1469   0.2149%
       955     22753.55     33728.95   -18389.5803   -18350.1469   0.2149%
       956     22775.22     33788.59   -18389.5660   -18350.1469   0.2148%
       957     22799.65     33851.34   -18389.5640   -18350.1469   0.2148%
       958     22821.84     33912.38   -18389.4789   -18350.1469   0.2143%
       959     22839.19     33971.05   -18389.4648   -18350.1469   0.2143%
       960     22864.45     34035.62   -18389.4642   -18350.1469   0.2143%
       961     22884.04     34096.14   -18389.4362   -18350.1469   0.2141%
       962     22902.11     34155.16   -18389.4354   -18350.1469   0.2141%
       963     22923.57     34218.82   -18389.4197   -18350.1469   0.2140%
       964     22940.18     34278.55   -18389.4156   -18350.1469   0.2140%
       965     22961.76     34341.65   -18389.4124   -18350.1469   0.2140%
       966     22986.47     34403.51   -18389.4124   -18350.1469   0.2140%
       967     23004.99     34462.60   -18389.4027   -18350.1469   0.2139%
       968     23028.59     34527.08   -18389.4027   -18350.1469   0.2139%
       969     23052.90     34588.53   -18389.3950   -18350.1469   0.2139%
       970     23077.45     34652.37   -18389.3876   -18350.1469   0.2138%
       971     23100.70     34715.77   -18389.3847   -18350.1469   0.2138%
       972     23118.77     34775.81   -18389.3838   -18350.1469   0.2138%
       973     23141.97     34838.66   -18389.3740   -18350.1469   0.2138%
       974     23162.56     34899.44   -18389.3518   -18350.1469   0.2136%
       975     23183.32     34962.62   -18389.3518   -18350.1469   0.2136%
       976     23205.68     35026.85   -18389.3480   -18350.1469   0.2136%
       977     23234.73     35089.43   -18389.3450   -18350.1469   0.2136%
       978     23252.99     35152.72   -18389.3444   -18350.1469   0.2136%
       979     23278.41     35215.74   -18389.3396   -18350.1469   0.2136%
       980     23302.26     35277.20   -18389.3244   -18350.1469   0.2135%
       981     23326.89     35341.37   -18389.3244   -18350.1469   0.2135%
       982     23339.58     35399.82   -18389.3244   -18350.1469   0.2135%
       983     23366.05     35462.15   -18389.3211   -18350.1469   0.2135%
       984     23389.12     35527.00   -18389.3207   -18350.1469   0.2135%
       985     23411.42     35589.21   -18389.3203   -18350.1469   0.2135%
       986     23436.79     35651.34   -18389.3203   -18350.1469   0.2135%
       987     23459.33     35716.04   -18389.2806   -18350.1469   0.2133%
       988     23480.06     35778.05   -18389.2773   -18350.1469   0.2132%
       989     23495.25     35840.14   -18389.2498   -18350.1469   0.2131%
       990     23517.42     35904.58   -18389.2331   -18350.1469   0.2130%
       991     23535.75     35965.49   -18389.1942   -18350.1469   0.2128%
       992     23552.53     36028.42   -18389.1928   -18350.1469   0.2128%
       993     23570.84     36090.13   -18389.1815   -18350.1469   0.2127%
       994     23596.05     36152.59   -18389.1815   -18350.1469   0.2127%
       995     23606.41     36213.59   -18389.1822   -18350.1469   0.2127%
       996     23630.11     36275.86   -18389.1787   -18350.1469   0.2127%
       997     23656.06     36341.68   -18389.1787   -18350.1469   0.2127%
       998     23668.34     36403.24   -18389.1787   -18350.1469   0.2127%
       999     23688.46     36465.29   -18389.1770   -18350.1469   0.2127%
      1000     23712.78     36530.43   -18389.1579   -18350.1469   0.2126%
      1001     23737.03     36593.94   -18389.1549   -18350.1469   0.2126%
      1002     23761.08     36656.57   -18389.1189   -18350.1469   0.2124%
      1003     23777.45     36719.66   -18389.1048   -18350.1469   0.2123%
      1004     23802.26     36783.28   -18389.1011   -18350.1469   0.2123%
      1005     23819.65     36844.40   -18389.0957   -18350.1469   0.2123%
      1006     23838.62     36910.98   -18389.0892   -18350.1469   0.2122%
      1007     23861.78     36974.44   -18389.0781   -18350.1469   0.2122%
      1008     23879.80     37038.66   -18389.0495   -18350.1469   0.2120%
      1009     23900.94     37105.38   -18389.0282   -18350.1469   0.2119%
      1010     23925.40     37169.19   -18389.0248   -18350.1469   0.2119%
      1011     23949.88     37232.43   -18389.0216   -18350.1469   0.2118%
      1012     23970.45     37298.59   -18389.0006   -18350.1469   0.2117%
      1013     23993.75     37361.36   -18388.9857   -18350.1469   0.2117%
      1014     24013.38     37425.83   -18388.9802   -18350.1469   0.2116%
      1015     24024.20     37487.65   -18388.9801   -18350.1469   0.2116%
      1016     24040.76     37550.43   -18388.9646   -18350.1469   0.2115%
      1017     24061.09     37616.21   -18388.9560   -18350.1469   0.2115%
      1018     24085.29     37680.83   -18388.9511   -18350.1469   0.2115%
      1019     24111.11     37744.57   -18388.9459   -18350.1469   0.2114%
      1020     24132.41     37813.33   -18388.9451   -18350.1469   0.2114%
      1021     24154.79     37876.83   -18388.9424   -18350.1469   0.2114%
      1022     24166.50     37935.92   -18388.9424   -18350.1469   0.2114%
      1023     24184.84     38001.54   -18388.9422   -18350.1469   0.2114%
      1024     24207.96     38065.55   -18388.9422   -18350.1469   0.2114%
      1025     24219.35     38124.72   -18388.9422   -18350.1469   0.2114%
      1026     24239.35     38191.38   -18388.9418   -18350.1469   0.2114%
      1027     24257.59     38254.60   -18388.9321   -18350.1469   0.2114%
      1028     24276.11     38317.31   -18388.9316   -18350.1469   0.2114%
      1029     24295.66     38383.13   -18388.9314   -18350.1469   0.2114%
      1030     24318.50     38446.79   -18388.9184   -18350.1469   0.2113%
      1031     24341.36     38512.73   -18388.9133   -18350.1469   0.2113%
      1032     24361.69     38580.05   -18388.8844   -18350.1469   0.2111%
      1033     24385.40     38644.16   -18388.8775   -18350.1469   0.2111%
      1034     24408.60     38710.57   -18388.8489   -18350.1469   0.2109%
      1035     24432.85     38775.40   -18388.8390   -18350.1469   0.2109%
      1036     24455.69     38839.80   -18388.8390   -18350.1469   0.2109%
      1037     24477.59     38905.90   -18388.8349   -18350.1469   0.2108%
      1038     24499.23     38969.70   -18388.8349   -18350.1469   0.2108%
      1039     24524.26     39034.40   -18388.7996   -18350.1469   0.2106%
      1040     24552.01     39105.20   -18388.7996   -18350.1469   0.2106%
      1041     24573.58     39169.35   -18388.7996   -18350.1469   0.2106%
      1042     24594.73     39232.82   -18388.7996   -18350.1469   0.2106%
      1043     24617.96     39300.43   -18388.7885   -18350.1469   0.2106%
      1044     24640.72     39365.08   -18388.7854   -18350.1469   0.2106%
      1045     24657.53     39430.67   -18388.7612   -18350.1469   0.2104%
      1046     24675.35     39497.07   -18388.7544   -18350.1469   0.2104%
      1047     24695.75     39561.73   -18388.7518   -18350.1469   0.2104%
      1048     24722.43     39627.07   -18388.7498   -18350.1469   0.2104%
      1049     24738.56     39693.74   -18388.7485   -18350.1469   0.2104%
      1050     24758.98     39758.06   -18388.7092   -18350.1469   0.2101%
      1051     24775.65     39825.08   -18388.7075   -18350.1469   0.2101%
      1052     24801.91     39891.45   -18388.7052   -18350.1469   0.2101%
      1053     24817.04     39954.49   -18388.6874   -18350.1469   0.2100%
      1054     24838.08     40022.97   -18388.6874   -18350.1469   0.2100%
      1055     24864.47     40089.31   -18388.6869   -18350.1469   0.2100%
      1056     24884.70     40153.73   -18388.6869   -18350.1469   0.2100%
      1057     24908.82     40221.50   -18388.6869   -18350.1469   0.2100%
      1058     24931.48     40287.78   -18388.6629   -18350.1469   0.2099%
      1059     24949.95     40352.67   -18388.6585   -18350.1469   0.2099%
      1060     24974.57     40420.60   -18388.6585   -18350.1469   0.2099%
      1061     24996.37     40485.86   -18388.6340   -18350.1469   0.2097%
      1062     25012.86     40550.05   -18388.6335   -18350.1469   0.2097%
      1063     25036.80     40621.58   -18388.6256   -18350.1469   0.2097%
      1064     25055.42     40686.91   -18388.6069   -18350.1469   0.2096%
      1065     25077.51     40751.85   -18388.6059   -18350.1469   0.2096%
      1066     25100.68     40821.16   -18388.5987   -18350.1469   0.2095%
      1067     25113.48     40883.72   -18388.5987   -18350.1469   0.2095%
      1068     25135.42     40949.37   -18388.5772   -18350.1469   0.2094%
      1069     25154.90     41019.32   -18388.5610   -18350.1469   0.2093%
      1070     25174.40     41086.27   -18388.5530   -18350.1469   0.2093%
      1071     25200.55     41152.78   -18388.5502   -18350.1469   0.2093%
      1072     25219.19     41223.95   -18388.5429   -18350.1469   0.2092%
      1073     25242.93     41289.84   -18388.5413   -18350.1469   0.2092%
      1074     25258.71     41353.76   -18388.5249   -18350.1469   0.2091%
      1075     25275.32     41423.58   -18388.5107   -18350.1469   0.2091%
      1076     25292.91     41488.81   -18388.5056   -18350.1469   0.2090%
      1077     25315.33     41554.63   -18388.5016   -18350.1469   0.2090%
      1078     25332.61     41622.21   -18388.4991   -18350.1469   0.2090%
      1079     25357.61     41689.08   -18388.4799   -18350.1469   0.2089%
      1080     25379.17     41757.49   -18388.4756   -18350.1469   0.2089%
      1081     25390.17     41822.89   -18388.4756   -18350.1469   0.2089%
      1082     25414.61     41890.52   -18388.4735   -18350.1469   0.2089%
      1083     25439.52     41957.00   -18388.4727   -18350.1469   0.2089%
      1084     25457.36     42026.14   -18388.4712   -18350.1469   0.2088%
      1085     25480.79     42092.77   -18388.4712   -18350.1469   0.2088%
      1086     25490.61     42154.55   -18388.4712   -18350.1469   0.2088%
      1087     25510.25     42224.21   -18388.4601   -18350.1469   0.2088%
      1088     25531.29     42290.57   -18388.4595   -18350.1469   0.2088%
      1089     25549.57     42359.07   -18388.4485   -18350.1469   0.2087%
      1090     25571.94     42426.28   -18388.4470   -18350.1469   0.2087%
      1091     25583.74     42489.02   -18388.4470   -18350.1469   0.2087%
      1092     25604.19     42557.81   -18388.4418   -18350.1469   0.2087%
      1093     25630.41     42628.94   -18388.4418   -18350.1469   0.2087%
      1094     25656.08     42696.66   -18388.4397   -18350.1469   0.2087%
      1095     25678.64     42766.05   -18388.4283   -18350.1469   0.2086%
      1096     25701.10     42835.65   -18388.4177   -18350.1469   0.2086%
      1097     25725.50     42903.43   -18388.4171   -18350.1469   0.2086%
      1098     25748.24     42973.55   -18388.4152   -18350.1469   0.2085%
      1099     25767.56     43044.08   -18388.4090   -18350.1469   0.2085%
      1100     25786.20     43110.70   -18388.3996   -18350.1469   0.2085%
      1101     25808.55     43179.86   -18388.3836   -18350.1469   0.2084%
      1102     25832.21     43251.37   -18388.3563   -18350.1469   0.2082%
      1103     25853.31     43318.75   -18388.3562   -18350.1469   0.2082%
      1104     25875.07     43388.23   -18388.3528   -18350.1469   0.2082%
      1105     25892.95     43458.30   -18388.3501   -18350.1469   0.2082%
      1106     25917.35     43525.93   -18388.3499   -18350.1469   0.2082%
      1107     25933.86     43592.85   -18388.3482   -18350.1469   0.2082%
      1108     25953.76     43663.84   -18388.3473   -18350.1469   0.2082%
      1109     25976.41     43731.73   -18388.3379   -18350.1469   0.2081%
      1110     25997.21     43801.44   -18388.3008   -18350.1469   0.2079%
      1111     26022.66     43873.43   -18388.2435   -18350.1469   0.2076%
      1112     26045.20     43941.75   -18388.2333   -18350.1469   0.2076%
      1113     26063.88     44011.79   -18388.2298   -18350.1469   0.2075%
      1114     26079.46     44081.70   -18388.2116   -18350.1469   0.2074%
      1115     26102.41     44150.29   -18388.2057   -18350.1469   0.2074%
      1116     26124.03     44221.27   -18388.1830   -18350.1469   0.2073%
      1117     26143.29     44292.60   -18388.1610   -18350.1469   0.2072%
      1118     26163.19     44360.65   -18388.1561   -18350.1469   0.2071%
      1119     26188.97     44432.11   -18388.1427   -18350.1469   0.2071%
      1120     26216.64     44504.69   -18388.1366   -18350.1469   0.2070%
      1121     26239.40     44573.64   -18388.1093   -18350.1469   0.2069%
      1122     26256.19     44643.31   -18388.0961   -18350.1469   0.2068%
      1123     26278.76     44714.38   -18388.0917   -18350.1469   0.2068%
      1124     26297.05     44781.92   -18388.0826   -18350.1469   0.2067%
      1125     26318.88     44852.99   -18388.0742   -18350.1469   0.2067%
      1126     26338.79     44924.90   -18388.0738   -18350.1469   0.2067%
      1127     26363.09     44993.89   -18388.0735   -18350.1469   0.2067%
      1128     26383.12     45064.00   -18388.0646   -18350.1469   0.2066%
      1129     26401.01     45134.62   -18388.0540   -18350.1469   0.2066%
      1130     26417.78     45202.49   -18388.0378   -18350.1469   0.2065%
      1131     26440.73     45270.80   -18388.0378   -18350.1469   0.2065%
      1132     26452.40     45339.49   -18388.0378   -18350.1469   0.2065%
      1133     26470.51     45408.41   -18388.0312   -18350.1469   0.2065%
      1134     26484.63     45478.13   -18388.0239   -18350.1469   0.2064%
      1135     26501.16     45549.20   -18388.0158   -18350.1469   0.2064%
      1136     26518.10     45617.65   -18388.0120   -18350.1469   0.2063%
      1137     26542.73     45690.09   -18388.0050   -18350.1469   0.2063%
      1138     26562.77     45762.73   -18388.0020   -18350.1469   0.2063%
      1139     26580.73     45831.39   -18388.0017   -18350.1469   0.2063%
      1140     26595.58     45897.97   -18387.9879   -18350.1469   0.2062%
      1141     26617.04     45971.36   -18387.9805   -18350.1469   0.2062%
      1142     26639.08     46040.80   -18387.9532   -18350.1469   0.2060%
      1143     26660.73     46109.76   -18387.9359   -18350.1469   0.2059%
      1144     26681.63     46183.66   -18387.9359   -18350.1469   0.2059%
      1145     26692.40     46249.92   -18387.9359   -18350.1469   0.2059%
      1146     26713.08     46318.96   -18387.9114   -18350.1469   0.2058%
      1147     26734.83     46393.43   -18387.8905   -18350.1469   0.2057%
      1148     26756.62     46463.53   -18387.8895   -18350.1469   0.2057%
      1149     26776.97     46532.90   -18387.8605   -18350.1469   0.2055%
      1150     26796.93     46604.28   -18387.8434   -18350.1469   0.2054%
      1151     26815.80     46674.11   -18387.8373   -18350.1469   0.2054%
      1152     26838.46     46743.29   -18387.8373   -18350.1469   0.2054%
      1153     26862.59     46819.10   -18387.8373   -18350.1469   0.2054%
      1154     26882.97     46889.04   -18387.8373   -18350.1469   0.2054%
      1155     26904.04     46958.42   -18387.8307   -18350.1469   0.2054%
      1156     26926.29     47030.33   -18387.7838   -18350.1469   0.2051%
      1157     26945.69     47100.74   -18387.7718   -18350.1469   0.2050%
      1158     26965.03     47170.36   -18387.7511   -18350.1469   0.2049%
      1159     26988.45     47243.04   -18387.7480   -18350.1469   0.2049%
      1160     27009.35     47316.34   -18387.7468   -18350.1469   0.2049%
      1161     27036.04     47387.89   -18387.7447   -18350.1469   0.2049%
      1162     27062.94     47459.11   -18387.7334   -18350.1469   0.2048%
      1163     27086.40     47532.75   -18387.7280   -18350.1469   0.2048%
      1164     27104.88     47602.87   -18387.7042   -18350.1469   0.2047%
      1165     27130.42     47673.38   -18387.7039   -18350.1469   0.2047%
      1166     27151.63     47747.93   -18387.6944   -18350.1469   0.2046%
      1167     27178.61     47819.56   -18387.6786   -18350.1469   0.2045%
      1168     27202.10     47889.62   -18387.6719   -18350.1469   0.2045%
      1169     27220.47     47965.39   -18387.6536   -18350.1469   0.2044%
      1170     27246.68     48038.11   -18387.6448   -18350.1469   0.2043%
      1171     27265.27     48107.50   -18387.6333   -18350.1469   0.2043%
      1172     27287.24     48180.21   -18387.6321   -18350.1469   0.2043%
      1173     27309.44     48251.67   -18387.6156   -18350.1469   0.2042%
      1174     27332.45     48322.70   -18387.6064   -18350.1469   0.2041%
      1175     27349.34     48396.08   -18387.6025   -18350.1469   0.2041%
      1176     27371.64     48468.62   -18387.5995   -18350.1469   0.2041%
      1177     27392.20     48538.55   -18387.5955   -18350.1469   0.2041%
      1178     27412.77     48612.14   -18387.5955   -18350.1469   0.2041%
      1179     27437.79     48687.06   -18387.5952   -18350.1469   0.2041%
      1180     27456.45     48757.73   -18387.5834   -18350.1469   0.2040%
      1181     27479.60     48831.66   -18387.5786   -18350.1469   0.2040%
      1182     27501.14     48906.00   -18387.5764   -18350.1469   0.2040%
      1183     27520.10     48977.28   -18387.5638   -18350.1469   0.2039%
      1184     27537.07     49048.07   -18387.5552   -18350.1469   0.2039%
      1185     27558.14     49122.24   -18387.5527   -18350.1469   0.2038%
      1186     27584.17     49195.21   -18387.5475   -18350.1469   0.2038%
      1187     27606.31     49266.72   -18387.5429   -18350.1469   0.2038%
      1188     27626.24     49343.46   -18387.5413   -18350.1469   0.2038%
      1189     27647.17     49415.90   -18387.5243   -18350.1469   0.2037%
      1190     27667.47     49486.81   -18387.5009   -18350.1469   0.2036%
      1191     27690.60     49561.86   -18387.4853   -18350.1469   0.2035%
      1192     27707.74     49633.52   -18387.4829   -18350.1469   0.2035%
      1193     27728.43     49705.53   -18387.4762   -18350.1469   0.2034%
      1194     27751.21     49780.44   -18387.4685   -18350.1469   0.2034%
      1195     27772.50     49852.52   -18387.4269   -18350.1469   0.2032%
      1196     27798.58     49925.41   -18387.4238   -18350.1469   0.2031%
      1197     27818.03     50000.00   -18387.4043   -18350.1469   0.2030%
      1198     27841.34     50075.98   -18387.3939   -18350.1469   0.2030%
      1199     27865.53     50148.65   -18387.3939   -18350.1469   0.2030%
      1200     27889.81     50220.55   -18387.3595   -18350.1469   0.2028%
      1201     27913.91     50299.07   -18387.3595   -18350.1469   0.2028%
      1202     27936.95     50371.71   -18387.3478   -18350.1469   0.2027%
      1203     27957.96     50444.35   -18387.3417   -18350.1469   0.2027%
      1204     27982.37     50523.46   -18387.3411   -18350.1469   0.2027%
      1205     28001.84     50595.80   -18387.3405   -18350.1469   0.2027%
      1206     28024.66     50668.05   -18387.3323   -18350.1469   0.2026%
      1207     28043.28     50742.24   -18387.3209   -18350.1469   0.2026%
      1208     28067.01     50818.50   -18387.3011   -18350.1469   0.2025%
      1209     28087.71     50891.06   -18387.2927   -18350.1469   0.2024%
      1210     28106.85     50966.36   -18387.2674   -18350.1469   0.2023%
      1211     28124.71     51041.29   -18387.2649   -18350.1469   0.2023%
      1212     28151.63     51115.32   -18387.2631   -18350.1469   0.2023%
      1213     28177.02     51188.89   -18387.2624   -18350.1469   0.2023%
      1214     28202.56     51268.28   -18387.2624   -18350.1469   0.2023%
      1215     28223.67     51341.31   -18387.2624   -18350.1469   0.2023%
      1216     28247.88     51414.10   -18387.2485   -18350.1469   0.2022%
      1217     28265.78     51492.88   -18387.2411   -18350.1469   0.2021%
      1218     28284.39     51566.84   -18387.2302   -18350.1469   0.2021%
      1219     28296.11     51635.57   -18387.2302   -18350.1469   0.2021%
      1220     28317.28     51714.97   -18387.2290   -18350.1469   0.2021%
      1221     28341.67     51789.10   -18387.2290   -18350.1469   0.2021%
      1222     28368.39     51864.16   -18387.2290   -18350.1469   0.2021%
      1223     28381.51     51936.55   -18387.2290   -18350.1469   0.2021%
      1224     28402.50     52013.25   -18387.2046   -18350.1469   0.2019%
      1225     28427.64     52088.38   -18387.2017   -18350.1469   0.2019%
      1226     28445.53     52161.02   -18387.1819   -18350.1469   0.2018%
      1227     28473.41     52239.86   -18387.1815   -18350.1469   0.2018%
      1228     28495.35     52313.60   -18387.1793   -18350.1469   0.2018%
      1229     28512.82     52386.40   -18387.1791   -18350.1469   0.2018%
      1230     28535.31     52465.88   -18387.1709   -18350.1469   0.2018%
      1231     28555.64     52540.46   -18387.1613   -18350.1469   0.2017%
      1232     28576.39     52613.85   -18387.1512   -18350.1469   0.2017%
      1233     28603.16     52695.32   -18387.1495   -18350.1469   0.2016%
      1234     28627.93     52770.52   -18387.1360   -18350.1469   0.2016%
      1235     28653.82     52845.20   -18387.1295   -18350.1469   0.2015%
      1236     28675.64     52922.31   -18387.1243   -18350.1469   0.2015%
      1237     28693.34     52999.08   -18387.1079   -18350.1469   0.2014%
      1238     28711.97     53072.99   -18387.1077   -18350.1469   0.2014%
      1239     28736.10     53149.97   -18387.0916   -18350.1469   0.2013%
      1240     28755.43     53229.86   -18387.0856   -18350.1469   0.2013%
      1241     28775.05     53304.15   -18387.0743   -18350.1469   0.2012%
      1242     28787.21     53374.52   -18387.0743   -18350.1469   0.2012%
      1243     28810.15     53455.26   -18387.0742   -18350.1469   0.2012%
      1244     28834.02     53530.67   -18387.0742   -18350.1469   0.2012%
      1245     28858.12     53605.58   -18387.0696   -18350.1469   0.2012%
      1246     28881.40     53682.03   -18387.0544   -18350.1469   0.2011%
      1247     28897.69     53758.40   -18387.0408   -18350.1469   0.2011%
      1248     28926.86     53834.74   -18387.0296   -18350.1469   0.2010%
      1249     28950.88     53909.16   -18386.9630   -18350.1469   0.2006%
      1250     28969.55     53988.41   -18386.9579   -18350.1469   0.2006%
      1251     28986.64     54062.95   -18386.9562   -18350.1469   0.2006%
      1252     29006.35     54136.12   -18386.9518   -18350.1469   0.2006%
      1253     29029.54     54217.40   -18386.9197   -18350.1469   0.2004%
      1254     29052.31     54293.12   -18386.9134   -18350.1469   0.2004%
      1255     29072.15     54366.95   -18386.9027   -18350.1469   0.2003%
      1256     29091.26     54443.66   -18386.8995   -18350.1469   0.2003%
      1257     29114.84     54521.87   -18386.8906   -18350.1469   0.2002%
      1258     29136.89     54597.38   -18386.8873   -18350.1469   0.2002%
      1259     29161.23     54671.93   -18386.8843   -18350.1469   0.2002%
      1260     29184.50     54753.27   -18386.8843   -18350.1469   0.2002%
      1261     29207.39     54828.93   -18386.8480   -18350.1469   0.2000%
      1262     29231.91     54904.67   -18386.8372   -18350.1469   0.1999%
      1263     29253.21     54985.81   -18386.8359   -18350.1469   0.1999%
      1264     29279.93     55063.27   -18386.8353   -18350.1469   0.1999%
      1265     29300.73     55138.21   -18386.8076   -18350.1469   0.1998%
      1266     29320.06     55215.55   -18386.7937   -18350.1469   0.1997%
      1267     29337.80     55293.61   -18386.7821   -18350.1469   0.1996%
      1268     29355.49     55368.85   -18386.7678   -18350.1469   0.1996%
      1269     29373.48     55443.11   -18386.7598   -18350.1469   0.1995%
      1270     29393.87     55525.01   -18386.7575   -18350.1469   0.1995%
      1271     29422.20     55603.47   -18386.7520   -18350.1469   0.1995%
      1272     29448.97     55680.22   -18386.7517   -18350.1469   0.1995%
      1273     29466.10     55758.09   -18386.7499   -18350.1469   0.1995%
      1274     29490.89     55838.33   -18386.7426   -18350.1469   0.1994%
      1275     29517.57     55915.76   -18386.7427   -18350.1469   0.1994%
      1276     29538.41     55991.07   -18386.7416   -18350.1469   0.1994%
      1277     29563.90     56073.61   -18386.7413   -18350.1469   0.1994%
      1278     29576.19     56146.84   -18386.7413   -18350.1469   0.1994%
      1279     29593.17     56222.32   -18386.7341   -18350.1469   0.1994%
      1280     29615.83     56300.97   -18386.7341   -18350.1469   0.1994%
      1281     29628.12     56377.11   -18386.7341   -18350.1469   0.1994%
      1282     29654.19     56454.21   -18386.7306   -18350.1469   0.1994%
      1283     29679.14     56534.47   -18386.7281   -18350.1469   0.1994%
      1284     29699.73     56616.18   -18386.7201   -18350.1469   0.1993%
      1285     29724.46     56693.56   -18386.7201   -18350.1469   0.1993%
      1286     29747.26     56769.66   -18386.7201   -18350.1469   0.1993%
      1287     29768.12     56848.39   -18386.7201   -18350.1469   0.1993%
      1288     29791.68     56929.03   -18386.7113   -18350.1469   0.1993%
      1289     29811.54     57005.11   -18386.6980   -18350.1469   0.1992%
      1290     29831.31     57084.45   -18386.6813   -18350.1469   0.1991%
      1291     29858.13     57166.45   -18386.6796   -18350.1469   0.1991%
      1292     29877.66     57243.99   -18386.6620   -18350.1469   0.1990%
      1293     29899.91     57321.30   -18386.6620   -18350.1469   0.1990%
      1294     29923.05     57401.60   -18386.6616   -18350.1469   0.1990%
      1295     29947.76     57480.38   -18386.6613   -18350.1469   0.1990%
      1296     29965.90     57556.38   -18386.6515   -18350.1469   0.1989%
      1297     29989.32     57636.74   -18386.6354   -18350.1469   0.1988%
      1298     30011.01     57718.71   -18386.6236   -18350.1469   0.1988%
      1299     30035.93     57796.96   -18386.6218   -18350.1469   0.1988%
      1300     30055.59     57873.28   -18386.6158   -18350.1469   0.1987%
      1301     30075.76     57956.93   -18386.6149   -18350.1469   0.1987%
      1302     30099.24     58035.47   -18386.6114   -18350.1469   0.1987%
      1303     30117.38     58111.89   -18386.5996   -18350.1469   0.1987%
      1304     30136.05     58195.45   -18386.5996   -18350.1469   0.1987%
      1305     30161.03     58277.45   -18386.5980   -18350.1469   0.1986%
      1306     30179.95     58354.90   -18386.5937   -18350.1469   0.1986%
      1307     30196.32     58434.70   -18386.5864   -18350.1469   0.1986%
      1308     30214.44     58517.37   -18386.5830   -18350.1469   0.1986%
      1309     30237.89     58596.08   -18386.5792   -18350.1469   0.1985%
      1310     30262.72     58674.54   -18386.5766   -18350.1469   0.1985%
      1311     30280.29     58757.92   -18386.5698   -18350.1469   0.1985%
      1312     30299.23     58836.09   -18386.5660   -18350.1469   0.1985%
      1313     30308.94     58909.93   -18386.5660   -18350.1469   0.1985%
      1314     30330.74     58990.98   -18386.5570   -18350.1469   0.1984%
      1315     30348.88     59072.33   -18386.5470   -18350.1469   0.1984%
      1316     30367.86     59150.45   -18386.5373   -18350.1469   0.1983%
      1317     30388.92     59228.01   -18386.5253   -18350.1469   0.1982%
      1318     30409.52     59313.19   -18386.5210   -18350.1469   0.1982%
      1319     30434.18     59393.35   -18386.5184   -18350.1469   0.1982%
      1320     30448.96     59470.19   -18386.5178   -18350.1469   0.1982%
      1321     30461.31     59548.12   -18386.5178   -18350.1469   0.1982%
      1322     30484.65     59633.21   -18386.5135   -18350.1469   0.1982%
      1323     30506.10     59712.54   -18386.5096   -18350.1469   0.1982%
      1324     30525.90     59790.45   -18386.5092   -18350.1469   0.1982%
      1325     30550.10     59872.71   -18386.5070   -18350.1469   0.1981%
      1326     30566.25     59953.82   -18386.5028   -18350.1469   0.1981%
      1327     30587.11     60032.20   -18386.4994   -18350.1469   0.1981%
      1328     30612.77     60111.53   -18386.4994   -18350.1469   0.1981%
      1329     30629.38     60196.06   -18386.4984   -18350.1469   0.1981%
      1330     30655.42     60276.64   -18386.4938   -18350.1469   0.1981%
      1331     30674.77     60355.23   -18386.4933   -18350.1469   0.1981%
      1332     30697.45     60437.10   -18386.4923   -18350.1469   0.1981%
      1333     30715.14     60518.94   -18386.4745   -18350.1469   0.1980%
      1334     30739.91     60599.16   -18386.4745   -18350.1469   0.1980%
      1335     30763.53     60678.09   -18386.4668   -18350.1469   0.1979%
      1336     30785.49     60763.64   -18386.4668   -18350.1469   0.1979%
      1337     30806.46     60842.37   -18386.4595   -18350.1469   0.1979%
      1338     30824.88     60920.55   -18386.4523   -18350.1469   0.1978%
      1339     30845.81     61001.84   -18386.4340   -18350.1469   0.1977%
      1340     30869.39     61088.04   -18386.4332   -18350.1469   0.1977%
      1341     30892.55     61168.27   -18386.4291   -18350.1469   0.1977%
      1342     30914.62     61247.25   -18386.4291   -18350.1469   0.1977%
      1343     30940.05     61334.48   -18386.4283   -18350.1469   0.1977%
      1344     30957.43     61413.35   -18386.4226   -18350.1469   0.1977%
      1345     30977.40     61492.32   -18386.4043   -18350.1469   0.1976%
      1346     31001.01     61575.09   -18386.3980   -18350.1469   0.1976%
      1347     31021.72     61659.02   -18386.3937   -18350.1469   0.1975%
      1348     31044.59     61739.00   -18386.3757   -18350.1469   0.1974%
      1349     31065.68     61818.28   -18386.3685   -18350.1469   0.1974%
      1350     31088.29     61904.99   -18386.3634   -18350.1469   0.1974%
      1351     31107.22     61984.95   -18386.3629   -18350.1469   0.1974%
      1352     31124.07     62064.10   -18386.3566   -18350.1469   0.1973%
      1353     31146.98     62147.26   -18386.3547   -18350.1469   0.1973%
      1354     31167.70     62233.01   -18386.3480   -18350.1469   0.1973%
      1355     31189.53     62313.98   -18386.3480   -18350.1469   0.1973%
      1356     31201.80     62390.52   -18386.3480   -18350.1469   0.1973%
      1357     31219.54     62472.76   -18386.3411   -18350.1469   0.1972%
      1358     31244.75     62557.93   -18386.3352   -18350.1469   0.1972%
      1359     31270.14     62639.15   -18386.3219   -18350.1469   0.1971%
      1360     31293.76     62719.44   -18386.3170   -18350.1469   0.1971%
      1361     31314.69     62804.83   -18386.3170   -18350.1469   0.1971%
      1362     31337.30     62885.88   -18386.3031   -18350.1469   0.1970%
      1363     31362.62     62967.81   -18386.3006   -18350.1469   0.1970%
      1364     31383.38     63051.30   -18386.2973   -18350.1469   0.1970%
      1365     31409.07     63136.86   -18386.2935   -18350.1469   0.1970%
      1366     31428.40     63217.79   -18386.2861   -18350.1469   0.1969%
      1367     31453.98     63298.80   -18386.2861   -18350.1469   0.1969%
      1368     31476.07     63385.64   -18386.2783   -18350.1469   0.1969%
      1369     31498.71     63470.45   -18386.2718   -18350.1469   0.1969%
      1370     31518.87     63551.69   -18386.2675   -18350.1469   0.1968%
      1371     31537.34     63635.73   -18386.2656   -18350.1469   0.1968%
      1372     31554.63     63722.19   -18386.2579   -18350.1469   0.1968%
      1373     31574.41     63804.00   -18386.2451   -18350.1469   0.1967%
      1374     31598.62     63885.62   -18386.2412   -18350.1469   0.1967%
      1375     31624.19     63970.98   -18386.2346   -18350.1469   0.1967%
      1376     31649.19     64059.17   -18386.2106   -18350.1469   0.1965%
      1377     31669.75     64140.35   -18386.1943   -18350.1469   0.1964%
      1378     31688.94     64221.65   -18386.1907   -18350.1469   0.1964%
      1379     31707.32     64305.02   -18386.1574   -18350.1469   0.1962%
      1380     31732.44     64391.18   -18386.1296   -18350.1469   0.1961%
      1381     31750.05     64472.03   -18386.1281   -18350.1469   0.1961%
      1382     31771.20     64552.27   -18386.1281   -18350.1469   0.1961%
      1383     31783.59     64637.25   -18386.1311   -18350.1469   0.1961%
      1384     31807.28     64720.11   -18386.1248   -18350.1469   0.1961%
      1385     31834.27     64803.31   -18386.1118   -18350.1469   0.1960%
      1386     31854.81     64887.51   -18386.1071   -18350.1469   0.1960%
      1387     31878.27     64976.13   -18386.0975   -18350.1469   0.1959%
      1388     31894.58     65057.92   -18386.0957   -18350.1469   0.1959%
      1389     31911.08     65138.54   -18386.0924   -18350.1469   0.1959%
      1390     31927.23     65225.89   -18386.0857   -18350.1469   0.1958%
      1391     31946.26     65311.05   -18386.0769   -18350.1469   0.1958%
      1392     31970.31     65393.68   -18386.0725   -18350.1469   0.1958%
      1393     31995.78     65476.52   -18386.0716   -18350.1469   0.1958%
      1394     32012.80     65563.99   -18386.0531   -18350.1469   0.1957%
      1395     32033.96     65646.46   -18386.0271   -18350.1469   0.1955%
      1396     32052.96     65728.80   -18386.0221   -18350.1469   0.1955%
      1397     32079.29     65815.30   -18386.0221   -18350.1469   0.1955%
      1398     32102.24     65901.69   -18386.0043   -18350.1469   0.1954%
      1399     32122.77     65984.31   -18386.0011   -18350.1469   0.1954%
      1400     32138.32     66065.37   -18385.9991   -18350.1469   0.1954%
      1401     32162.68     66151.91   -18385.9890   -18350.1469   0.1953%
      1402     32186.71     66239.11   -18385.9835   -18350.1469   0.1953%
      1403     32206.15     66321.37   -18385.9818   -18350.1469   0.1953%
      1404     32223.63     66401.81   -18385.9550   -18350.1469   0.1951%
      1405     32242.71     66490.85   -18385.9437   -18350.1469   0.1951%
      1406     32370.81     66682.38   -18385.9181   -18350.1469   0.1949%
      1407     32395.70     66765.05   -18385.9181   -18350.1469   0.1949%
      1408     32407.09     66847.03   -18385.9181   -18350.1469   0.1949%
      1409     32427.01     66935.51   -18385.9132   -18350.1469   0.1949%
      1410     32453.54     67020.25   -18385.9132   -18350.1469   0.1949%
      1411     32476.64     67102.92   -18385.9132   -18350.1469   0.1949%
      1412     32500.89     67189.35   -18385.9132   -18350.1469   0.1949%
      1413     32526.68     67279.23   -18385.9120   -18350.1469   0.1949%
      1414     32550.33     67363.00   -18385.9120   -18350.1469   0.1949%
      1415     32568.57     67445.22   -18385.9015   -18350.1469   0.1948%
      1416     32592.93     67535.50   -18385.8986   -18350.1469   0.1948%
      1417     32617.44     67623.08   -18385.8718   -18350.1469   0.1947%
      1418     32633.78     67705.24   -18385.8635   -18350.1469   0.1946%
      1419     32662.33     67789.78   -18385.8635   -18350.1469   0.1946%
      1420     32688.03     67881.16   -18385.8475   -18350.1469   0.1946%
      1421     32706.39     67967.86   -18385.8457   -18350.1469   0.1945%
      1422     32732.43     68051.94   -18385.8451   -18350.1469   0.1945%
      1423     32753.66     68138.92   -18385.8397   -18350.1469   0.1945%
      1424     32776.34     68229.38   -18385.8397   -18350.1469   0.1945%
      1425     32801.04     68314.74   -18385.8335   -18350.1469   0.1945%
      1426     32820.71     68397.85   -18385.8214   -18350.1469   0.1944%
      1427     32841.44     68484.55   -18385.7986   -18350.1469   0.1943%
      1428     32857.70     68571.83   -18385.7965   -18350.1469   0.1943%
      1429     32883.10     68656.87   -18385.7965   -18350.1469   0.1943%
      1430     32906.83     68740.52   -18385.7965   -18350.1469   0.1943%
      1431     32933.28     68827.66   -18385.7904   -18350.1469   0.1942%
      1432     32954.62     68916.10   -18385.7894   -18350.1469   0.1942%
      1433     32976.28     68999.62   -18385.7831   -18350.1469   0.1942%
      1434     32997.84     69083.84   -18385.7736   -18350.1469   0.1941%
      1435     33015.91     69173.92   -18385.7555   -18350.1469   0.1941%
      1436     33029.64     69258.45   -18385.7555   -18350.1469   0.1941%
      1437     33051.26     69343.01   -18385.7547   -18350.1469   0.1940%
      1438     33074.33     69430.51   -18385.7546   -18350.1469   0.1940%
      1439     33094.95     69520.77   -18385.7546   -18350.1469   0.1940%
      1440     33115.22     69605.86   -18385.7498   -18350.1469   0.1940%
      1441     33130.91     69688.69   -18385.7351   -18350.1469   0.1939%
      1442     33153.72     69776.21   -18385.7339   -18350.1469   0.1939%
      1443     33176.13     69865.45   -18385.7215   -18350.1469   0.1939%
      1444     33191.51     69949.91   -18385.7190   -18350.1469   0.1939%
      1445     33215.76     70034.41   -18385.7052   -18350.1469   0.1938%
      1446     33226.49     70117.73   -18385.7052   -18350.1469   0.1938%
      1447     33244.81     70206.40   -18385.7019   -18350.1469   0.1938%
      1448     33265.84     70291.02   -18385.6984   -18350.1469   0.1937%
      1449     33290.02     70375.70   -18385.6899   -18350.1469   0.1937%
      1450     33308.40     70466.93   -18385.6815   -18350.1469   0.1936%
      1451     33327.33     70552.55   -18385.6696   -18350.1469   0.1936%
      1452     33343.82     70636.69   -18385.6658   -18350.1469   0.1936%
      1453     33368.36     70722.12   -18385.6590   -18350.1469   0.1935%
      1454     33385.61     70813.22   -18385.6493   -18350.1469   0.1935%
      1455     33413.28     70900.94   -18385.6383   -18350.1469   0.1934%
      1456     33438.26     70987.21   -18385.6315   -18350.1469   0.1934%
      1457     33460.17     71071.82   -18385.6310   -18350.1469   0.1934%
      1458     33485.30     71164.45   -18385.6194   -18350.1469   0.1933%
      1459     33507.57     71251.06   -18385.6194   -18350.1469   0.1933%
      1460     33517.21     71332.61   -18385.6194   -18350.1469   0.1933%
      1461     33537.86     71421.99   -18385.6094   -18350.1469   0.1933%
      1462     33559.69     71513.98   -18385.5995   -18350.1469   0.1932%
      1463     33577.44     71599.43   -18385.5988   -18350.1469   0.1932%
      1464     33601.20     71684.54   -18385.5972   -18350.1469   0.1932%
      1465     33610.31     71768.53   -18385.5971   -18350.1469   0.1932%
      1466     33638.20     71859.25   -18385.5960   -18350.1469   0.1932%
      1467     33658.70     71945.20   -18385.5869   -18350.1469   0.1931%
      1468     33682.34     72030.95   -18385.5844   -18350.1469   0.1931%
      1469     33697.85     72118.42   -18385.5795   -18350.1469   0.1931%
      1470     33719.34     72208.37   -18385.5792   -18350.1469   0.1931%
      1471     33737.76     72293.69   -18385.5710   -18350.1469   0.1930%
      1472     33762.33     72379.32   -18385.5686   -18350.1469   0.1930%
      1473     33787.14     72473.12   -18385.5686   -18350.1469   0.1930%
      1474     33806.07     72559.96   -18385.5677   -18350.1469   0.1930%
      1475     33829.78     72646.76   -18385.5676   -18350.1469   0.1930%
      1476     33851.64     72731.84   -18385.5617   -18350.1469   0.1930%
      1477     33875.90     72825.86   -18385.5431   -18350.1469   0.1929%
      1478     33895.98     72912.86   -18385.5415   -18350.1469   0.1929%
      1479     33912.68     72998.82   -18385.5253   -18350.1469   0.1928%
      1480     33936.34     73085.61   -18385.5251   -18350.1469   0.1928%
      1481     33959.35     73179.15   -18385.5251   -18350.1469   0.1928%
      1482     33984.25     73267.92   -18385.5210   -18350.1469   0.1928%
      1483     34006.65     73354.71   -18385.5161   -18350.1469   0.1927%
      1484     34028.07     73445.24   -18385.5085   -18350.1469   0.1927%
      1485     34053.48     73540.08   -18385.4998   -18350.1469   0.1927%
      1486     34080.18     73629.63   -18385.4827   -18350.1469   0.1926%
      1487     34101.92     73717.14   -18385.4526   -18350.1469   0.1924%
      1488     34121.21     73807.36   -18385.4522   -18350.1469   0.1924%
      1489     34140.87     73900.30   -18385.4503   -18350.1469   0.1924%
      1490     34165.55     73988.57   -18385.4393   -18350.1469   0.1923%
      1491     34192.04     74076.57   -18385.4393   -18350.1469   0.1923%
      1492     34205.47     74164.11   -18385.4393   -18350.1469   0.1923%
      1493     34226.83     74258.66   -18385.4378   -18350.1469   0.1923%
      1494     34251.73     74346.35   -18385.4275   -18350.1469   0.1923%
      1495     34278.54     74435.10   -18385.4141   -18350.1469   0.1922%
      1496     34297.86     74525.28   -18385.4075   -18350.1469   0.1922%
      1497     34320.75     74620.84   -18385.3990   -18350.1469   0.1921%
      1498     34340.06     74708.74   -18385.3875   -18350.1469   0.1920%
      1499     34359.11     74797.14   -18385.3874   -18350.1469   0.1920%
      1500     34380.70     74887.33   -18385.3706   -18350.1469   0.1920%
      1501     34399.48     74981.42   -18385.3636   -18350.1469   0.1919%
      1502     34421.87     75070.67   -18385.3625   -18350.1469   0.1919%
      1503     34441.12     75157.38   -18385.3543   -18350.1469   0.1919%
      1504     34466.03     75248.76   -18385.3543   -18350.1469   0.1919%
      1505     34490.89     75343.56   -18385.3534   -18350.1469   0.1919%
      1506     34512.37     75431.27   -18385.3504   -18350.1469   0.1918%
      1507     34534.97     75519.05   -18385.3504   -18350.1469   0.1918%
      1508     34556.81     75610.79   -18385.3504   -18350.1469   0.1918%
      1509     34581.57     75704.13   -18385.3504   -18350.1469   0.1918%
      1510     34605.56     75793.86   -18385.3480   -18350.1469   0.1918%
      1511     34629.19     75882.16   -18385.3335   -18350.1469   0.1918%
      1512     34653.92     75973.42   -18385.3122   -18350.1469   0.1916%
      1513     34674.76     76065.69   -18385.3038   -18350.1469   0.1916%
      1514     34698.85     76155.01   -18385.3024   -18350.1469   0.1916%
      1515     34719.62     76242.42   -18385.2877   -18350.1469   0.1915%
      1516     34738.18     76332.91   -18385.2858   -18350.1469   0.1915%
      1517     34755.04     76424.29   -18385.2819   -18350.1469   0.1915%
      1518     34772.54     76510.78   -18385.2727   -18350.1469   0.1914%
      1519     34791.80     76597.91   -18385.2633   -18350.1469   0.1914%
      1520     34809.69     76688.74   -18385.2620   -18350.1469   0.1914%
      1521     34830.13     76781.05   -18385.2621   -18350.1469   0.1914%
      1522     34858.70     76871.70   -18385.2503   -18350.1469   0.1913%
      1523     34879.47     76959.48   -18385.2317   -18350.1469   0.1912%
      1524     34902.13     77051.01   -18385.2317   -18350.1469   0.1912%
      1525     34928.26     77144.15   -18385.2282   -18350.1469   0.1912%
      1526     34947.65     77232.35   -18385.2266   -18350.1469   0.1912%
      1527     34965.93     77319.97   -18385.2051   -18350.1469   0.1911%
      1528     34986.78     77411.28   -18385.2041   -18350.1469   0.1910%
      1529     35008.84     77504.86   -18385.1931   -18350.1469   0.1910%
      1530     35026.81     77593.06   -18385.1849   -18350.1469   0.1909%
      1531     35038.70     77678.13   -18385.1849   -18350.1469   0.1909%
      1532     35065.98     77771.57   -18385.1698   -18350.1469   0.1909%
      1533     35088.88     77867.33   -18385.1668   -18350.1469   0.1908%
      1534     35112.77     77957.63   -18385.1624   -18350.1469   0.1908%
      1535     35140.00     78047.93   -18385.1499   -18350.1469   0.1908%
      1536     35158.04     78139.32   -18385.1413   -18350.1469   0.1907%
      1537     35180.78     78232.95   -18385.1234   -18350.1469   0.1906%
      1538     35204.33     78323.00   -18385.1232   -18350.1469   0.1906%
      1539     35220.10     78409.86   -18385.1192   -18350.1469   0.1906%
      1540     35242.80     78506.46   -18385.1191   -18350.1469   0.1906%
      1541     35254.36     78596.00   -18385.1191   -18350.1469   0.1906%
      1542     35276.68     78685.96   -18385.1163   -18350.1469   0.1906%
      1543     35302.14     78775.81   -18385.1118   -18350.1469   0.1905%
      1544     35324.66     78872.81   -18385.1091   -18350.1469   0.1905%
      1545     35350.41     78970.30   -18385.0956   -18350.1469   0.1905%
      1546     35371.67     79060.92   -18385.0922   -18350.1469   0.1904%
      1547     35395.35     79151.13   -18385.0901   -18350.1469   0.1904%
      1548     35415.46     79249.01   -18385.0744   -18350.1469   0.1903%
      1549     35436.91     79346.68   -18385.0738   -18350.1469   0.1903%
      1550     35460.75     79437.86   -18385.0711   -18350.1469   0.1903%
      1551     35481.45     79528.13   -18385.0702   -18350.1469   0.1903%
      1552     35506.19     79623.18   -18385.0702   -18350.1469   0.1903%
      1553     35530.68     79721.31   -18385.0702   -18350.1469   0.1903%
      1554     35550.94     79811.82   -18385.0650   -18350.1469   0.1903%
      1555     35578.12     79903.09   -18385.0581   -18350.1469   0.1903%
      1556     35597.80     79996.56   -18385.0398   -18350.1469   0.1902%
      1557     35621.66     80094.55   -18385.0309   -18350.1469   0.1901%
      1558     35645.85     80186.49   -18385.0046   -18350.1469   0.1900%
      1559     35668.64     80277.34   -18385.0046   -18350.1469   0.1900%
      1560     35680.99     80367.78   -18385.0046   -18350.1469   0.1900%
      1561     35704.04     80466.41   -18384.9830   -18350.1469   0.1898%
      1562     35718.63     80556.29   -18384.9534   -18350.1469   0.1897%
      1563     35738.21     80646.59   -18384.9482   -18350.1469   0.1897%
      1564     35760.27     80736.48   -18384.9423   -18350.1469   0.1896%
      1565     35780.33     80833.19   -18384.9319   -18350.1469   0.1896%
      1566     35808.67     80929.78   -18384.9307   -18350.1469   0.1896%
      1567     35832.04     81021.87   -18384.9263   -18350.1469   0.1895%
      1568     35855.13     81112.17   -18384.9240   -18350.1469   0.1895%
      1569     35880.91     81211.68   -18384.9187   -18350.1469   0.1895%
      1570     35901.73     81307.43   -18384.9051   -18350.1469   0.1894%
      1571     35925.85     81399.18   -18384.8948   -18350.1469   0.1894%
      1572     35943.70     81488.34   -18384.8874   -18350.1469   0.1893%
      1573     35965.51     81582.44   -18384.8761   -18350.1469   0.1893%
      1574     35985.60     81679.72   -18384.8709   -18350.1469   0.1892%
      1575     36008.28     81770.61   -18384.8608   -18350.1469   0.1892%
      1576     36027.10     81861.08   -18384.8485   -18350.1469   0.1891%
      1577     36049.87     81955.85   -18384.8469   -18350.1469   0.1891%
      1578     36074.67     82055.04   -18384.8435   -18350.1469   0.1891%
      1579     36096.93     82147.20   -18384.8418   -18350.1469   0.1891%
      1580     36114.66     82237.80   -18384.8364   -18350.1469   0.1890%
      1581     36140.75     82333.56   -18384.8360   -18350.1469   0.1890%
      1582     36165.84     82433.10   -18384.8303   -18350.1469   0.1890%
      1583     36186.25     82524.44   -18384.8146   -18350.1469   0.1889%
      1584     36214.69     82617.43   -18384.8146   -18350.1469   0.1889%
      1585     36233.95     82707.30   -18384.8130   -18350.1469   0.1889%
      1586     36253.90     82805.83   -18384.7954   -18350.1469   0.1888%
      1587     36273.68     82898.50   -18384.7919   -18350.1469   0.1888%
      1588     36294.33     82989.22   -18384.7897   -18350.1469   0.1888%
      1589     36312.85     83083.74   -18384.7726   -18350.1469   0.1887%
      1590     36335.95     83182.97   -18384.7720   -18350.1469   0.1887%
      1591     36354.32     83277.98   -18384.7566   -18350.1469   0.1886%
      1592     36372.77     83369.31   -18384.7520   -18350.1469   0.1886%
      1593     36394.51     83461.25   -18384.7299   -18350.1469   0.1885%
      1594     36414.81     83560.41   -18384.7266   -18350.1469   0.1884%
      1595     36434.27     83653.15   -18384.7261   -18350.1469   0.1884%
      1596     36456.97     83745.25   -18384.7183   -18350.1469   0.1884%
      1597     36481.38     83837.34   -18384.7183   -18350.1469   0.1884%
      1598     36506.29     83936.94   -18384.7183   -18350.1469   0.1884%
      1599     36530.97     84033.39   -18384.7180   -18350.1469   0.1884%
      1600     36551.43     84126.56   -18384.7135   -18350.1469   0.1884%
      1601     36575.81     84218.72   -18384.7048   -18350.1469   0.1883%
      1602     36597.22     84318.71   -18384.6858   -18350.1469   0.1882%
      1603     36615.58     84414.85   -18384.6828   -18350.1469   0.1882%
      1604     36639.20     84507.99   -18384.6825   -18350.1469   0.1882%
      1605     36665.70     84601.35   -18384.6821   -18350.1469   0.1882%
      1606     36685.51     84697.11   -18384.6787   -18350.1469   0.1882%
      1607     36707.00     84797.45   -18384.6739   -18350.1469   0.1882%
      1608     36731.75     84891.87   -18384.6739   -18350.1469   0.1882%
      1609     36754.17     84984.81   -18384.6730   -18350.1469   0.1882%
      1610     36776.23     85081.24   -18384.6730   -18350.1469   0.1882%
      1611     36804.25     85183.38   -18384.6699   -18350.1469   0.1881%
      1612     36824.32     85276.50   -18384.6547   -18350.1469   0.1881%
      1613     36845.17     85367.03   -18384.6509   -18350.1469   0.1880%
      1614     36872.18     85455.13   -18384.6509   -18350.1469   0.1880%
      1615     36896.14     85550.10   -18384.6494   -18350.1469   0.1880%
      1616     36916.40     85641.61   -18384.6448   -18350.1469   0.1880%
      1617     36939.34     85729.90   -18384.6350   -18350.1469   0.1879%
      1618     36956.12     85815.89   -18384.6339   -18350.1469   0.1879%
      1619     36976.97     85910.56   -18384.6304   -18350.1469   0.1879%
      1620     36995.43     86003.35   -18384.6268   -18350.1469   0.1879%
      1621     37018.95     86093.62   -18384.6263   -18350.1469   0.1879%
      1622     37039.03     86181.84   -18384.6243   -18350.1469   0.1879%
      1623     37062.20     86274.72   -18384.6224   -18350.1469   0.1879%
      1624     37080.15     86369.81   -18384.6182   -18350.1469   0.1879%
      1625     37099.71     86459.47   -18384.6175   -18350.1469   0.1878%
================================================================================


evaluating object as numeric value: y['crudeQuantity[1]']
    (object: <class 'pyomo.core.base.var.VarData'>)
No value for uninitialized VarData object y['crudeQuantity[1]']
Failed to record solution; no feasible solution from upper bounding.
Maximum solving time reached.

total wall time: 86459.47 s
total CPU time: 37099.71 s
Nodes explored in branch-and-bound: 3251
---------------------------------------
Begin Slurm Epilog: Jul-27-2025 17:40:53
Job ID:        6068168
User ID:       jyang872
Account:       gts-jscott319
Job name:      crude_selection
Resources:     cpu=1,mem=8G,node=1
Rsrc Used:     cput=1-00:02:21,vmem=0,walltime=1-00:02:21,mem=40720K,energy_used=0
Partition:     cpu-small
QOS:           inferno
Nodes:         atl1-1-02-002-27-2
---------------------------------------
