---------------------------------------
Begin Slurm Prolog: Jul-26-2025 17:38:38
Job ID:    6068169
User ID:   jyang872
Account:   gts-jscott319
Job name:  pooling
Partition: cpu-small
QOS:       inferno
---------------------------------------

Due to MODULEPATH changes, the following have been reloaded:
  1) gmp/6.2.1     2) mpc/1.3.1     3) mpfr/4.2.0     4) zlib/1.2.13

Solving the problem via SBB...
	Maximum iteration: 100000000.0
	Maximum time: 86400
	Tolerance: 1E-03
Initialize the model...
	Root node lower bound: -1347.87, upper bound: -1338.25
	Total initialization CPU time: 3.51 s
Done.
Solving the model...
================================================================================
  iteration     CPU time    wall time  lower bound  upper bound     gap
         1        12.29         9.05   -1345.6747   -1338.2471   0.5550%
         2        19.61        14.47   -1345.6747   -1338.2471   0.5550%
         3        26.93        20.34   -1345.6747   -1338.2471   0.5550%
         4        35.05        26.50   -1345.0155   -1338.2471   0.5058%
         5        42.09        31.50   -1345.0155   -1338.2471   0.5058%
         6        49.91        37.73   -1345.0155   -1338.2471   0.5058%
         7        56.16        43.20   -1344.8747   -1338.2471   0.4952%
         8        61.03        47.15   -1344.6747   -1338.2471   0.4803%
         9        65.72        50.83   -1344.5471   -1338.2471   0.4708%
        10        72.71        56.92   -1344.5471   -1338.2471   0.4708%
        11        80.41        63.79   -1344.2424   -1338.2471   0.4480%
        12        88.74        70.21   -1344.2155   -1338.2471   0.4460%
        13        95.65        76.14   -1344.2155   -1338.2471   0.4460%
        14       101.58        81.32   -1344.0747   -1338.2471   0.4355%
        15       107.66        86.41   -1344.0747   -1338.2471   0.4355%
        16       115.50        93.19   -1344.0155   -1338.2471   0.4310%
        17       123.85       100.21   -1343.8747   -1338.2471   0.4205%
        18       128.37       103.79   -1343.8471   -1338.2471   0.4185%
        19       136.58       110.87   -1343.7322   -1338.2471   0.4099%
        20       146.10       118.13   -1343.7062   -1338.2471   0.4079%
        21       153.89       125.45   -1343.5471   -1338.2471   0.3960%
        22       162.63       133.38   -1343.5471   -1338.2471   0.3960%
        23       169.62       139.43   -1343.4471   -1338.2471   0.3886%
        24       175.93       145.09   -1343.4155   -1338.2471   0.3862%
        25       183.21       151.00   -1343.4155   -1338.2471   0.3862%
        26       188.43       155.87   -1343.2747   -1338.2471   0.3757%
        27       194.69       160.76   -1343.2424   -1338.2471   0.3733%
        28       201.81       166.71   -1343.2155   -1338.2471   0.3713%
        29       209.51       173.92   -1343.2155   -1338.2471   0.3713%
        30       216.37       180.04   -1343.1424   -1338.2471   0.3658%
        31       223.78       187.21   -1343.1290   -1338.2471   0.3648%
        32       231.60       194.40   -1343.1176   -1338.2471   0.3639%
        33       240.28       202.00   -1343.1155   -1338.2471   0.3638%
        34       247.51       209.14   -1343.0747   -1338.2471   0.3607%
        35       254.59       215.33   -1343.0471   -1338.2471   0.3587%
        36       261.18       221.75   -1343.0322   -1338.2471   0.3576%
        37       266.59       226.32   -1343.0007   -1338.2471   0.3552%
        38       274.19       233.61   -1342.9471   -1338.2471   0.3512%
        39       282.17       240.64   -1342.9471   -1338.2471   0.3512%
        40       288.61       246.83   -1342.8471   -1338.2471   0.3437%
        41       297.23       254.42   -1342.7471   -1338.2471   0.3363%
        42       302.98       259.76   -1342.7062   -1338.2471   0.3332%
        43       311.74       267.82   -1342.6471   -1338.2471   0.3288%
        44       318.07       273.06   -1342.6424   -1338.2471   0.3284%
        45       325.80       280.16   -1342.6304   -1338.2471   0.3275%
        46       331.80       286.42   -1342.6155   -1338.2471   0.3264%
        47       341.85       295.63   -1342.6155   -1338.2471   0.3264%
        48       347.04       301.22   -1342.6062   -1338.2471   0.3257%
        49       354.36       308.19   -1342.4880   -1338.2471   0.3169%
        50       357.83       311.37   -1342.4471   -1338.2471   0.3138%
        51       364.63       318.70   -1342.4155   -1338.2471   0.3115%
        52       371.21       324.51   -1342.3830   -1338.2471   0.3091%
        53       380.15       333.59   -1342.3471   -1338.2471   0.3064%
        54       388.18       341.26   -1342.3471   -1338.2471   0.3064%
        55       396.48       349.04   -1342.3424   -1338.2471   0.3060%
        56       401.61       354.29   -1342.3290   -1338.2471   0.3050%
        57       410.22       362.57   -1342.3176   -1338.2471   0.3042%
        58       421.74       371.81   -1342.3155   -1338.2471   0.3040%
        59       429.79       378.63   -1342.2767   -1338.2471   0.3011%
        60       437.36       386.21   -1342.2747   -1338.2471   0.3010%
        61       443.14       392.18   -1342.2471   -1338.2471   0.2989%
        62       449.59       398.87   -1342.2007   -1338.2471   0.2954%
        63       460.51       408.98   -1342.1971   -1338.2471   0.2952%
        64       469.38       415.67   -1342.1875   -1338.2471   0.2944%
        65       476.80       423.19   -1342.1471   -1338.2471   0.2914%
        66       481.72       428.35   -1342.1424   -1338.2471   0.2911%
        67       487.60       434.43   -1342.1322   -1338.2471   0.2903%
        68       496.37       443.24   -1342.1290   -1338.2471   0.2901%
        69       503.41       449.63   -1342.1176   -1338.2471   0.2892%
        70       510.03       456.65   -1342.1155   -1338.2471   0.2891%
        71       515.95       463.04   -1342.1062   -1338.2471   0.2884%
        72       521.62       469.08   -1342.0471   -1338.2471   0.2840%
        73       527.24       475.00   -1341.9471   -1338.2471   0.2765%
        74       533.25       481.89   -1341.9471   -1338.2471   0.2765%
        75       539.34       488.89   -1341.9471   -1338.2471   0.2765%
        76       544.90       495.44   -1341.9471   -1338.2471   0.2765%
        77       550.17       500.58   -1341.9322   -1338.2471   0.2754%
        78       556.73       507.01   -1341.8790   -1338.2471   0.2714%
        79       564.36       514.83   -1341.8676   -1338.2471   0.2705%
        80       572.72       523.22   -1341.8675   -1338.2471   0.2705%
        81       580.24       530.95   -1341.8655   -1338.2471   0.2704%
        82       587.43       538.71   -1341.8471   -1338.2471   0.2690%
        83       590.08       543.16   -1341.8471   -1338.2471   0.2690%
        84       598.57       551.27   -1341.8424   -1338.2471   0.2687%
        85       606.69       558.83   -1341.8304   -1338.2471   0.2678%
        86       618.01       570.68   -1341.8290   -1338.2471   0.2677%
        87       622.36       576.17   -1341.8290   -1338.2471   0.2677%
        88       628.77       583.49   -1341.8260   -1338.2471   0.2674%
        89       633.42       589.38   -1341.8176   -1338.2471   0.2668%
        90       639.84       596.44   -1341.8155   -1338.2471   0.2666%
        91       644.27       602.02   -1341.8155   -1338.2471   0.2666%
        92       653.22       611.14   -1341.8062   -1338.2471   0.2660%
        93       660.47       619.64   -1341.7880   -1338.2471   0.2646%
        94       667.87       626.77   -1341.7875   -1338.2471   0.2646%
        95       676.59       635.85   -1341.7620   -1338.2471   0.2627%
        96       686.91       645.65   -1341.7507   -1338.2471   0.2618%
        97       693.13       653.03   -1341.7471   -1338.2471   0.2615%
        98       699.81       661.10   -1341.7471   -1338.2471   0.2615%
        99       706.66       668.96   -1341.7375   -1338.2471   0.2608%
       100       713.73       677.23   -1341.7007   -1338.2471   0.2581%
       101       721.14       685.61   -1341.6971   -1338.2471   0.2578%
       102       729.36       694.50   -1341.6471   -1338.2471   0.2541%
       103       732.49       699.97   -1341.6471   -1338.2471   0.2541%
       104       737.21       705.74   -1341.6424   -1338.2471   0.2537%
       105       743.49       712.84   -1341.6304   -1338.2471   0.2528%
       106       749.56       720.87   -1341.6155   -1338.2471   0.2517%
       107       753.50       726.75   -1341.6155   -1338.2471   0.2517%
       108       759.22       734.11   -1341.6062   -1338.2471   0.2510%
       109       765.80       741.98   -1341.5830   -1338.2471   0.2493%
       110       770.64       748.07   -1341.5471   -1338.2471   0.2466%
       111       776.16       754.33   -1341.5424   -1338.2471   0.2462%
       112       779.53       759.58   -1341.5424   -1338.2471   0.2462%
       113       787.07       767.75   -1341.5380   -1338.2471   0.2459%
       114       797.62       777.58   -1341.5379   -1338.2471   0.2459%
       115       803.64       784.72   -1341.5290   -1338.2471   0.2452%
       116       807.80       791.23   -1341.5290   -1338.2471   0.2452%
       117       815.02       800.07   -1341.5213   -1338.2471   0.2447%
       118       823.20       809.02   -1341.5176   -1338.2471   0.2444%
       119       826.83       815.13   -1341.5176   -1338.2471   0.2444%
       120       835.55       823.52   -1341.5155   -1338.2471   0.2442%
       121       838.18       829.14   -1341.5155   -1338.2471   0.2442%
       122       846.27       838.62   -1341.5079   -1338.2471   0.2437%
       123       853.24       847.65   -1341.5079   -1338.2471   0.2437%
       124       861.05       855.56   -1341.4971   -1338.2471   0.2429%
       125       868.86       864.49   -1341.4944   -1338.2471   0.2427%
       126       877.82       875.21   -1341.4944   -1338.2471   0.2427%
       127       888.51       887.21   -1341.4767   -1338.2471   0.2413%
       128       896.75       897.40   -1341.4675   -1338.2471   0.2406%
       129       901.63       904.27   -1341.4471   -1338.2471   0.2391%
       130       907.47       911.56   -1341.4471   -1338.2471   0.2391%
       131       914.00       919.50   -1341.4322   -1338.2471   0.2380%
       132       920.33       927.09   -1341.4260   -1338.2471   0.2375%
       133       925.49       934.51   -1341.4176   -1338.2471   0.2369%
       134       930.38       941.47   -1341.4175   -1338.2471   0.2369%
       135       938.64       951.54   -1341.4009   -1338.2471   0.2357%
       136       945.97       961.14   -1341.4009   -1338.2471   0.2357%
       137       952.24       969.29   -1341.4007   -1338.2471   0.2356%
       138       955.60       974.97   -1341.4007   -1338.2471   0.2356%
       139       960.40       982.03   -1341.3971   -1338.2471   0.2354%
       140       965.06       988.86   -1341.3875   -1338.2471   0.2347%
       141       970.90       996.37   -1341.3875   -1338.2471   0.2347%
       142       978.17      1005.51   -1341.3875   -1338.2471   0.2347%
       143       984.69      1013.52   -1341.3804   -1338.2471   0.2341%
       144       990.81      1021.52   -1341.3790   -1338.2471   0.2340%
       145       999.27      1029.42   -1341.3790   -1338.2471   0.2340%
       146      1004.71      1037.31   -1341.3760   -1338.2471   0.2338%
       147      1011.49      1045.17   -1341.3676   -1338.2471   0.2332%
       148      1018.50      1054.22   -1341.3655   -1338.2471   0.2330%
       149      1023.80      1062.39   -1341.3655   -1338.2471   0.2330%
       150      1031.99      1072.61   -1341.3626   -1338.2471   0.2328%
       151      1039.11      1082.53   -1341.3567   -1338.2471   0.2324%
       152      1045.56      1091.27   -1341.3471   -1338.2471   0.2316%
       153      1053.01      1100.97   -1341.3471   -1338.2471   0.2316%
       154      1059.40      1109.71   -1341.3471   -1338.2471   0.2316%
       155      1065.69      1119.26   -1341.3424   -1338.2471   0.2313%
       156      1068.15      1124.83   -1341.3424   -1338.2471   0.2313%
       157      1074.80      1134.07   -1341.3375   -1338.2471   0.2309%
       158      1084.20      1146.14   -1341.3304   -1338.2471   0.2304%
       159      1089.32      1153.48   -1341.3304   -1338.2471   0.2304%
       160      1095.36      1162.55   -1341.3290   -1338.2471   0.2303%
       161      1098.19      1168.36   -1341.3290   -1338.2471   0.2303%
       162      1104.39      1177.41   -1341.3290   -1338.2471   0.2303%
       163      1111.54      1186.73   -1341.3176   -1338.2471   0.2294%
       164      1114.53      1193.31   -1341.3176   -1338.2471   0.2294%
       165      1121.53      1203.10   -1341.3155   -1338.2471   0.2293%
       166      1124.40      1209.54   -1341.3155   -1338.2471   0.2293%
       167      1130.73      1219.18   -1341.3155   -1338.2471   0.2293%
       168      1135.75      1227.44   -1341.3062   -1338.2471   0.2286%
       169      1143.37      1237.80   -1341.3062   -1338.2471   0.2286%
       170      1152.77      1248.65   -1341.3007   -1338.2471   0.2282%
       171      1160.34      1259.25   -1341.2982   -1338.2471   0.2280%
       172      1166.20      1267.67   -1341.2971   -1338.2471   0.2279%
       173      1174.93      1278.50   -1341.2848   -1338.2471   0.2270%
       174      1182.51      1289.38   -1341.2767   -1338.2471   0.2264%
       175      1186.91      1297.24   -1341.2744   -1338.2471   0.2262%
       176      1191.95      1305.40   -1341.2740   -1338.2471   0.2262%
       177      1198.66      1314.54   -1341.2606   -1338.2471   0.2252%
       178      1204.35      1323.95   -1341.2567   -1338.2471   0.2249%
       179      1210.17      1332.94   -1341.2507   -1338.2471   0.2244%
       180      1215.56      1341.51   -1341.2471   -1338.2471   0.2242%
       181      1221.45      1350.61   -1341.2471   -1338.2471   0.2242%
       182      1226.26      1359.42   -1341.2448   -1338.2471   0.2240%
       183      1233.61      1369.36   -1341.2313   -1338.2471   0.2230%
       184      1239.01      1377.90   -1341.2033   -1338.2471   0.2209%
       185      1247.13      1388.00   -1341.1971   -1338.2471   0.2204%
       186      1249.81      1395.10   -1341.1971   -1338.2471   0.2204%
       187      1256.73      1405.25   -1341.1913   -1338.2471   0.2200%
       188      1263.89      1415.14   -1341.1471   -1338.2471   0.2167%
       189      1266.97      1422.63   -1341.1471   -1338.2471   0.2167%
       190      1273.14      1431.96   -1341.1471   -1338.2471   0.2167%
       191      1277.77      1440.45   -1341.1379   -1338.2471   0.2160%
       192      1281.72      1448.48   -1341.1379   -1338.2471   0.2160%
       193      1287.95      1458.32   -1341.1330   -1338.2471   0.2156%
       194      1294.42      1467.71   -1341.1322   -1338.2471   0.2156%
       195      1300.59      1477.52   -1341.1062   -1338.2471   0.2136%
       196      1306.34      1486.88   -1341.0971   -1338.2471   0.2130%
       197      1313.64      1496.99   -1341.0971   -1338.2471   0.2130%
       198      1321.02      1507.83   -1341.0879   -1338.2471   0.2123%
       199      1326.23      1516.73   -1341.0875   -1338.2471   0.2122%
       200      1331.97      1526.16   -1341.0830   -1338.2471   0.2119%
       201      1336.15      1534.54   -1341.0760   -1338.2471   0.2114%
       202      1341.54      1544.06   -1341.0713   -1338.2471   0.2110%
       203      1348.71      1554.76   -1341.0676   -1338.2471   0.2108%
       204      1353.46      1563.23   -1341.0675   -1338.2471   0.2108%
       205      1358.90      1572.87   -1341.0579   -1338.2471   0.2100%
       206      1366.26      1583.07   -1341.0579   -1338.2471   0.2100%
       207      1370.76      1592.06   -1341.0471   -1338.2471   0.2092%
       208      1375.98      1601.15   -1341.0471   -1338.2471   0.2092%
       209      1382.91      1611.54   -1341.0471   -1338.2471   0.2092%
       210      1390.21      1622.49   -1341.0444   -1338.2471   0.2090%
       211      1393.91      1630.85   -1341.0444   -1338.2471   0.2090%
       212      1400.05      1640.19   -1341.0424   -1338.2471   0.2089%
       213      1407.67      1650.20   -1341.0380   -1338.2471   0.2085%
       214      1414.90      1661.21   -1341.0304   -1338.2471   0.2080%
       215      1417.23      1668.45   -1341.0304   -1338.2471   0.2080%
       216      1423.78      1678.88   -1341.0290   -1338.2471   0.2079%
       217      1428.49      1688.15   -1341.0290   -1338.2471   0.2079%
       218      1436.01      1699.81   -1341.0267   -1338.2471   0.2077%
       219      1442.95      1709.51   -1341.0260   -1338.2471   0.2077%
       220      1448.80      1720.05   -1341.0176   -1338.2471   0.2070%
       221      1457.18      1731.39   -1341.0175   -1338.2471   0.2070%
       222      1464.44      1742.80   -1341.0155   -1338.2471   0.2069%
       223      1470.94      1753.64   -1341.0155   -1338.2471   0.2069%
       224      1476.92      1763.70   -1341.0062   -1338.2471   0.2062%
       225      1479.24      1770.79   -1341.0062   -1338.2471   0.2062%
       226      1485.52      1781.24   -1340.9971   -1338.2471   0.2055%
       227      1496.21      1795.78   -1340.9875   -1338.2471   0.2048%
       228      1502.56      1806.25   -1340.9771   -1338.2471   0.2040%
       229      1509.94      1817.03   -1340.9767   -1338.2471   0.2040%
       230      1516.46      1827.64   -1340.9767   -1338.2471   0.2040%
       231      1523.73      1839.44   -1340.9767   -1338.2471   0.2040%
       232      1530.14      1850.16   -1340.9760   -1338.2471   0.2039%
       233      1537.37      1860.94   -1340.9676   -1338.2471   0.2033%
       234      1543.33      1871.30   -1340.9626   -1338.2471   0.2029%
       235      1549.35      1881.70   -1340.9620   -1338.2471   0.2029%
       236      1555.67      1892.41   -1340.9620   -1338.2471   0.2029%
       237      1560.47      1901.72   -1340.9529   -1338.2471   0.2022%
       238      1566.31      1911.61   -1340.9471   -1338.2471   0.2018%
       239      1571.76      1921.22   -1340.9471   -1338.2471   0.2018%
       240      1574.38      1928.94   -1340.9471   -1338.2471   0.2018%
       241      1580.21      1938.40   -1340.9471   -1338.2471   0.2018%
       242      1585.34      1948.12   -1340.9471   -1338.2471   0.2018%
       243      1590.59      1958.12   -1340.9394   -1338.2471   0.2012%
       244      1596.91      1968.98   -1340.9375   -1338.2471   0.2010%
       245      1601.48      1978.55   -1340.9375   -1338.2471   0.2010%
       246      1606.10      1988.02   -1340.9236   -1338.2471   0.2000%
       247      1612.84      1999.38   -1340.9176   -1338.2471   0.1995%
       248      1618.82      2010.54   -1340.9102   -1338.2471   0.1990%
       249      1625.99      2022.58   -1340.9045   -1338.2471   0.1986%
       250      1635.00      2035.81   -1340.9045   -1338.2471   0.1986%
       251      1642.02      2047.18   -1340.9007   -1338.2471   0.1983%
       252      1648.62      2058.12   -1340.8971   -1338.2471   0.1980%
       253      1655.53      2069.98   -1340.8953   -1338.2471   0.1979%
       254      1662.62      2081.64   -1340.8880   -1338.2471   0.1973%
       255      1668.65      2093.03   -1340.8833   -1338.2471   0.1970%
       256      1672.86      2102.82   -1340.8804   -1338.2471   0.1968%
       257      1679.69      2115.06   -1340.8804   -1338.2471   0.1968%
       258      1685.51      2126.04   -1340.8790   -1338.2471   0.1967%
       259      1688.74      2135.25   -1340.8790   -1338.2471   0.1967%
       260      1697.01      2148.64   -1340.8790   -1338.2471   0.1967%
       261      1701.10      2157.93   -1340.8702   -1338.2471   0.1960%
       262      1708.14      2170.13   -1340.8676   -1338.2471   0.1958%
       263      1711.74      2179.88   -1340.8676   -1338.2471   0.1958%
       264      1714.86      2188.52   -1340.8655   -1338.2471   0.1957%
       265      1718.63      2197.85   -1340.8655   -1338.2471   0.1957%
       266      1724.19      2208.56   -1340.8655   -1338.2471   0.1957%
       267      1729.00      2218.78   -1340.8567   -1338.2471   0.1950%
       268      1734.48      2229.42   -1340.8507   -1338.2471   0.1945%
       269      1739.33      2239.79   -1340.8482   -1338.2471   0.1944%
       270      1747.19      2253.14   -1340.8471   -1338.2471   0.1943%
       271      1752.42      2264.21   -1340.8471   -1338.2471   0.1943%
       272      1755.35      2273.26   -1340.8471   -1338.2471   0.1943%
       273      1758.29      2282.49   -1340.8471   -1338.2471   0.1943%
       274      1764.99      2294.31   -1340.8471   -1338.2471   0.1943%
       275      1770.88      2306.19   -1340.8348   -1338.2471   0.1934%
       276      1778.37      2318.86   -1340.8304   -1338.2471   0.1930%
       277      1781.71      2328.45   -1340.8304   -1338.2471   0.1930%
       278      1790.16      2341.76   -1340.8304   -1338.2471   0.1930%
       279      1798.26      2354.38   -1340.8106   -1338.2471   0.1916%
       280      1805.26      2366.90   -1340.8067   -1338.2471   0.1913%
       281      1810.17      2377.87   -1340.8062   -1338.2471   0.1912%
       282      1814.08      2388.14   -1340.8062   -1338.2471   0.1912%
       283      1823.09      2401.73   -1340.8062   -1338.2471   0.1912%
       284      1830.01      2414.41   -1340.7982   -1338.2471   0.1906%
       285      1836.58      2426.47   -1340.7971   -1338.2471   0.1905%
       286      1842.21      2437.76   -1340.7948   -1338.2471   0.1904%
       287      1850.30      2451.06   -1340.7848   -1338.2471   0.1896%
       288      1857.93      2463.61   -1340.7830   -1338.2471   0.1895%
       289      1860.97      2473.24   -1340.7830   -1338.2471   0.1895%
       290      1867.18      2484.69   -1340.7813   -1338.2471   0.1894%
       291      1873.33      2495.69   -1340.7740   -1338.2471   0.1888%
       292      1879.28      2507.70   -1340.7689   -1338.2471   0.1884%
       293      1886.62      2520.81   -1340.7606   -1338.2471   0.1878%
       294      1893.01      2531.73   -1340.7584   -1338.2471   0.1877%
       295      1897.33      2541.99   -1340.7533   -1338.2471   0.1873%
       296      1903.36      2553.61   -1340.7482   -1338.2471   0.1869%
       297      1910.62      2566.88   -1340.7471   -1338.2471   0.1868%
       298      1916.18      2577.80   -1340.7471   -1338.2471   0.1868%
       299      1918.99      2587.10   -1340.7471   -1338.2471   0.1868%
       300      1926.12      2599.58   -1340.7462   -1338.2471   0.1867%
       301      1931.87      2611.70   -1340.7448   -1338.2471   0.1866%
       302      1938.19      2623.80   -1340.7432   -1338.2471   0.1865%
       303      1943.74      2635.24   -1340.7415   -1338.2471   0.1864%
       304      1949.43      2646.53   -1340.7379   -1338.2471   0.1861%
       305      1955.19      2658.11   -1340.7348   -1338.2471   0.1859%
       306      1961.31      2670.74   -1340.7313   -1338.2471   0.1856%
       307      1968.76      2682.92   -1340.7298   -1338.2471   0.1855%
       308      1974.41      2695.03   -1340.7290   -1338.2471   0.1855%
       309      1979.58      2705.96   -1340.7260   -1338.2471   0.1852%
       310      1989.00      2720.84   -1340.7213   -1338.2471   0.1849%
       311      1995.36      2732.78   -1340.7165   -1338.2471   0.1845%
       312      2004.76      2747.18   -1340.7079   -1338.2471   0.1839%
       313      2012.40      2760.87   -1340.7079   -1338.2471   0.1839%
       314      2018.63      2772.44   -1340.7067   -1338.2471   0.1838%
       315      2025.32      2785.25   -1340.7009   -1338.2471   0.1834%
       316      2033.84      2799.77   -1340.7000   -1338.2471   0.1833%
       317      2039.51      2811.79   -1340.6971   -1338.2471   0.1831%
       318      2045.67      2824.43   -1340.6948   -1338.2471   0.1829%
       319      2052.49      2837.28   -1340.6944   -1338.2471   0.1829%
       320      2059.25      2850.43   -1340.6944   -1338.2471   0.1829%
       321      2066.30      2863.51   -1340.6913   -1338.2471   0.1826%
       322      2074.29      2877.62   -1340.6881   -1338.2471   0.1824%
       323      2082.62      2891.20   -1340.6880   -1338.2471   0.1824%
       324      2088.43      2903.67   -1340.6879   -1338.2471   0.1824%
       325      2095.07      2916.92   -1340.6879   -1338.2471   0.1824%
       326      2100.60      2929.08   -1340.6875   -1338.2471   0.1824%
       327      2107.27      2942.73   -1340.6875   -1338.2471   0.1824%
       328      2114.45      2956.00   -1340.6830   -1338.2471   0.1820%
       329      2120.09      2968.46   -1340.6830   -1338.2471   0.1820%
       330      2125.37      2980.19   -1340.6824   -1338.2471   0.1820%
       331      2134.38      2995.90   -1340.6813   -1338.2471   0.1819%
       332      2141.46      3008.64   -1340.6767   -1338.2471   0.1815%
       333      2144.61      3019.60   -1340.6767   -1338.2471   0.1815%
       334      2151.07      3032.78   -1340.6675   -1338.2471   0.1809%
       335      2159.46      3045.92   -1340.6533   -1338.2471   0.1798%
       336      2167.11      3060.04   -1340.6471   -1338.2471   0.1793%
       337      2172.70      3071.93   -1340.6471   -1338.2471   0.1793%
       338      2181.97      3086.25   -1340.6471   -1338.2471   0.1793%
       339      2188.92      3100.07   -1340.6471   -1338.2471   0.1793%
       340      2195.52      3113.75   -1340.6471   -1338.2471   0.1793%
       341      2202.53      3127.05   -1340.6413   -1338.2471   0.1789%
       342      2209.46      3140.15   -1340.6396   -1338.2471   0.1788%
       343      2214.71      3152.54   -1340.6380   -1338.2471   0.1787%
       344      2220.85      3165.39   -1340.6330   -1338.2471   0.1783%
       345      2227.67      3179.46   -1340.6322   -1338.2471   0.1782%
       346      2232.77      3191.96   -1340.6310   -1338.2471   0.1781%
       347      2240.78      3206.54   -1340.6310   -1338.2471   0.1781%
       348      2249.00      3222.08   -1340.6260   -1338.2471   0.1778%
       349      2253.99      3234.97   -1340.6260   -1338.2471   0.1778%
       350      2260.24      3248.06   -1340.6239   -1338.2471   0.1776%
       351      2267.50      3262.49   -1340.6176   -1338.2471   0.1771%
       352      2272.70      3274.45   -1340.6176   -1338.2471   0.1771%
       353      2278.83      3288.25   -1340.6126   -1338.2471   0.1768%
       354      2286.82      3303.50   -1340.6062   -1338.2471   0.1763%
       355      2294.51      3318.51   -1340.6009   -1338.2471   0.1759%
       356      2301.71      3332.35   -1340.6009   -1338.2471   0.1759%
       357      2308.08      3345.33   -1340.6009   -1338.2471   0.1759%
       358      2312.98      3358.62   -1340.5971   -1338.2471   0.1756%
       359      2320.81      3373.55   -1340.5971   -1338.2471   0.1756%
       360      2328.96      3388.97   -1340.5971   -1338.2471   0.1756%
       361      2335.48      3403.22   -1340.5971   -1338.2471   0.1756%
       362      2342.68      3417.25   -1340.5915   -1338.2471   0.1752%
       363      2350.18      3433.19   -1340.5879   -1338.2471   0.1749%
       364      2356.69      3446.58   -1340.5875   -1338.2471   0.1749%
       365      2362.58      3459.82   -1340.5875   -1338.2471   0.1749%
       366      2368.27      3473.30   -1340.5740   -1338.2471   0.1739%
       367      2374.78      3486.81   -1340.5676   -1338.2471   0.1734%
       368      2381.80      3501.55   -1340.5620   -1338.2471   0.1730%
       369      2389.15      3516.30   -1340.5606   -1338.2471   0.1729%
       370      2395.28      3530.20   -1340.5567   -1338.2471   0.1726%
       371      2399.73      3542.49   -1340.5471   -1338.2471   0.1719%
       372      2405.98      3556.46   -1340.5471   -1338.2471   0.1719%
       373      2411.25      3569.97   -1340.5471   -1338.2471   0.1719%
       374      2414.87      3581.73   -1340.5471   -1338.2471   0.1719%
       375      2421.58      3595.99   -1340.5424   -1338.2471   0.1715%
       376      2424.51      3607.51   -1340.5424   -1338.2471   0.1715%
       377      2427.46      3618.42   -1340.5424   -1338.2471   0.1715%
       378      2432.89      3631.92   -1340.5422   -1338.2471   0.1715%
       379      2438.20      3645.29   -1340.5380   -1338.2471   0.1712%
       380      2441.44      3656.42   -1340.5380   -1338.2471   0.1712%
       381      2447.64      3670.83   -1340.5304   -1338.2471   0.1706%
       382      2454.12      3684.75   -1340.5304   -1338.2471   0.1706%
       383      2460.44      3700.02   -1340.5290   -1338.2471   0.1705%
       384      2463.32      3711.48   -1340.5290   -1338.2471   0.1705%
       385      2466.20      3722.35   -1340.5290   -1338.2471   0.1705%
       386      2471.61      3735.94   -1340.5290   -1338.2471   0.1705%
       387      2478.27      3750.83   -1340.5281   -1338.2471   0.1704%
       388      2483.89      3764.50   -1340.5271   -1338.2471   0.1704%
       389      2491.28      3779.82   -1340.5267   -1338.2471   0.1703%
       390      2499.53      3795.46   -1340.5267   -1338.2471   0.1703%
       391      2509.43      3812.18   -1340.5267   -1338.2471   0.1703%
       392      2516.34      3826.52   -1340.5260   -1338.2471   0.1703%
       393      2526.15      3844.71   -1340.5260   -1338.2471   0.1703%
       394      2532.50      3859.46   -1340.5193   -1338.2471   0.1698%
       395      2539.21      3874.27   -1340.5176   -1338.2471   0.1697%
       396      2547.89      3891.35   -1340.5176   -1338.2471   0.1697%
       397      2550.29      3902.81   -1340.5176   -1338.2471   0.1697%
       398      2552.70      3913.66   -1340.5176   -1338.2471   0.1697%
       399      2557.50      3927.64   -1340.5155   -1338.2471   0.1695%
       400      2560.81      3939.61   -1340.5155   -1338.2471   0.1695%
       401      2564.15      3952.06   -1340.5155   -1338.2471   0.1695%
       402      2569.09      3966.03   -1340.5155   -1338.2471   0.1695%
       403      2575.27      3979.95   -1340.5137   -1338.2471   0.1694%
       404      2583.38      3996.54   -1340.5120   -1338.2471   0.1692%
       405      2586.01      4007.48   -1340.5120   -1338.2471   0.1692%
       406      2592.15      4021.75   -1340.5062   -1338.2471   0.1688%
       407      2597.22      4035.73   -1340.5062   -1338.2471   0.1688%
       408      2606.11      4050.82   -1340.5029   -1338.2471   0.1686%
       409      2613.29      4065.95   -1340.5007   -1338.2471   0.1684%
       410      2618.65      4080.07   -1340.4982   -1338.2471   0.1682%
       411      2624.40      4093.84   -1340.4981   -1338.2471   0.1682%
       412      2631.11      4109.06   -1340.4971   -1338.2471   0.1681%
       413      2636.20      4122.46   -1340.4971   -1338.2471   0.1681%
       414      2639.75      4134.05   -1340.4971   -1338.2471   0.1681%
       415      2643.53      4146.83   -1340.4894   -1338.2471   0.1676%
       416      2652.90      4164.23   -1340.4848   -1338.2471   0.1672%
       417      2659.90      4179.68   -1340.4767   -1338.2471   0.1666%
       418      2661.62      4191.47   -1340.4767   -1338.2471   0.1666%
       419      2666.07      4204.40   -1340.4767   -1338.2471   0.1666%
       420      2671.81      4218.99   -1340.4767   -1338.2471   0.1666%
       421      2677.88      4234.60   -1340.4744   -1338.2471   0.1664%
       422      2679.86      4245.74   -1340.4744   -1338.2471   0.1664%
       423      2688.19      4262.76   -1340.4740   -1338.2471   0.1664%
       424      2694.60      4278.55   -1340.4736   -1338.2471   0.1664%
       425      2703.87      4294.20   -1340.4676   -1338.2471   0.1659%
       426      2709.30      4309.36   -1340.4606   -1338.2471   0.1654%
       427      2713.53      4322.28   -1340.4602   -1338.2471   0.1654%
       428      2719.00      4336.46   -1340.4567   -1338.2471   0.1651%
       429      2725.12      4352.30   -1340.4545   -1338.2471   0.1649%
       430      2732.63      4367.90   -1340.4545   -1338.2471   0.1649%
       431      2740.57      4384.12   -1340.4471   -1338.2471   0.1644%
       432      2745.74      4398.66   -1340.4471   -1338.2471   0.1644%
       433      2752.55      4413.91   -1340.4471   -1338.2471   0.1644%
       434      2759.90      4430.53   -1340.4471   -1338.2471   0.1644%
       435      2764.73      4445.19   -1340.4448   -1338.2471   0.1642%
       436      2772.26      4460.28   -1340.4388   -1338.2471   0.1638%
       437      2778.42      4475.98   -1340.4333   -1338.2471   0.1634%
       438      2786.27      4492.55   -1340.4313   -1338.2471   0.1632%
       439      2795.00      4509.50   -1340.4271   -1338.2471   0.1629%
       440      2802.19      4525.34   -1340.4267   -1338.2471   0.1629%
       441      2806.39      4538.46   -1340.4232   -1338.2471   0.1626%
       442      2814.37      4554.74   -1340.4221   -1338.2471   0.1625%
       443      2825.10      4575.09   -1340.4213   -1338.2471   0.1625%
       444      2828.71      4587.40   -1340.4204   -1338.2471   0.1624%
       445      2838.25      4606.10   -1340.4202   -1338.2471   0.1624%
       446      2846.75      4624.45   -1340.4194   -1338.2471   0.1623%
       447      2852.44      4638.87   -1340.4194   -1338.2471   0.1623%
       448      2860.65      4654.35   -1340.4194   -1338.2471   0.1623%
       449      2866.29      4669.39   -1340.4174   -1338.2471   0.1622%
       450      2874.45      4686.21   -1340.4087   -1338.2471   0.1615%
       451      2880.55      4702.27   -1340.4079   -1338.2471   0.1615%
       452      2889.16      4719.08   -1340.4067   -1338.2471   0.1614%
       453      2894.49      4733.31   -1340.4063   -1338.2471   0.1613%
       454      2901.84      4749.55   -1340.4033   -1338.2471   0.1611%
       455      2908.42      4765.00   -1340.3971   -1338.2471   0.1607%
       456      2913.09      4779.44   -1340.3971   -1338.2471   0.1607%
       457      2919.75      4795.56   -1340.3953   -1338.2471   0.1605%
       458      2925.59      4810.23   -1340.3953   -1338.2471   0.1605%
       459      2930.96      4825.62   -1340.3953   -1338.2471   0.1605%
       460      2938.89      4843.47   -1340.3913   -1338.2471   0.1602%
       461      2944.94      4858.30   -1340.3913   -1338.2471   0.1602%
       462      2949.79      4872.80   -1340.3804   -1338.2471   0.1594%
       463      2952.56      4886.24   -1340.3804   -1338.2471   0.1594%
       464      2960.96      4902.88   -1340.3804   -1338.2471   0.1594%
       465      2968.56      4921.06   -1340.3736   -1338.2471   0.1589%
       466      2975.90      4938.10   -1340.3669   -1338.2471   0.1584%
       467      2984.14      4955.91   -1340.3620   -1338.2471   0.1580%
       468      2991.07      4973.46   -1340.3602   -1338.2471   0.1579%
       469      2996.38      4988.79   -1340.3528   -1338.2471   0.1573%
       470      3002.30      5004.10   -1340.3482   -1338.2471   0.1570%
       471      3008.31      5020.47   -1340.3482   -1338.2471   0.1570%
       472      3014.68      5036.46   -1340.3471   -1338.2471   0.1569%
       473      3020.85      5051.33   -1340.3471   -1338.2471   0.1569%
       474      3022.75      5064.46   -1340.3471   -1338.2471   0.1569%
       475      3027.32      5079.02   -1340.3471   -1338.2471   0.1569%
       476      3033.47      5094.63   -1340.3415   -1338.2471   0.1565%
       477      3041.58      5112.63   -1340.3379   -1338.2471   0.1562%
       478      3047.26      5128.37   -1340.3379   -1338.2471   0.1562%
       479      3054.55      5144.50   -1340.3348   -1338.2471   0.1560%
       480      3063.21      5163.42   -1340.3348   -1338.2471   0.1560%
       481      3067.43      5177.75   -1340.3333   -1338.2471   0.1559%
       482      3074.58      5194.95   -1340.3322   -1338.2471   0.1558%
       483      3077.22      5208.52   -1340.3322   -1338.2471   0.1558%
       484      3083.32      5224.83   -1340.3260   -1338.2471   0.1553%
       485      3091.18      5242.40   -1340.3202   -1338.2471   0.1549%
       486      3096.12      5257.46   -1340.3164   -1338.2471   0.1546%
       487      3101.50      5273.14   -1340.3151   -1338.2471   0.1545%
       488      3106.68      5288.27   -1340.3135   -1338.2471   0.1544%
       489      3114.80      5306.63   -1340.3106   -1338.2471   0.1542%
       490      3123.06      5325.82   -1340.3067   -1338.2471   0.1539%
       491      3127.87      5341.13   -1340.3067   -1338.2471   0.1539%
       492      3133.79      5357.77   -1340.3000   -1338.2471   0.1534%
       493      3141.57      5376.40   -1340.2982   -1338.2471   0.1533%
       494      3149.51      5393.87   -1340.2971   -1338.2471   0.1532%
       495      3158.35      5412.47   -1340.2971   -1338.2471   0.1532%
       496      3162.98      5427.56   -1340.2971   -1338.2471   0.1532%
       497      3169.75      5443.90   -1340.2962   -1338.2471   0.1531%
       498      3175.94      5460.49   -1340.2948   -1338.2471   0.1530%
       499      3181.56      5477.19   -1340.2948   -1338.2471   0.1530%
       500      3190.14      5495.08   -1340.2932   -1338.2471   0.1529%
       501      3195.27      5510.92   -1340.2915   -1338.2471   0.1528%
       502      3199.97      5526.67   -1340.2881   -1338.2471   0.1525%
       503      3208.53      5545.24   -1340.2875   -1338.2471   0.1525%
       504      3214.35      5562.13   -1340.2848   -1338.2471   0.1523%
       505      3219.31      5578.46   -1340.2843   -1338.2471   0.1522%
       506      3225.19      5594.49   -1340.2843   -1338.2471   0.1522%
       507      3231.68      5611.91   -1340.2830   -1338.2471   0.1521%
       508      3237.08      5628.68   -1340.2824   -1338.2471   0.1521%
       509      3242.90      5644.62   -1340.2813   -1338.2471   0.1520%
       510      3249.08      5662.10   -1340.2813   -1338.2471   0.1520%
       511      3259.69      5682.11   -1340.2798   -1338.2471   0.1519%
       512      3264.37      5697.06   -1340.2760   -1338.2471   0.1516%
       513      3270.64      5713.96   -1340.2760   -1338.2471   0.1516%
       514      3275.98      5730.83   -1340.2754   -1338.2471   0.1516%
       515      3280.97      5746.60   -1340.2689   -1338.2471   0.1511%
       516      3285.43      5762.94   -1340.2676   -1338.2471   0.1510%
       517      3291.10      5779.98   -1340.2665   -1338.2471   0.1509%
       518      3298.37      5797.27   -1340.2619   -1338.2471   0.1506%
       519      3306.18      5814.67   -1340.2567   -1338.2471   0.1502%
       520      3312.61      5832.83   -1340.2547   -1338.2471   0.1500%
       521      3318.94      5849.19   -1340.2533   -1338.2471   0.1499%
       522      3325.12      5865.70   -1340.2529   -1338.2471   0.1499%
       523      3332.06      5883.85   -1340.2500   -1338.2471   0.1497%
       524      3337.99      5900.28   -1340.2482   -1338.2471   0.1495%
       525      3344.57      5917.40   -1340.2481   -1338.2471   0.1495%
       526      3351.95      5936.31   -1340.2471   -1338.2471   0.1494%
       527      3357.04      5952.91   -1340.2471   -1338.2471   0.1494%
       528      3364.09      5970.70   -1340.2471   -1338.2471   0.1494%
       529      3369.58      5987.73   -1340.2462   -1338.2471   0.1494%
       530      3375.79      6005.12   -1340.2448   -1338.2471   0.1493%
       531      3381.89      6021.78   -1340.2432   -1338.2471   0.1492%
       532      3387.43      6039.24   -1340.2415   -1338.2471   0.1490%
       533      3393.16      6056.90   -1340.2413   -1338.2471   0.1490%
       534      3400.44      6074.27   -1340.2394   -1338.2471   0.1489%
       535      3406.34      6092.14   -1340.2381   -1338.2471   0.1488%
       536      3414.17      6111.35   -1340.2375   -1338.2471   0.1487%
       537      3418.92      6126.44   -1340.2348   -1338.2471   0.1485%
       538      3425.48      6144.16   -1340.2330   -1338.2471   0.1484%
       539      3432.81      6163.08   -1340.2330   -1338.2471   0.1484%
       540      3438.22      6179.79   -1340.2324   -1338.2471   0.1483%
       541      3445.37      6197.51   -1340.2322   -1338.2471   0.1483%
       542      3451.13      6215.08   -1340.2313   -1338.2471   0.1483%
       543      3457.59      6233.34   -1340.2298   -1338.2471   0.1482%
       544      3468.34      6254.09   -1340.2290   -1338.2471   0.1481%
       545      3473.67      6271.31   -1340.2239   -1338.2471   0.1477%
       546      3478.81      6288.49   -1340.2221   -1338.2471   0.1476%
       547      3484.77      6304.89   -1340.2173   -1338.2471   0.1472%
       548      3490.17      6322.18   -1340.2045   -1338.2471   0.1463%
       549      3496.70      6340.77   -1340.2033   -1338.2471   0.1462%
       550      3501.14      6356.64   -1340.1982   -1338.2471   0.1458%
       551      3507.76      6375.52   -1340.1982   -1338.2471   0.1458%
       552      3514.11      6394.29   -1340.1971   -1338.2471   0.1457%
       553      3519.64      6411.10   -1340.1971   -1338.2471   0.1457%
       554      3526.01      6428.01   -1340.1971   -1338.2471   0.1457%
       555      3533.39      6447.35   -1340.1971   -1338.2471   0.1457%
       556      3537.79      6463.35   -1340.1971   -1338.2471   0.1457%
       557      3544.64      6480.72   -1340.1962   -1338.2471   0.1456%
       558      3552.58      6500.77   -1340.1948   -1338.2471   0.1455%
       559      3559.48      6519.84   -1340.1932   -1338.2471   0.1454%
       560      3565.94      6538.41   -1340.1915   -1338.2471   0.1453%
       561      3572.61      6557.32   -1340.1896   -1338.2471   0.1452%
       562      3579.65      6576.43   -1340.1881   -1338.2471   0.1450%
       563      3584.25      6592.28   -1340.1880   -1338.2471   0.1450%
       564      3591.36      6610.44   -1340.1879   -1338.2471   0.1450%
       565      3597.63      6628.79   -1340.1875   -1338.2471   0.1450%
       566      3603.14      6646.30   -1340.1865   -1338.2471   0.1449%
       567      3612.12      6667.24   -1340.1824   -1338.2471   0.1446%
       568      3619.61      6687.03   -1340.1813   -1338.2471   0.1445%
       569      3627.37      6707.32   -1340.1798   -1338.2471   0.1444%
       570      3633.72      6725.55   -1340.1771   -1338.2471   0.1442%
       571      3640.40      6743.93   -1340.1767   -1338.2471   0.1442%
       572      3647.18      6763.18   -1340.1767   -1338.2471   0.1442%
       573      3652.50      6780.34   -1340.1767   -1338.2471   0.1442%
       574      3658.41      6798.57   -1340.1739   -1338.2471   0.1440%
       575      3665.84      6817.90   -1340.1685   -1338.2471   0.1436%
       576      3669.96      6834.89   -1340.1665   -1338.2471   0.1434%
       577      3676.64      6852.23   -1340.1620   -1338.2471   0.1431%
       578      3680.84      6869.06   -1340.1620   -1338.2471   0.1431%
       579      3685.02      6885.71   -1340.1620   -1338.2471   0.1431%
       580      3690.86      6903.18   -1340.1567   -1338.2471   0.1427%
       581      3694.17      6918.96   -1340.1567   -1338.2471   0.1427%
       582      3698.74      6936.30   -1340.1535   -1338.2471   0.1425%
       583      3704.53      6954.25   -1340.1529   -1338.2471   0.1424%
       584      3709.70      6971.62   -1340.1509   -1338.2471   0.1423%
       585      3716.72      6990.96   -1340.1471   -1338.2471   0.1420%
       586      3719.68      7007.07   -1340.1471   -1338.2471   0.1420%
       587      3722.63      7021.94   -1340.1471   -1338.2471   0.1420%
       588      3727.56      7039.68   -1340.1471   -1338.2471   0.1420%
       589      3733.90      7058.60   -1340.1471   -1338.2471   0.1420%
       590      3739.31      7076.50   -1340.1471   -1338.2471   0.1420%
       591      3742.02      7091.89   -1340.1471   -1338.2471   0.1420%
       592      3749.82      7112.14   -1340.1471   -1338.2471   0.1420%
       593      3757.33      7131.84   -1340.1471   -1338.2471   0.1420%
       594      3763.72      7149.70   -1340.1448   -1338.2471   0.1418%
       595      3770.08      7168.66   -1340.1448   -1338.2471   0.1418%
       596      3776.21      7186.93   -1340.1442   -1338.2471   0.1418%
       597      3780.97      7204.01   -1340.1413   -1338.2471   0.1415%
       598      3785.08      7221.42   -1340.1394   -1338.2471   0.1414%
       599      3790.52      7239.46   -1340.1380   -1338.2471   0.1413%
       600      3797.08      7257.93   -1340.1379   -1338.2471   0.1413%
       601      3803.03      7276.18   -1340.1375   -1338.2471   0.1413%
       602      3808.77      7294.84   -1340.1330   -1338.2471   0.1409%
       603      3815.02      7314.15   -1340.1281   -1338.2471   0.1406%
       604      3820.80      7332.54   -1340.1260   -1338.2471   0.1404%
       605      3825.51      7350.54   -1340.1236   -1338.2471   0.1402%
       606      3832.61      7370.47   -1340.1232   -1338.2471   0.1402%
       607      3840.56      7391.42   -1340.1193   -1338.2471   0.1399%
       608      3848.78      7411.71   -1340.1176   -1338.2471   0.1398%
       609      3856.55      7432.69   -1340.1176   -1338.2471   0.1398%
       610      3862.44      7451.81   -1340.1176   -1338.2471   0.1398%
       611      3870.88      7472.75   -1340.1165   -1338.2471   0.1397%
       612      3877.57      7492.20   -1340.1120   -1338.2471   0.1394%
       613      3886.90      7514.37   -1340.1106   -1338.2471   0.1392%
       614      3896.01      7536.51   -1340.1102   -1338.2471   0.1392%
       615      3901.47      7554.71   -1340.1098   -1338.2471   0.1392%
       616      3907.78      7573.76   -1340.1067   -1338.2471   0.1390%
       617      3914.84      7594.32   -1340.1062   -1338.2471   0.1389%
       618      3919.78      7612.43   -1340.1045   -1338.2471   0.1388%
       619      3925.78      7631.54   -1340.1045   -1338.2471   0.1388%
       620      3932.71      7651.61   -1340.1033   -1338.2471   0.1387%
       621      3938.95      7671.26   -1340.1033   -1338.2471   0.1387%
       622      3945.02      7689.40   -1340.1000   -1338.2471   0.1385%
       623      3953.98      7710.26   -1340.0982   -1338.2471   0.1383%
       624      3960.03      7729.54   -1340.0981   -1338.2471   0.1383%
       625      3967.08      7748.98   -1340.0971   -1338.2471   0.1382%
       626      3972.54      7767.40   -1340.0971   -1338.2471   0.1382%
       627      3976.42      7785.21   -1340.0971   -1338.2471   0.1382%
       628      3984.66      7807.30   -1340.0971   -1338.2471   0.1382%
       629      3990.16      7825.33   -1340.0971   -1338.2471   0.1382%
       630      3994.94      7844.34   -1340.0971   -1338.2471   0.1382%
       631      4005.27      7867.18   -1340.0971   -1338.2471   0.1382%
       632      4009.96      7886.30   -1340.0971   -1338.2471   0.1382%
       633      4019.15      7908.96   -1340.0922   -1338.2471   0.1379%
       634      4025.69      7929.75   -1340.0915   -1338.2471   0.1378%
       635      4031.25      7948.69   -1340.0915   -1338.2471   0.1378%
       636      4037.16      7967.51   -1340.0896   -1338.2471   0.1377%
       637      4042.48      7985.78   -1340.0848   -1338.2471   0.1373%
       638      4051.24      8008.82   -1340.0836   -1338.2471   0.1372%
       639      4057.51      8028.89   -1340.0833   -1338.2471   0.1372%
       640      4062.68      8047.33   -1340.0817   -1338.2471   0.1371%
       641      4071.35      8068.90   -1340.0781   -1338.2471   0.1368%
       642      4077.98      8088.70   -1340.0760   -1338.2471   0.1367%
       643      4084.64      8108.56   -1340.0760   -1338.2471   0.1367%
       644      4088.49      8127.17   -1340.0750   -1338.2471   0.1366%
       645      4093.84      8146.70   -1340.0744   -1338.2471   0.1365%
       646      4099.52      8166.23   -1340.0744   -1338.2471   0.1365%
       647      4109.21      8189.15   -1340.0740   -1338.2471   0.1365%
       648      4114.50      8207.44   -1340.0702   -1338.2471   0.1362%
       649      4121.52      8228.57   -1340.0702   -1338.2471   0.1362%
       650      4126.36      8247.15   -1340.0698   -1338.2471   0.1362%
       651      4131.52      8265.68   -1340.0693   -1338.2471   0.1362%
       652      4137.12      8285.56   -1340.0676   -1338.2471   0.1360%
       653      4142.81      8305.90   -1340.0631   -1338.2471   0.1357%
       654      4150.13      8327.32   -1340.0626   -1338.2471   0.1357%
       655      4155.09      8344.89   -1340.0606   -1338.2471   0.1355%
       656      4162.67      8366.73   -1340.0574   -1338.2471   0.1353%
       657      4170.01      8388.45   -1340.0573   -1338.2471   0.1353%
       658      4174.50      8407.39   -1340.0567   -1338.2471   0.1352%
       659      4181.77      8428.21   -1340.0567   -1338.2471   0.1352%
       660      4188.17      8449.04   -1340.0567   -1338.2471   0.1352%
       661      4192.42      8467.60   -1340.0567   -1338.2471   0.1352%
       662      4196.90      8485.96   -1340.0567   -1338.2471   0.1352%
       663      4201.90      8505.11   -1340.0563   -1338.2471   0.1352%
       664      4209.21      8526.29   -1340.0562   -1338.2471   0.1352%
       665      4213.68      8545.13   -1340.0500   -1338.2471   0.1347%
       666      4223.97      8568.94   -1340.0481   -1338.2471   0.1346%
       667      4229.09      8588.39   -1340.0471   -1338.2471   0.1345%
       668      4236.17      8609.11   -1340.0471   -1338.2471   0.1345%
       669      4241.56      8629.11   -1340.0471   -1338.2471   0.1345%
       670      4244.39      8646.47   -1340.0471   -1338.2471   0.1345%
       671      4250.60      8667.55   -1340.0468   -1338.2471   0.1345%
       672      4257.41      8688.89   -1340.0448   -1338.2471   0.1343%
       673      4266.35      8711.65   -1340.0388   -1338.2471   0.1339%
       674      4272.77      8731.95   -1340.0384   -1338.2471   0.1339%
       675      4277.96      8751.62   -1340.0381   -1338.2471   0.1338%
       676      4284.90      8772.52   -1340.0381   -1338.2471   0.1338%
       677      4290.25      8792.43   -1340.0366   -1338.2471   0.1337%
       678      4296.92      8813.68   -1340.0324   -1338.2471   0.1334%
       679      4303.37      8834.77   -1340.0313   -1338.2471   0.1333%
       680      4309.32      8855.08   -1340.0313   -1338.2471   0.1333%
       681      4316.43      8876.08   -1340.0304   -1338.2471   0.1333%
       682      4318.70      8894.11   -1340.0304   -1338.2471   0.1333%
       683      4320.94      8911.95   -1340.0304   -1338.2471   0.1333%
       684      4327.02      8932.55   -1340.0304   -1338.2471   0.1333%
       685      4333.89      8952.34   -1340.0299   -1338.2471   0.1332%
       686      4339.54      8972.99   -1340.0283   -1338.2471   0.1331%
       687      4344.26      8992.66   -1340.0281   -1338.2471   0.1331%
       688      4353.14      9015.26   -1340.0277   -1338.2471   0.1330%
       689      4358.87      9035.06   -1340.0271   -1338.2471   0.1330%
       690      4370.05      9061.24   -1340.0267   -1338.2471   0.1330%
       691      4376.48      9082.08   -1340.0267   -1338.2471   0.1330%
       692      4378.88      9100.10   -1340.0267   -1338.2471   0.1330%
       693      4385.12      9120.31   -1340.0267   -1338.2471   0.1330%
       694      4392.56      9143.03   -1340.0267   -1338.2471   0.1330%
       695      4399.33      9164.95   -1340.0244   -1338.2471   0.1328%
       696      4403.22      9184.53   -1340.0244   -1338.2471   0.1328%
       697      4409.70      9206.40   -1340.0240   -1338.2471   0.1328%
       698      4417.61      9228.99   -1340.0232   -1338.2471   0.1327%
       699      4425.16      9251.54   -1340.0209   -1338.2471   0.1325%
       700      4433.39      9273.63   -1340.0204   -1338.2471   0.1325%
       701      4440.93      9296.52   -1340.0176   -1338.2471   0.1323%
       702      4447.10      9317.83   -1340.0175   -1338.2471   0.1323%
       703      4453.17      9339.69   -1340.0173   -1338.2471   0.1323%
       704      4459.37      9360.23   -1340.0173   -1338.2471   0.1323%
       705      4466.36      9383.14   -1340.0106   -1338.2471   0.1318%
       706      4472.02      9403.93   -1340.0062   -1338.2471   0.1314%
       707      4474.87      9422.61   -1340.0062   -1338.2471   0.1314%
       708      4477.70      9440.77   -1340.0062   -1338.2471   0.1314%
       709      4483.68      9461.95   -1340.0062   -1338.2471   0.1314%
       710      4488.60      9482.47   -1340.0060   -1338.2471   0.1314%
       711      4494.76      9504.13   -1340.0046   -1338.2471   0.1313%
       712      4502.55      9527.28   -1340.0033   -1338.2471   0.1312%
       713      4510.25      9549.62   -1339.9989   -1338.2471   0.1309%
       714      4515.33      9570.40   -1339.9982   -1338.2471   0.1309%
       715      4522.34      9592.58   -1339.9971   -1338.2471   0.1308%
       716      4529.69      9615.38   -1339.9971   -1338.2471   0.1308%
       717      4537.35      9638.44   -1339.9971   -1338.2471   0.1308%
       718      4542.20      9659.09   -1339.9923   -1338.2471   0.1304%
       719      4548.79      9680.20   -1339.9922   -1338.2471   0.1304%
       720      4555.37      9702.26   -1339.9913   -1338.2471   0.1303%
       721      4560.30      9722.98   -1339.9888   -1338.2471   0.1301%
       722      4567.18      9744.63   -1339.9848   -1338.2471   0.1298%
       723      4573.19      9765.69   -1339.9778   -1338.2471   0.1293%
       724      4580.57      9788.31   -1339.9771   -1338.2471   0.1293%
       725      4587.36      9810.20   -1339.9767   -1338.2471   0.1292%
       726      4596.03      9834.16   -1339.9760   -1338.2471   0.1292%
       727      4603.00      9857.23   -1339.9760   -1338.2471   0.1292%
       728      4610.35      9880.03   -1339.9740   -1338.2471   0.1290%
       729      4615.94      9901.83   -1339.9739   -1338.2471   0.1290%
       730      4623.60      9924.93   -1339.9736   -1338.2471   0.1290%
       731      4629.29      9945.85   -1339.9732   -1338.2471   0.1290%
       732      4632.97      9965.19   -1339.9731   -1338.2471   0.1290%
       733      4637.32      9985.66   -1339.9721   -1338.2471   0.1289%
       734      4643.42     10007.34   -1339.9721   -1338.2471   0.1289%
       735      4649.48     10029.40   -1339.9704   -1338.2471   0.1288%
       736      4655.63     10050.79   -1339.9694   -1338.2471   0.1287%
       737      4662.25     10073.53   -1339.9694   -1338.2471   0.1287%
       738      4672.68     10099.51   -1339.9694   -1338.2471   0.1287%
       739      4678.33     10121.30   -1339.9669   -1338.2471   0.1285%
       740      4684.14     10143.15   -1339.9665   -1338.2471   0.1285%
       741      4690.62     10165.43   -1339.9640   -1338.2471   0.1283%
       742      4695.93     10186.91   -1339.9637   -1338.2471   0.1283%
       743      4704.08     10210.03   -1339.9629   -1338.2471   0.1282%
       744      4712.69     10234.89   -1339.9606   -1338.2471   0.1280%
       745      4719.33     10257.07   -1339.9602   -1338.2471   0.1280%
       746      4724.99     10278.54   -1339.9587   -1338.2471   0.1279%
       747      4732.47     10301.65   -1339.9579   -1338.2471   0.1278%
       748      4737.90     10322.62   -1339.9563   -1338.2471   0.1277%
       749      4744.12     10345.38   -1339.9537   -1338.2471   0.1275%
       750      4748.53     10366.40   -1339.9528   -1338.2471   0.1275%
       751      4754.10     10388.46   -1339.9509   -1338.2471   0.1273%
       752      4758.70     10408.34   -1339.9482   -1338.2471   0.1271%
       753      4761.64     10428.58   -1339.9482   -1338.2471   0.1271%
       754      4767.33     10450.65   -1339.9471   -1338.2471   0.1270%
       755      4770.64     10470.74   -1339.9471   -1338.2471   0.1270%
       756      4775.20     10490.41   -1339.9462   -1338.2471   0.1270%
       757      4780.83     10512.56   -1339.9448   -1338.2471   0.1269%
       758      4785.65     10533.98   -1339.9432   -1338.2471   0.1267%
       759      4792.04     10556.77   -1339.9415   -1338.2471   0.1266%
       760      4794.96     10575.86   -1339.9415   -1338.2471   0.1266%
       761      4805.02     10600.87   -1339.9415   -1338.2471   0.1266%
       762      4811.90     10624.29   -1339.9388   -1338.2471   0.1264%
       763      4817.88     10647.07   -1339.9379   -1338.2471   0.1263%
       764      4823.88     10669.04   -1339.9377   -1338.2471   0.1263%
       765      4829.48     10691.17   -1339.9348   -1338.2471   0.1261%
       766      4832.94     10711.73   -1339.9348   -1338.2471   0.1261%
       767      4838.02     10733.27   -1339.9333   -1338.2471   0.1260%
       768      4846.07     10757.61   -1339.9322   -1338.2471   0.1259%
       769      4855.18     10781.84   -1339.9322   -1338.2471   0.1259%
       770      4861.66     10804.60   -1339.9313   -1338.2471   0.1259%
       771      4867.72     10827.59   -1339.9310   -1338.2471   0.1258%
       772      4874.05     10850.94   -1339.9298   -1338.2471   0.1257%
       773      4880.08     10873.70   -1339.9290   -1338.2471   0.1257%
       774      4885.07     10895.54   -1339.9267   -1338.2471   0.1255%
       775      4891.18     10918.52   -1339.9260   -1338.2471   0.1255%
       776      4898.98     10942.26   -1339.9243   -1338.2471   0.1253%
       777      4904.87     10964.67   -1339.9236   -1338.2471   0.1253%
       778      4909.51     10986.39   -1339.9202   -1338.2471   0.1250%
       779      4915.21     11009.03   -1339.9174   -1338.2471   0.1248%
       780      4921.38     11031.87   -1339.9169   -1338.2471   0.1248%
       781      4927.69     11054.79   -1339.9165   -1338.2471   0.1247%
       782      4932.22     11076.55   -1339.9151   -1338.2471   0.1246%
       783      4936.09     11097.73   -1339.9135   -1338.2471   0.1245%
       784      4941.17     11119.39   -1339.9130   -1338.2471   0.1245%
       785      4948.36     11142.30   -1339.9120   -1338.2471   0.1244%
       786      4954.20     11165.64   -1339.9102   -1338.2471   0.1243%
       787      4962.37     11190.47   -1339.9067   -1338.2471   0.1240%
       788      4964.86     11210.41   -1339.9067   -1338.2471   0.1240%
       789      4969.91     11232.39   -1339.9067   -1338.2471   0.1240%
       790      4977.33     11256.79   -1339.9031   -1338.2471   0.1237%
       791      4984.83     11281.57   -1339.9028   -1338.2471   0.1237%
       792      4993.11     11306.44   -1339.9010   -1338.2471   0.1236%
       793      4999.27     11329.69   -1339.9009   -1338.2471   0.1236%
       794      5005.38     11353.05   -1339.9009   -1338.2471   0.1236%
       795      5010.48     11375.39   -1339.9000   -1338.2471   0.1235%
       796      5014.21     11397.14   -1339.9000   -1338.2471   0.1235%
       797      5019.14     11419.22   -1339.8982   -1338.2471   0.1234%
       798      5024.56     11441.72   -1339.8982   -1338.2471   0.1234%
       799      5029.08     11464.02   -1339.8971   -1338.2471   0.1233%
       800      5035.69     11488.20   -1339.8971   -1338.2471   0.1233%
       801      5044.12     11513.32   -1339.8971   -1338.2471   0.1233%
       802      5051.04     11535.73   -1339.8971   -1338.2471   0.1233%
       803      5058.26     11560.18   -1339.8962   -1338.2471   0.1232%
       804      5064.43     11583.87   -1339.8953   -1338.2471   0.1232%
       805      5067.11     11604.61   -1339.8953   -1338.2471   0.1232%
       806      5073.33     11628.02   -1339.8953   -1338.2471   0.1232%
       807      5080.38     11651.43   -1339.8953   -1338.2471   0.1232%
       808      5087.43     11675.61   -1339.8948   -1338.2471   0.1231%
       809      5091.16     11697.37   -1339.8948   -1338.2471   0.1231%
       810      5096.16     11719.74   -1339.8943   -1338.2471   0.1231%
       811      5103.67     11744.11   -1339.8926   -1338.2471   0.1230%
       812      5108.29     11765.54   -1339.8925   -1338.2471   0.1230%
       813      5114.80     11789.45   -1339.8915   -1338.2471   0.1229%
       814      5120.96     11813.04   -1339.8915   -1338.2471   0.1229%
       815      5130.86     11840.13   -1339.8913   -1338.2471   0.1229%
       816      5137.13     11863.97   -1339.8913   -1338.2471   0.1229%
       817      5143.22     11887.76   -1339.8895   -1338.2471   0.1227%
       818      5148.30     11910.50   -1339.8881   -1338.2471   0.1226%
       819      5151.96     11931.73   -1339.8881   -1338.2471   0.1226%
       820      5160.62     11957.76   -1339.8880   -1338.2471   0.1226%
       821      5163.81     11979.63   -1339.8880   -1338.2471   0.1226%
       822      5175.07     12008.24   -1339.8876   -1338.2471   0.1226%
       823      5184.31     12034.58   -1339.8875   -1338.2471   0.1226%
       824      5194.52     12061.47   -1339.8875   -1338.2471   0.1226%
       825      5200.29     12085.22   -1339.8867   -1338.2471   0.1225%
       826      5207.10     12109.23   -1339.8848   -1338.2471   0.1224%
       827      5213.92     12133.44   -1339.8842   -1338.2471   0.1223%
       828      5223.26     12159.52   -1339.8833   -1338.2471   0.1223%
       829      5232.99     12186.40   -1339.8830   -1338.2471   0.1222%
       830      5238.14     12209.70   -1339.8830   -1338.2471   0.1222%
       831      5242.81     12232.21   -1339.8828   -1338.2471   0.1222%
       832      5249.81     12256.93   -1339.8824   -1338.2471   0.1222%
       833      5254.22     12279.94   -1339.8824   -1338.2471   0.1222%
       834      5259.59     12303.43   -1339.8813   -1338.2471   0.1221%
       835      5264.69     12326.40   -1339.8813   -1338.2471   0.1221%
       836      5272.66     12350.50   -1339.8781   -1338.2471   0.1219%
       837      5278.47     12374.09   -1339.8775   -1338.2471   0.1218%
       838      5283.38     12397.08   -1339.8775   -1338.2471   0.1218%
       839      5290.22     12422.24   -1339.8771   -1338.2471   0.1218%
       840      5295.13     12445.09   -1339.8771   -1338.2471   0.1218%
       841      5302.47     12470.45   -1339.8760   -1338.2471   0.1217%
       842      5310.27     12495.85   -1339.8760   -1338.2471   0.1217%
       843      5317.83     12521.72   -1339.8732   -1338.2471   0.1215%
       844      5326.70     12548.92   -1339.8731   -1338.2471   0.1215%
       845      5332.27     12571.96   -1339.8721   -1338.2471   0.1214%
       846      5336.92     12594.73   -1339.8721   -1338.2471   0.1214%
       847      5343.95     12618.05   -1339.8708   -1338.2471   0.1213%
       848      5349.46     12642.43   -1339.8708   -1338.2471   0.1213%
       849      5358.20     12668.99   -1339.8702   -1338.2471   0.1213%
       850      5363.46     12692.55   -1339.8694   -1338.2471   0.1212%
       851      5369.67     12716.76   -1339.8693   -1338.2471   0.1212%
       852      5377.11     12742.79   -1339.8676   -1338.2471   0.1211%
       853      5383.39     12766.29   -1339.8671   -1338.2471   0.1211%
       854      5390.79     12791.26   -1339.8665   -1338.2471   0.1210%
       855      5399.57     12818.20   -1339.8664   -1338.2471   0.1210%
       856      5405.85     12842.85   -1339.8654   -1338.2471   0.1209%
       857      5412.51     12867.17   -1339.8651   -1338.2471   0.1209%
       858      5417.33     12890.12   -1339.8635   -1338.2471   0.1208%
       859      5423.60     12914.92   -1339.8620   -1338.2471   0.1207%
       860      5431.97     12941.86   -1339.8619   -1338.2471   0.1207%
       861      5437.12     12966.00   -1339.8604   -1338.2471   0.1205%
       862      5442.93     12990.16   -1339.8598   -1338.2471   0.1205%
       863      5450.36     13015.87   -1339.8587   -1338.2471   0.1204%
       864      5457.37     13041.25   -1339.8573   -1338.2471   0.1203%
       865      5462.89     13065.59   -1339.8567   -1338.2471   0.1203%
       866      5469.30     13090.87   -1339.8567   -1338.2471   0.1203%
       867      5472.61     13112.75   -1339.8567   -1338.2471   0.1203%
       868      5476.73     13135.02   -1339.8563   -1338.2471   0.1202%
       869      5487.09     13161.55   -1339.8533   -1338.2471   0.1200%
       870      5490.92     13184.62   -1339.8533   -1338.2471   0.1200%
       871      5496.73     13208.77   -1339.8529   -1338.2471   0.1200%
       872      5502.56     13233.26   -1339.8528   -1338.2471   0.1200%
       873      5508.98     13258.73   -1339.8500   -1338.2471   0.1198%
       874      5515.27     13282.49   -1339.8500   -1338.2471   0.1198%
       875      5521.90     13307.93   -1339.8482   -1338.2471   0.1196%
       876      5524.63     13329.89   -1339.8482   -1338.2471   0.1196%
       877      5530.18     13354.20   -1339.8481   -1338.2471   0.1196%
       878      5535.04     13377.95   -1339.8471   -1338.2471   0.1196%
       879      5542.80     13403.15   -1339.8471   -1338.2471   0.1196%
       880      5549.52     13428.29   -1339.8471   -1338.2471   0.1196%
       881      5555.83     13453.49   -1339.8471   -1338.2471   0.1196%
       882      5564.08     13480.07   -1339.8471   -1338.2471   0.1196%
       883      5568.00     13502.16   -1339.8471   -1338.2471   0.1196%
       884      5572.87     13526.69   -1339.8471   -1338.2471   0.1196%
       885      5581.04     13553.26   -1339.8453   -1338.2471   0.1194%
       886      5588.15     13579.79   -1339.8448   -1338.2471   0.1194%
       887      5595.04     13605.30   -1339.8427   -1338.2471   0.1192%
       888      5601.13     13629.97   -1339.8418   -1338.2471   0.1192%
       889      5606.15     13654.49   -1339.8415   -1338.2471   0.1191%
       890      5608.47     13676.70   -1339.8415   -1338.2471   0.1191%
       891      5617.06     13704.43   -1339.8413   -1338.2471   0.1191%
       892      5622.46     13728.85   -1339.8413   -1338.2471   0.1191%
       893      5626.29     13752.51   -1339.8413   -1338.2471   0.1191%
       894      5632.14     13777.25   -1339.8396   -1338.2471   0.1190%
       895      5639.71     13803.27   -1339.8381   -1338.2471   0.1189%
       896      5645.27     13828.24   -1339.8366   -1338.2471   0.1188%
       897      5650.35     13852.79   -1339.8360   -1338.2471   0.1187%
       898      5656.01     13877.56   -1339.8348   -1338.2471   0.1186%
       899      5659.98     13901.58   -1339.8348   -1338.2471   0.1186%
       900      5666.88     13927.59   -1339.8324   -1338.2471   0.1185%
       901      5672.04     13951.93   -1339.8324   -1338.2471   0.1185%
       902      5677.26     13976.83   -1339.8323   -1338.2471   0.1185%
       903      5683.22     14002.36   -1339.8322   -1338.2471   0.1184%
       904      5687.93     14026.58   -1339.8317   -1338.2471   0.1184%
       905      5695.94     14053.36   -1339.8313   -1338.2471   0.1184%
       906      5702.82     14079.51   -1339.8307   -1338.2471   0.1183%
       907      5710.70     14106.50   -1339.8299   -1338.2471   0.1183%
       908      5718.51     14134.05   -1339.8260   -1338.2471   0.1180%
       909      5725.37     14159.78   -1339.8250   -1338.2471   0.1179%
       910      5731.61     14185.58   -1339.8240   -1338.2471   0.1178%
       911      5735.98     14209.36   -1339.8240   -1338.2471   0.1178%
       912      5741.51     14234.67   -1339.8239   -1338.2471   0.1178%
       913      5744.77     14257.96   -1339.8239   -1338.2471   0.1178%
       914      5749.30     14282.15   -1339.8236   -1338.2471   0.1178%
       915      5756.39     14308.68   -1339.8236   -1338.2471   0.1178%
       916      5762.97     14334.78   -1339.8221   -1338.2471   0.1177%
       917      5768.25     14360.07   -1339.8198   -1338.2471   0.1175%
       918      5775.57     14387.44   -1339.8173   -1338.2471   0.1173%
       919      5784.43     14415.47   -1339.8173   -1338.2471   0.1173%
       920      5791.75     14442.39   -1339.8173   -1338.2471   0.1173%
       921      5796.13     14466.49   -1339.8164   -1338.2471   0.1173%
       922      5802.49     14492.94   -1339.8162   -1338.2471   0.1173%
       923      5808.73     14519.40   -1339.8162   -1338.2471   0.1173%
       924      5813.23     14543.55   -1339.8142   -1338.2471   0.1171%
       925      5817.83     14567.54   -1339.8138   -1338.2471   0.1171%
       926      5827.61     14593.99   -1339.8131   -1338.2471   0.1170%
       927      5834.08     14620.70   -1339.8131   -1338.2471   0.1170%
       928      5842.37     14648.58   -1339.8119   -1338.2471   0.1169%
       929      5848.01     14673.72   -1339.8116   -1338.2471   0.1169%
       930      5854.28     14699.62   -1339.8074   -1338.2471   0.1166%
       931      5858.49     14723.68   -1339.8063   -1338.2471   0.1165%
       932      5864.92     14750.00   -1339.8063   -1338.2471   0.1165%
       933      5870.17     14775.36   -1339.8062   -1338.2471   0.1165%
       934      5875.49     14800.39   -1339.8049   -1338.2471   0.1164%
       935      5881.06     14825.98   -1339.8047   -1338.2471   0.1164%
       936      5887.75     14852.61   -1339.8038   -1338.2471   0.1163%
       937      5894.22     14879.64   -1339.8033   -1338.2471   0.1163%
       938      5900.64     14905.95   -1339.8033   -1338.2471   0.1163%
       939      5906.44     14931.53   -1339.8029   -1338.2471   0.1163%
       940      5913.40     14958.64   -1339.8027   -1338.2471   0.1162%
       941      5924.21     14988.33   -1339.8021   -1338.2471   0.1162%
       942      5934.38     15018.48   -1339.8019   -1338.2471   0.1162%
       943      5941.04     15045.28   -1339.8017   -1338.2471   0.1162%
       944      5947.93     15071.99   -1339.8009   -1338.2471   0.1161%
       945      5955.53     15099.80   -1339.7994   -1338.2471   0.1160%
       946      5961.54     15126.08   -1339.7982   -1338.2471   0.1159%
       947      5966.91     15151.53   -1339.7982   -1338.2471   0.1159%
       948      5973.51     15177.54   -1339.7982   -1338.2471   0.1159%
       949      5979.86     15203.47   -1339.7971   -1338.2471   0.1158%
       950      5987.87     15232.07   -1339.7971   -1338.2471   0.1158%
       951      5994.77     15260.00   -1339.7971   -1338.2471   0.1158%
       952      6002.52     15288.48   -1339.7971   -1338.2471   0.1158%
       953      6008.24     15314.47   -1339.7962   -1338.2471   0.1158%
       954      6012.57     15339.40   -1339.7962   -1338.2471   0.1158%
       955      6018.86     15367.31   -1339.7959   -1338.2471   0.1157%
       956      6025.71     15395.00   -1339.7954   -1338.2471   0.1157%
       957      6032.72     15422.83   -1339.7948   -1338.2471   0.1156%
       958      6036.50     15447.69   -1339.7948   -1338.2471   0.1156%
       959      6043.11     15474.11   -1339.7932   -1338.2471   0.1155%
       960      6049.13     15500.54   -1339.7932   -1338.2471   0.1155%
       961      6054.87     15527.26   -1339.7927   -1338.2471   0.1155%
       962      6059.33     15552.65   -1339.7923   -1338.2471   0.1155%
       963      6063.75     15577.27   -1339.7915   -1338.2471   0.1154%
       964      6072.04     15605.86   -1339.7915   -1338.2471   0.1154%
       965      6074.32     15629.63   -1339.7915   -1338.2471   0.1154%
       966      6080.74     15657.23   -1339.7894   -1338.2471   0.1152%
       967      6086.99     15684.21   -1339.7888   -1338.2471   0.1152%
       968      6092.13     15709.62   -1339.7888   -1338.2471   0.1152%
       969      6097.12     15735.03   -1339.7887   -1338.2471   0.1152%
       970      6102.17     15761.14   -1339.7881   -1338.2471   0.1151%
       971      6104.55     15785.32   -1339.7881   -1338.2471   0.1151%
       972      6111.55     15813.28   -1339.7881   -1338.2471   0.1151%
       973      6117.70     15839.56   -1339.7879   -1338.2471   0.1151%
       974      6121.42     15864.43   -1339.7879   -1338.2471   0.1151%
       975      6129.88     15894.24   -1339.7865   -1338.2471   0.1150%
       976      6135.54     15920.91   -1339.7848   -1338.2471   0.1149%
       977      6143.59     15949.54   -1339.7835   -1338.2471   0.1148%
       978      6151.12     15978.09   -1339.7824   -1338.2471   0.1147%
       979      6154.16     16002.51   -1339.7824   -1338.2471   0.1147%
       980      6157.95     16027.18   -1339.7813   -1338.2471   0.1146%
       981      6161.55     16052.80   -1339.7813   -1338.2471   0.1146%
       982      6167.95     16080.30   -1339.7813   -1338.2471   0.1146%
       983      6175.54     16109.11   -1339.7798   -1338.2471   0.1145%
       984      6183.23     16137.83   -1339.7798   -1338.2471   0.1145%
       985      6188.44     16165.35   -1339.7783   -1338.2471   0.1144%
       986      6193.86     16192.16   -1339.7777   -1338.2471   0.1144%
       987      6197.82     16217.85   -1339.7771   -1338.2471   0.1143%
       988      6206.74     16247.52   -1339.7767   -1338.2471   0.1143%
       989      6213.05     16274.74   -1339.7767   -1338.2471   0.1143%
       990      6220.43     16303.84   -1339.7748   -1338.2471   0.1142%
       991      6227.77     16332.44   -1339.7740   -1338.2471   0.1141%
       992      6233.05     16359.04   -1339.7739   -1338.2471   0.1141%
       993      6239.13     16386.15   -1339.7739   -1338.2471   0.1141%
       994      6243.85     16412.04   -1339.7732   -1338.2471   0.1140%
       995      6248.98     16437.97   -1339.7728   -1338.2471   0.1140%
       996      6256.50     16467.50   -1339.7727   -1338.2471   0.1140%
       997      6261.83     16494.41   -1339.7721   -1338.2471   0.1140%
       998      6267.96     16521.59   -1339.7721   -1338.2471   0.1140%
       999      6273.59     16548.82   -1339.7709   -1338.2471   0.1139%
      1000      6281.53     16577.62   -1339.7704   -1338.2471   0.1138%
      1001      6286.63     16605.54   -1339.7702   -1338.2471   0.1138%
      1002      6292.45     16633.33   -1339.7702   -1338.2471   0.1138%
      1003      6297.21     16659.57   -1339.7685   -1338.2471   0.1137%
      1004      6303.11     16686.49   -1339.7676   -1338.2471   0.1136%
      1005      6308.46     16713.01   -1339.7673   -1338.2471   0.1136%
      1006      6312.82     16740.25   -1339.7665   -1338.2471   0.1135%
      1007      6318.46     16767.32   -1339.7665   -1338.2471   0.1135%
      1008      6326.22     16796.37   -1339.7664   -1338.2471   0.1135%
      1009      6336.09     16827.46   -1339.7660   -1338.2471   0.1135%
      1010      6341.71     16854.11   -1339.7623   -1338.2471   0.1132%
      1011      6349.30     16883.33   -1339.7620   -1338.2471   0.1132%
      1012      6354.99     16911.33   -1339.7619   -1338.2471   0.1132%
      1013      6362.96     16940.68   -1339.7608   -1338.2471   0.1131%
      1014      6368.07     16967.27   -1339.7606   -1338.2471   0.1131%
      1015      6374.78     16995.35   -1339.7606   -1338.2471   0.1131%
      1016      6381.30     17024.53   -1339.7570   -1338.2471   0.1128%
      1017      6388.52     17053.65   -1339.7567   -1338.2471   0.1128%
      1018      6393.96     17080.24   -1339.7567   -1338.2471   0.1128%
      1019      6397.51     17105.75   -1339.7567   -1338.2471   0.1128%
      1020      6404.10     17133.66   -1339.7556   -1338.2471   0.1127%
      1021      6408.84     17160.21   -1339.7549   -1338.2471   0.1127%
      1022      6414.64     17187.75   -1339.7545   -1338.2471   0.1126%
      1023      6419.94     17214.92   -1339.7538   -1338.2471   0.1126%
      1024      6425.07     17241.91   -1339.7535   -1338.2471   0.1126%
      1025      6430.40     17268.43   -1339.7519   -1338.2471   0.1124%
      1026      6434.56     17295.82   -1339.7509   -1338.2471   0.1124%
      1027      6441.32     17325.24   -1339.7489   -1338.2471   0.1122%
      1028      6447.03     17353.28   -1339.7486   -1338.2471   0.1122%
      1029      6456.41     17383.64   -1339.7482   -1338.2471   0.1122%
      1030      6462.33     17410.97   -1339.7482   -1338.2471   0.1122%
      1031      6468.82     17439.63   -1339.7471   -1338.2471   0.1121%
      1032      6473.70     17467.08   -1339.7471   -1338.2471   0.1121%
      1033      6479.99     17496.05   -1339.7471   -1338.2471   0.1121%
      1034      6485.69     17523.62   -1339.7471   -1338.2471   0.1121%
      1035      6490.53     17550.71   -1339.7471   -1338.2471   0.1121%
      1036      6497.79     17579.19   -1339.7471   -1338.2471   0.1121%
      1037      6501.72     17606.15   -1339.7471   -1338.2471   0.1121%
      1038      6505.63     17633.20   -1339.7471   -1338.2471   0.1121%
      1039      6511.40     17661.09   -1339.7462   -1338.2471   0.1120%
      1040      6518.39     17689.20   -1339.7459   -1338.2471   0.1120%
      1041      6526.91     17719.03   -1339.7448   -1338.2471   0.1119%
      1042      6534.60     17748.81   -1339.7448   -1338.2471   0.1119%
      1043      6539.46     17776.72   -1339.7442   -1338.2471   0.1119%
      1044      6543.66     17803.36   -1339.7432   -1338.2471   0.1118%
      1045      6552.18     17833.40   -1339.7422   -1338.2471   0.1117%
      1046      6560.08     17862.65   -1339.7419   -1338.2471   0.1117%
      1047      6564.50     17888.91   -1339.7413   -1338.2471   0.1117%
      1048      6566.57     17914.40   -1339.7413   -1338.2471   0.1117%
      1049      6573.20     17943.79   -1339.7392   -1338.2471   0.1115%
      1050      6577.28     17970.51   -1339.7381   -1338.2471   0.1114%
      1051      6582.75     17998.26   -1339.7379   -1338.2471   0.1114%
      1052      6591.41     18030.46   -1339.7377   -1338.2471   0.1114%
      1053      6596.94     18058.73   -1339.7375   -1338.2471   0.1114%
      1054      6605.49     18089.49   -1339.7375   -1338.2471   0.1114%
      1055      6611.93     18117.90   -1339.7365   -1338.2471   0.1113%
      1056      6618.44     18146.33   -1339.7360   -1338.2471   0.1113%
      1057      6624.25     18174.34   -1339.7352   -1338.2471   0.1112%
      1058      6631.28     18205.06   -1339.7343   -1338.2471   0.1111%
      1059      6637.55     18234.28   -1339.7330   -1338.2471   0.1110%
      1060      6643.36     18262.47   -1339.7324   -1338.2471   0.1110%
      1061      6648.37     18289.94   -1339.7313   -1338.2471   0.1109%
      1062      6654.90     18318.81   -1339.7310   -1338.2471   0.1109%
      1063      6659.67     18347.15   -1339.7298   -1338.2471   0.1108%
      1064      6666.18     18377.04   -1339.7287   -1338.2471   0.1107%
      1065      6675.52     18409.41   -1339.7287   -1338.2471   0.1107%
      1066      6681.86     18438.50   -1339.7281   -1338.2471   0.1107%
      1067      6685.30     18464.99   -1339.7281   -1338.2471   0.1107%
      1068      6690.49     18493.66   -1339.7278   -1338.2471   0.1106%
      1069      6695.34     18522.62   -1339.7278   -1338.2471   0.1106%
      1070      6700.47     18550.64   -1339.7260   -1338.2471   0.1105%
      1071      6703.26     18576.81   -1339.7260   -1338.2471   0.1105%
      1072      6709.48     18605.14   -1339.7260   -1338.2471   0.1105%
      1073      6714.04     18632.29   -1339.7254   -1338.2471   0.1105%
      1074      6719.81     18662.28   -1339.7252   -1338.2471   0.1104%
      1075      6723.78     18689.47   -1339.7236   -1338.2471   0.1103%
      1076      6730.03     18718.43   -1339.7221   -1338.2471   0.1102%
      1077      6733.41     18745.13   -1339.7221   -1338.2471   0.1102%
      1078      6740.89     18774.61   -1339.7193   -1338.2471   0.1100%
      1079      6744.39     18802.65   -1339.7193   -1338.2471   0.1100%
      1080      6750.72     18831.70   -1339.7192   -1338.2471   0.1100%
      1081      6755.77     18859.67   -1339.7185   -1338.2471   0.1099%
      1082      6761.36     18888.11   -1339.7176   -1338.2471   0.1099%
      1083      6763.97     18913.99   -1339.7176   -1338.2471   0.1099%
      1084      6769.95     18942.28   -1339.7174   -1338.2471   0.1099%
      1085      6776.40     18971.80   -1339.7169   -1338.2471   0.1098%
      1086      6781.30     18999.98   -1339.7169   -1338.2471   0.1098%
      1087      6785.73     19027.74   -1339.7165   -1338.2471   0.1098%
      1088      6792.96     19057.18   -1339.7165   -1338.2471   0.1098%
      1089      6796.13     19083.33   -1339.7155   -1338.2471   0.1097%
      1090      6804.04     19115.57   -1339.7129   -1338.2471   0.1095%
      1091      6808.57     19143.46   -1339.7127   -1338.2471   0.1095%
      1092      6815.56     19174.05   -1339.7102   -1338.2471   0.1093%
      1093      6821.83     19203.27   -1339.7102   -1338.2471   0.1093%
      1094      6828.10     19232.24   -1339.7083   -1338.2471   0.1092%
      1095      6835.95     19263.96   -1339.7067   -1338.2471   0.1091%
      1096      6841.72     19294.85   -1339.7067   -1338.2471   0.1091%
      1097      6849.51     19326.67   -1339.7065   -1338.2471   0.1091%
      1098      6858.11     19358.64   -1339.7060   -1338.2471   0.1090%
      1099      6867.08     19390.75   -1339.7047   -1338.2471   0.1089%
      1100      6873.33     19419.46   -1339.7045   -1338.2471   0.1089%
      1101      6880.13     19450.97   -1339.7035   -1338.2471   0.1088%
      1102      6885.23     19479.88   -1339.7033   -1338.2471   0.1088%
      1103      6891.17     19509.48   -1339.7029   -1338.2471   0.1088%
      1104      6895.09     19537.27   -1339.7028   -1338.2471   0.1088%
      1105      6902.90     19567.08   -1339.7000   -1338.2471   0.1086%
      1106      6908.74     19595.84   -1339.6993   -1338.2471   0.1085%
      1107      6913.91     19625.98   -1339.6982   -1338.2471   0.1084%
      1108      6921.15     19656.86   -1339.6982   -1338.2471   0.1084%
      1109      6926.25     19685.56   -1339.6982   -1338.2471   0.1084%
      1110      6931.96     19714.44   -1339.6981   -1338.2471   0.1084%
      1111      6934.70     19740.92   -1339.6981   -1338.2471   0.1084%
      1112      6940.89     19770.42   -1339.6971   -1338.2471   0.1084%
      1113      6944.19     19798.11   -1339.6971   -1338.2471   0.1084%
      1114      6950.58     19828.29   -1339.6971   -1338.2471   0.1084%
      1115      6953.23     19855.35   -1339.6971   -1338.2471   0.1084%
      1116      6957.13     19882.51   -1339.6971   -1338.2471   0.1084%
      1117      6963.05     19911.88   -1339.6971   -1338.2471   0.1084%
      1118      6969.41     19942.25   -1339.6971   -1338.2471   0.1084%
      1119      6975.29     19972.30   -1339.6971   -1338.2471   0.1084%
      1120      6979.54     20000.45   -1339.6971   -1338.2471   0.1084%
      1121      6985.72     20030.47   -1339.6962   -1338.2471   0.1083%
      1122      6989.91     20058.20   -1339.6962   -1338.2471   0.1083%
      1123      6995.43     20088.42   -1339.6961   -1338.2471   0.1083%
      1124      7002.72     20120.40   -1339.6952   -1338.2471   0.1082%
      1125      7008.15     20149.27   -1339.6932   -1338.2471   0.1081%
      1126      7014.01     20178.82   -1339.6925   -1338.2471   0.1080%
      1127      7019.64     20208.08   -1339.6925   -1338.2471   0.1080%
      1128      7029.46     20240.82   -1339.6915   -1338.2471   0.1079%
      1129      7035.74     20270.37   -1339.6915   -1338.2471   0.1079%
      1130      7039.26     20299.81   -1339.6915   -1338.2471   0.1079%
      1131      7046.67     20331.28   -1339.6901   -1338.2471   0.1078%
      1132      7052.62     20360.90   -1339.6896   -1338.2471   0.1078%
      1133      7058.01     20390.04   -1339.6895   -1338.2471   0.1078%
      1134      7065.66     20421.07   -1339.6894   -1338.2471   0.1078%
      1135      7073.90     20453.81   -1339.6885   -1338.2471   0.1077%
      1136      7079.66     20484.21   -1339.6880   -1338.2471   0.1077%
      1137      7085.39     20514.18   -1339.6875   -1338.2471   0.1076%
      1138      7091.43     20543.75   -1339.6865   -1338.2471   0.1076%
      1139      7098.41     20573.65   -1339.6856   -1338.2471   0.1075%
      1140      7103.94     20604.49   -1339.6848   -1338.2471   0.1074%
      1141      7111.45     20637.83   -1339.6848   -1338.2471   0.1074%
      1142      7116.18     20667.47   -1339.6843   -1338.2471   0.1074%
      1143      7123.59     20699.17   -1339.6833   -1338.2471   0.1073%
      1144      7128.41     20728.36   -1339.6830   -1338.2471   0.1073%
      1145      7133.01     20756.54   -1339.6817   -1338.2471   0.1072%
      1146      7139.82     20788.55   -1339.6798   -1338.2471   0.1071%
      1147      7145.26     20818.96   -1339.6781   -1338.2471   0.1069%
      1148      7152.69     20850.39   -1339.6767   -1338.2471   0.1068%
      1149      7155.31     20877.84   -1339.6767   -1338.2471   0.1068%
      1150      7157.91     20905.07   -1339.6767   -1338.2471   0.1068%
      1151      7162.86     20934.23   -1339.6767   -1338.2471   0.1068%
      1152      7167.11     20964.42   -1339.6767   -1338.2471   0.1068%
      1153      7172.45     20994.66   -1339.6760   -1338.2471   0.1068%
      1154      7177.39     21024.26   -1339.6760   -1338.2471   0.1068%
      1155      7184.73     21055.59   -1339.6744   -1338.2471   0.1067%
      1156      7187.59     21083.61   -1339.6744   -1338.2471   0.1067%
      1157      7190.48     21111.46   -1339.6744   -1338.2471   0.1067%
      1158      7197.08     21144.32   -1339.6743   -1338.2471   0.1066%
      1159      7202.08     21174.33   -1339.6732   -1338.2471   0.1066%
      1160      7210.18     21206.89   -1339.6732   -1338.2471   0.1066%
      1161      7215.20     21236.52   -1339.6721   -1338.2471   0.1065%
      1162      7223.37     21268.43   -1339.6721   -1338.2471   0.1065%
      1163      7229.43     21299.78   -1339.6712   -1338.2471   0.1064%
      1164      7236.50     21333.04   -1339.6703   -1338.2471   0.1063%
      1165      7242.91     21364.34   -1339.6702   -1338.2471   0.1063%
      1166      7250.83     21396.74   -1339.6693   -1338.2471   0.1063%
      1167      7255.65     21426.13   -1339.6693   -1338.2471   0.1063%
      1168      7261.92     21456.43   -1339.6676   -1338.2471   0.1061%
      1169      7269.84     21490.62   -1339.6676   -1338.2471   0.1061%
      1170      7275.84     21522.01   -1339.6675   -1338.2471   0.1061%
      1171      7281.90     21553.28   -1339.6673   -1338.2471   0.1061%
      1172      7287.89     21583.75   -1339.6665   -1338.2471   0.1061%
      1173      7295.84     21616.14   -1339.6665   -1338.2471   0.1061%
      1174      7300.66     21645.82   -1339.6657   -1338.2471   0.1060%
      1175      7306.00     21677.30   -1339.6651   -1338.2471   0.1060%
      1176      7312.75     21710.42   -1339.6645   -1338.2471   0.1059%
      1177      7319.19     21741.76   -1339.6641   -1338.2471   0.1059%
      1178      7324.56     21772.05   -1339.6641   -1338.2471   0.1059%
      1179      7331.81     21803.38   -1339.6635   -1338.2471   0.1058%
      1180      7337.35     21833.45   -1339.6635   -1338.2471   0.1058%
      1181      7342.52     21864.42   -1339.6626   -1338.2471   0.1058%
      1182      7350.08     21897.45   -1339.6626   -1338.2471   0.1058%
      1183      7357.02     21929.73   -1339.6620   -1338.2471   0.1057%
      1184      7363.34     21960.56   -1339.6616   -1338.2471   0.1057%
      1185      7369.56     21991.94   -1339.6598   -1338.2471   0.1056%
      1186      7375.50     22022.33   -1339.6592   -1338.2471   0.1055%
      1187      7380.93     22054.61   -1339.6578   -1338.2471   0.1054%
      1188      7386.02     22085.21   -1339.6574   -1338.2471   0.1054%
      1189      7391.56     22115.51   -1339.6573   -1338.2471   0.1054%
      1190      7395.78     22145.08   -1339.6567   -1338.2471   0.1053%
      1191      7402.25     22176.48   -1339.6567   -1338.2471   0.1053%
      1192      7407.41     22207.96   -1339.6567   -1338.2471   0.1053%
      1193      7415.50     22242.68   -1339.6567   -1338.2471   0.1053%
      1194      7420.42     22272.81   -1339.6562   -1338.2471   0.1053%
      1195      7424.63     22302.82   -1339.6549   -1338.2471   0.1052%
      1196      7429.58     22333.33   -1339.6545   -1338.2471   0.1052%
      1197      7436.24     22365.01   -1339.6531   -1338.2471   0.1051%
      1198      7441.29     22395.29   -1339.6525   -1338.2471   0.1050%
      1199      7451.04     22432.19   -1339.6525   -1338.2471   0.1050%
      1200      7460.43     22466.92   -1339.6520   -1338.2471   0.1050%
      1201      7466.82     22498.64   -1339.6510   -1338.2471   0.1049%
      1202      7471.96     22529.02   -1339.6500   -1338.2471   0.1048%
      1203      7476.59     22558.73   -1339.6500   -1338.2471   0.1048%
      1204      7482.56     22590.87   -1339.6482   -1338.2471   0.1047%
      1205      7488.20     22623.70   -1339.6482   -1338.2471   0.1047%
      1206      7495.56     22655.74   -1339.6481   -1338.2471   0.1047%
      1207      7503.44     22689.11   -1339.6481   -1338.2471   0.1047%
      1208      7510.57     22720.94   -1339.6479   -1338.2471   0.1047%
      1209      7513.73     22749.24   -1339.6479   -1338.2471   0.1047%
      1210      7520.00     22782.14   -1339.6471   -1338.2471   0.1046%
      1211      7525.04     22813.05   -1339.6471   -1338.2471   0.1046%
      1212      7529.42     22843.44   -1339.6471   -1338.2471   0.1046%
      1213      7538.92     22878.89   -1339.6471   -1338.2471   0.1046%
      1214      7544.63     22910.38   -1339.6471   -1338.2471   0.1046%
      1215      7548.63     22940.07   -1339.6471   -1338.2471   0.1046%
      1216      7557.89     22975.87   -1339.6458   -1338.2471   0.1045%
      1217      7562.22     23007.25   -1339.6458   -1338.2471   0.1045%
      1218      7568.58     23039.58   -1339.6448   -1338.2471   0.1044%
      1219      7573.22     23070.28   -1339.6448   -1338.2471   0.1044%
      1220      7583.52     23104.91   -1339.6448   -1338.2471   0.1044%
      1221      7589.29     23136.61   -1339.6443   -1338.2471   0.1044%
      1222      7596.38     23168.14   -1339.6432   -1338.2471   0.1043%
      1223      7601.65     23201.13   -1339.6432   -1338.2471   0.1043%
      1224      7609.29     23234.45   -1339.6427   -1338.2471   0.1043%
      1225      7616.62     23267.84   -1339.6426   -1338.2471   0.1043%
      1226      7622.21     23299.20   -1339.6421   -1338.2471   0.1042%
      1227      7627.00     23330.13   -1339.6415   -1338.2471   0.1042%
      1228      7633.74     23362.75   -1339.6415   -1338.2471   0.1042%
      1229      7640.34     23397.29   -1339.6396   -1338.2471   0.1041%
      1230      7645.59     23429.15   -1339.6389   -1338.2471   0.1040%
      1231      7650.73     23460.47   -1339.6388   -1338.2471   0.1040%
      1232      7654.29     23490.65   -1339.6388   -1338.2471   0.1040%
      1233      7660.49     23522.37   -1339.6384   -1338.2471   0.1040%
      1234      7666.31     23555.66   -1339.6381   -1338.2471   0.1039%
      1235      7672.31     23589.18   -1339.6381   -1338.2471   0.1039%
      1236      7677.62     23621.00   -1339.6379   -1338.2471   0.1039%
      1237      7683.78     23653.34   -1339.6376   -1338.2471   0.1039%
      1238      7691.19     23686.81   -1339.6369   -1338.2471   0.1039%
      1239      7697.60     23718.67   -1339.6366   -1338.2471   0.1038%
      1240      7704.53     23751.13   -1339.6360   -1338.2471   0.1038%
      1241      7711.46     23785.46   -1339.6354   -1338.2471   0.1037%
      1242      7716.99     23817.52   -1339.6348   -1338.2471   0.1037%
      1243      7724.14     23851.08   -1339.6329   -1338.2471   0.1035%
      1244      7731.75     23885.40   -1339.6324   -1338.2471   0.1035%
      1245      7738.85     23918.67   -1339.6323   -1338.2471   0.1035%
      1246      7745.16     23950.56   -1339.6322   -1338.2471   0.1035%
      1247      7750.41     23983.99   -1339.6317   -1338.2471   0.1035%
      1248      7754.85     24015.25   -1339.6317   -1338.2471   0.1035%
      1249      7762.86     24049.89   -1339.6313   -1338.2471   0.1034%
      1250      7768.09     24081.93   -1339.6313   -1338.2471   0.1034%
      1251      7774.22     24113.94   -1339.6299   -1338.2471   0.1033%
      1252      7781.22     24146.82   -1339.6281   -1338.2471   0.1032%
      1253      7785.33     24178.71   -1339.6281   -1338.2471   0.1032%
      1254      7790.94     24211.48   -1339.6277   -1338.2471   0.1032%
      1255      7798.13     24245.21   -1339.6271   -1338.2471   0.1031%
      1256      7801.61     24275.31   -1339.6271   -1338.2471   0.1031%
      1257      7806.54     24306.96   -1339.6269   -1338.2471   0.1031%
      1258      7811.27     24338.30   -1339.6267   -1338.2471   0.1031%
      1259      7813.35     24370.65   -1339.6267   -1338.2471   0.1031%
      1260      7819.21     24403.18   -1339.6262   -1338.2471   0.1030%
      1261      7827.02     24437.50   -1339.6250   -1338.2471   0.1030%
      1262      7831.89     24469.09   -1339.6250   -1338.2471   0.1030%
      1263      7837.98     24501.80   -1339.6248   -1338.2471   0.1029%
      1264      7842.78     24533.06   -1339.6244   -1338.2471   0.1029%
      1265      7848.98     24567.39   -1339.6244   -1338.2471   0.1029%
      1266      7858.70     24605.36   -1339.6240   -1338.2471   0.1029%
      1267      7865.49     24639.02   -1339.6232   -1338.2471   0.1028%
      1268      7868.12     24668.97   -1339.6232   -1338.2471   0.1028%
      1269      7873.48     24700.99   -1339.6232   -1338.2471   0.1028%
      1270      7877.08     24731.33   -1339.6232   -1338.2471   0.1028%
      1271      7884.23     24764.65   -1339.6231   -1338.2471   0.1028%
      1272      7891.65     24800.98   -1339.6221   -1338.2471   0.1027%
      1273      7896.87     24834.26   -1339.6221   -1338.2471   0.1027%
      1274      7902.94     24867.14   -1339.6213   -1338.2471   0.1027%
      1275      7911.25     24902.33   -1339.6209   -1338.2471   0.1027%
      1276      7917.68     24935.81   -1339.6204   -1338.2471   0.1026%
      1277      7921.01     24966.09   -1339.6204   -1338.2471   0.1026%
      1278      7926.94     25001.84   -1339.6202   -1338.2471   0.1026%
      1279      7933.04     25035.64   -1339.6194   -1338.2471   0.1025%
      1280      7940.31     25069.62   -1339.6194   -1338.2471   0.1025%
      1281      7945.95     25102.24   -1339.6194   -1338.2471   0.1025%
      1282      7953.63     25135.65   -1339.6194   -1338.2471   0.1025%
      1283      7960.16     25168.72   -1339.6177   -1338.2471   0.1024%
      1284      7964.31     25202.90   -1339.6176   -1338.2471   0.1024%
      1285      7967.46     25234.27   -1339.6176   -1338.2471   0.1024%
      1286      7973.77     25267.93   -1339.6174   -1338.2471   0.1024%
      1287      7978.64     25299.92   -1339.6173   -1338.2471   0.1024%
      1288      7983.89     25332.06   -1339.6173   -1338.2471   0.1024%
      1289      7990.66     25365.97   -1339.6166   -1338.2471   0.1023%
      1290      7998.17     25401.53   -1339.6165   -1338.2471   0.1023%
      1291      8002.04     25435.51   -1339.6165   -1338.2471   0.1023%
      1292      8008.65     25469.66   -1339.6164   -1338.2471   0.1023%
      1293      8017.21     25505.23   -1339.6131   -1338.2471   0.1021%
      1294      8023.55     25538.54   -1339.6121   -1338.2471   0.1020%
      1295      8029.45     25571.46   -1339.6119   -1338.2471   0.1020%
      1296      8034.57     25603.48   -1339.6119   -1338.2471   0.1020%
      1297      8040.44     25639.08   -1339.6119   -1338.2471   0.1020%
      1298      8045.49     25671.88   -1339.6116   -1338.2471   0.1020%
      1299      8051.81     25705.32   -1339.6110   -1338.2471   0.1019%
      1300      8056.10     25737.42   -1339.6106   -1338.2471   0.1019%
      1301      8062.55     25770.87   -1339.6106   -1338.2471   0.1019%
      1302      8069.45     25804.73   -1339.6098   -1338.2471   0.1018%
      1303      8072.94     25839.39   -1339.6098   -1338.2471   0.1018%
      1304      8081.29     25875.57   -1339.6087   -1338.2471   0.1017%
      1305      8086.46     25908.38   -1339.6079   -1338.2471   0.1017%
      1306      8093.22     25942.51   -1339.6074   -1338.2471   0.1016%
      1307      8097.81     25974.62   -1339.6074   -1338.2471   0.1016%
      1308      8104.00     26007.01   -1339.6073   -1338.2471   0.1016%
      1309      8112.79     26044.31   -1339.6067   -1338.2471   0.1016%
      1310      8121.97     26082.24   -1339.6067   -1338.2471   0.1016%
      1311      8129.81     26116.41   -1339.6067   -1338.2471   0.1016%
      1312      8137.73     26151.45   -1339.6067   -1338.2471   0.1016%
      1313      8143.27     26184.84   -1339.6063   -1338.2471   0.1016%
      1314      8151.02     26218.43   -1339.6063   -1338.2471   0.1016%
      1315      8157.01     26251.76   -1339.6057   -1338.2471   0.1015%
      1316      8165.00     26289.80   -1339.6054   -1338.2471   0.1015%
      1317      8172.46     26325.38   -1339.6049   -1338.2471   0.1015%
      1318      8179.30     26360.21   -1339.6046   -1338.2471   0.1014%
      1319      8182.21     26391.95   -1339.6046   -1338.2471   0.1014%
      1320      8186.42     26424.32   -1339.6033   -1338.2471   0.1013%
      1321      8192.79     26458.03   -1339.6028   -1338.2471   0.1013%
      1322      8199.45     26492.48   -1339.6017   -1338.2471   0.1012%
      1323      8203.87     26527.63   -1339.6000   -1338.2471   0.1011%
      1324      8209.98     26561.70   -1339.6000   -1338.2471   0.1011%
      1325      8216.62     26596.41   -1339.5990   -1338.2471   0.1010%
      1326      8223.77     26630.96   -1339.5990   -1338.2471   0.1010%
      1327      8236.59     26667.48   -1339.5982   -1338.2471   0.1010%
      1328      8242.19     26700.88   -1339.5971   -1338.2471   0.1009%
      1329      8246.78     26736.88   -1339.5971   -1338.2471   0.1009%
      1330      8253.17     26771.77   -1339.5971   -1338.2471   0.1009%
      1331      8260.14     26807.01   -1339.5971   -1338.2471   0.1009%
      1332      8265.72     26840.51   -1339.5971   -1338.2471   0.1009%
      1333      8271.03     26873.91   -1339.5971   -1338.2471   0.1009%
      1334      8275.24     26906.01   -1339.5948   -1338.2471   0.1007%
      1335      8282.12     26943.33   -1339.5933   -1338.2471   0.1006%
      1336      8287.60     26978.73   -1339.5923   -1338.2471   0.1005%
      1337      8292.93     27012.56   -1339.5923   -1338.2471   0.1005%
      1338      8300.61     27048.41   -1339.5922   -1338.2471   0.1005%
      1339      8306.02     27082.10   -1339.5914   -1338.2471   0.1004%
      1340      8313.18     27117.53   -1339.5913   -1338.2471   0.1004%
      1341      8320.35     27152.37   -1339.5913   -1338.2471   0.1004%
      1342      8328.77     27191.50   -1339.5913   -1338.2471   0.1004%
      1343      8335.06     27226.62   -1339.5892   -1338.2471   0.1003%
      1344      8340.06     27260.35   -1339.5888   -1338.2471   0.1003%
      1345      8345.26     27293.50   -1339.5884   -1338.2471   0.1002%
      1346      8350.87     27327.56   -1339.5881   -1338.2471   0.1002%
      1347      8356.26     27361.35   -1339.5881   -1338.2471   0.1002%
      1348      8364.31     27398.36   -1339.5866   -1338.2471   0.1001%
      1349      8369.10     27434.80   -1339.5860   -1338.2471   0.1000%
      1350      8375.46     27469.91   -1339.5854   -1338.2471   0.1000%
      1351      8381.73     27505.19   -1339.5847   -1338.2471   0.0999%
================================================================================


evaluating object as numeric value: y['S[1]']
    (object: <class 'pyomo.core.base.var.VarData'>)
No value for uninitialized VarData object y['S[1]']
Failed to record solution; no feasible solution from upper bounding.
Optimal solution found.

total wall time: 27505.19 s
total CPU time: 8381.73 s
Nodes explored in branch-and-bound: 2703
---------------------------------------
Begin Slurm Epilog: Jul-27-2025 01:18:03
Job ID:        6068169
User ID:       jyang872
Account:       gts-jscott319
Job name:      pooling
Resources:     cpu=1,mem=8G,node=1
Rsrc Used:     cput=07:39:25,vmem=0,walltime=07:39:25,mem=39604K,energy_used=0
Partition:     cpu-small
QOS:           inferno
Nodes:         atl1-1-02-002-27-2
---------------------------------------
