eps,LG,idealized_LG
1.0,6.39E-01,0.3609632546563404
1e-1,3.09E-01,0.003589720984791711
1e-2,5.87E-02,3.589512699875286e-05
1e-3,6.42E-03,3.5895106975658564e-07
1e-4,7.90E-04,3.589519792512874e-09