---------------------------------------
Begin Slurm Prolog: Nov-22-2025 17:06:14
Job ID:    2383250
User ID:   jyang872
Account:   gts-jscott319
Job name:  pooling_normal
Partition: cpu-small
QOS:       inferno
---------------------------------------

Due to MODULEPATH changes, the following have been reloaded:
  1) gmp/6.2.1     2) mpc/1.3.1     3) mpfr/4.2.0     4) zlib/1.2.13

Solving the problem via SBB...
	Maximum iteration: 100000.0
	Maximum time: 86400
	Tolerance: 1E-03
Initialize the model...
Set parameter LicenseID to value 2441885
Set parameter GURO_PAR_SPECIAL
Set parameter TokenServer to value "license-coda.pace.gatech.edu"
Set parameter LogToConsole to value 1
Set parameter LogToConsole to value 0
Set parameter LogToConsole to value 1
Set parameter LogToConsole to value 0
Set parameter LogToConsole to value 1
Set parameter LogToConsole to value 0
Set parameter LogToConsole to value 1
Set parameter LogToConsole to value 0
Set parameter LogToConsole to value 1
Set parameter LogToConsole to value 0
Set parameter LogToConsole to value 1
Set parameter LogToConsole to value 0
Lagrangean iter: 1 Lower bound: -1342.4853489934471
Set parameter LogToConsole to value 1
Set parameter LogToConsole to value 0
Set parameter LogToConsole to value 1
Set parameter LogToConsole to value 0
Set parameter LogToConsole to value 1
Set parameter LogToConsole to value 0
Lagrangean iter: 2 Lower bound: -1342.4851138888785
Set parameter LogToConsole to value 1
Set parameter LogToConsole to value 0
Set parameter LogToConsole to value 1
Set parameter LogToConsole to value 0
Set parameter LogToConsole to value 1
Set parameter LogToConsole to value 0
Lagrangean iter: 3 Lower bound: -1342.4848767031895
Set parameter LogToConsole to value 1
Set parameter LogToConsole to value 0
	Root node lower bound: -1342.48, upper bound: -1338.25
	Total initialization CPU time: 17.38 s
Done.
Solving the model...
================================================================================
  iteration     CPU time    wall time  lower bound  upper bound     gap
Set parameter LogToConsole to value 1
Set parameter LogToConsole to value 0
Set parameter LogToConsole to value 1
Set parameter LogToConsole to value 0
Set parameter LogToConsole to value 1
Set parameter LogToConsole to value 0
Set parameter LogToConsole to value 1
Set parameter LogToConsole to value 0
Set parameter LogToConsole to value 1
Set parameter LogToConsole to value 0
Set parameter LogToConsole to value 1
Set parameter LogToConsole to value 0
Lagrangean iter: 1 Lower bound: -1340.9019740892404
Set parameter LogToConsole to value 1
Set parameter LogToConsole to value 0
Set parameter LogToConsole to value 1
Set parameter LogToConsole to value 0
Set parameter LogToConsole to value 1
Set parameter LogToConsole to value 0
Lagrangean iter: 2 Lower bound: -1340.9018539225867
Set parameter LogToConsole to value 1
Set parameter LogToConsole to value 0
Set parameter LogToConsole to value 1
Set parameter LogToConsole to value 0
Set parameter LogToConsole to value 1
Set parameter LogToConsole to value 0
Lagrangean iter: 3 Lower bound: -1340.9017339801444
Set parameter LogToConsole to value 1
Set parameter LogToConsole to value 0
Set parameter LogToConsole to value 1
Set parameter LogToConsole to value 0
Set parameter LogToConsole to value 1
Set parameter LogToConsole to value 0
Set parameter LogToConsole to value 1
Set parameter LogToConsole to value 0
Set parameter LogToConsole to value 1
Set parameter LogToConsole to value 0
Set parameter LogToConsole to value 1
Set parameter LogToConsole to value 0
Set parameter LogToConsole to value 1
Set parameter LogToConsole to value 0
Lagrangean iter: 1 Lower bound: -1341.018319018479
Set parameter LogToConsole to value 1
Set parameter LogToConsole to value 0
Set parameter LogToConsole to value 1
Set parameter LogToConsole to value 0
Set parameter LogToConsole to value 1
Set parameter LogToConsole to value 0
Lagrangean iter: 2 Lower bound: -1341.018189094057
Set parameter LogToConsole to value 1
Set parameter LogToConsole to value 0
Set parameter LogToConsole to value 1
Set parameter LogToConsole to value 0
Set parameter LogToConsole to value 1
Set parameter LogToConsole to value 0
Lagrangean iter: 3 Lower bound: -1341.0180583672295
Set parameter LogToConsole to value 1
Set parameter LogToConsole to value 0
         1        50.11        50.90   -1341.0181   -1338.2471   0.2071%
Set parameter LogToConsole to value 1
Set parameter LogToConsole to value 0
Set parameter LogToConsole to value 1
Set parameter LogToConsole to value 0
Set parameter LogToConsole to value 1
Set parameter LogToConsole to value 0
Set parameter LogToConsole to value 1
Set parameter LogToConsole to value 0
Set parameter LogToConsole to value 1
Set parameter LogToConsole to value 0
Set parameter LogToConsole to value 1
Set parameter LogToConsole to value 0
Lagrangean iter: 1 Lower bound: -1340.8230936154039
Set parameter LogToConsole to value 1
Set parameter LogToConsole to value 0
Set parameter LogToConsole to value 1
Set parameter LogToConsole to value 0
Set parameter LogToConsole to value 1
Set parameter LogToConsole to value 0
Lagrangean iter: 2 Lower bound: -1340.8229636251103
Set parameter LogToConsole to value 1
Set parameter LogToConsole to value 0
Set parameter LogToConsole to value 1
Set parameter LogToConsole to value 0
Set parameter LogToConsole to value 1
Set parameter LogToConsole to value 0
Lagrangean iter: 3 Lower bound: -1340.8228303204337
Set parameter LogToConsole to value 1
Set parameter LogToConsole to value 0
Set parameter LogToConsole to value 1
Set parameter LogToConsole to value 0
Set parameter LogToConsole to value 1
Set parameter LogToConsole to value 0
Set parameter LogToConsole to value 1
Set parameter LogToConsole to value 0
Set parameter LogToConsole to value 1
Set parameter LogToConsole to value 0
Set parameter LogToConsole to value 1
Set parameter LogToConsole to value 0
Set parameter LogToConsole to value 1
Set parameter LogToConsole to value 0
Lagrangean iter: 1 Lower bound: -1340.7512856559838
Set parameter LogToConsole to value 1
Set parameter LogToConsole to value 0
Set parameter LogToConsole to value 1
Set parameter LogToConsole to value 0
Set parameter LogToConsole to value 1
Set parameter LogToConsole to value 0
Lagrangean iter: 2 Lower bound: -1340.7511620009752
Set parameter LogToConsole to value 1
Set parameter LogToConsole to value 0
Set parameter LogToConsole to value 1
Set parameter LogToConsole to value 0
Set parameter LogToConsole to value 1
Set parameter LogToConsole to value 0
Lagrangean iter: 3 Lower bound: -1340.7510382370192
Set parameter LogToConsole to value 1
Set parameter LogToConsole to value 0
         2        86.69        87.98   -1340.9017   -1338.2471   0.1984%
Set parameter LogToConsole to value 1
Set parameter LogToConsole to value 0
Set parameter LogToConsole to value 1
Set parameter LogToConsole to value 0
Set parameter LogToConsole to value 1
Set parameter LogToConsole to value 0
Set parameter LogToConsole to value 1
Set parameter LogToConsole to value 0
Set parameter LogToConsole to value 1
Set parameter LogToConsole to value 0
Set parameter LogToConsole to value 1
Set parameter LogToConsole to value 0
Lagrangean iter: 1 Lower bound: -1340.3636620958591
Set parameter LogToConsole to value 1
Set parameter LogToConsole to value 0
Set parameter LogToConsole to value 1
Set parameter LogToConsole to value 0
Set parameter LogToConsole to value 1
Set parameter LogToConsole to value 0
Lagrangean iter: 2 Lower bound: -1340.363568546066
Set parameter LogToConsole to value 1
Set parameter LogToConsole to value 0
Set parameter LogToConsole to value 1
Set parameter LogToConsole to value 0
Set parameter LogToConsole to value 1
Set parameter LogToConsole to value 0
Lagrangean iter: 3 Lower bound: -1340.3634740197972
Set parameter LogToConsole to value 1
Set parameter LogToConsole to value 0
Set parameter LogToConsole to value 1
Set parameter LogToConsole to value 0
Set parameter LogToConsole to value 1
Set parameter LogToConsole to value 0
Set parameter LogToConsole to value 1
Set parameter LogToConsole to value 0
Set parameter LogToConsole to value 1
Set parameter LogToConsole to value 0
Set parameter LogToConsole to value 1
Set parameter LogToConsole to value 0
Set parameter LogToConsole to value 1
Set parameter LogToConsole to value 0
Lagrangean iter: 1 Lower bound: -1340.6349801177962
Set parameter LogToConsole to value 1
Set parameter LogToConsole to value 0
Set parameter LogToConsole to value 1
Set parameter LogToConsole to value 0
Set parameter LogToConsole to value 1
Set parameter LogToConsole to value 0
Lagrangean iter: 2 Lower bound: -1340.634878489735
Set parameter LogToConsole to value 1
Set parameter LogToConsole to value 0
Set parameter LogToConsole to value 1
Set parameter LogToConsole to value 0
Set parameter LogToConsole to value 1
Set parameter LogToConsole to value 0
Lagrangean iter: 3 Lower bound: -1340.6347741171185
Set parameter LogToConsole to value 1
Set parameter LogToConsole to value 0
         3       117.24       119.03   -1340.8228   -1338.2471   0.1925%
Set parameter LogToConsole to value 1
Set parameter LogToConsole to value 0
Set parameter LogToConsole to value 1
Set parameter LogToConsole to value 0
Set parameter LogToConsole to value 1
Set parameter LogToConsole to value 0
Set parameter LogToConsole to value 1
Set parameter LogToConsole to value 0
Set parameter LogToConsole to value 1
Set parameter LogToConsole to value 0
Set parameter LogToConsole to value 1
Set parameter LogToConsole to value 0
Lagrangean iter: 1 Lower bound: -1340.7619838058172
Set parameter LogToConsole to value 1
Set parameter LogToConsole to value 0
Set parameter LogToConsole to value 1
Set parameter LogToConsole to value 0
Set parameter LogToConsole to value 1
Set parameter LogToConsole to value 0
Lagrangean iter: 2 Lower bound: -1340.7618493321324
Set parameter LogToConsole to value 1
Set parameter LogToConsole to value 0
Set parameter LogToConsole to value 1
Set parameter LogToConsole to value 0
Set parameter LogToConsole to value 1
Set parameter LogToConsole to value 0
Lagrangean iter: 3 Lower bound: -1340.7617148584488
Set parameter LogToConsole to value 1
Set parameter LogToConsole to value 0
Set parameter LogToConsole to value 1
Set parameter LogToConsole to value 0
Set parameter LogToConsole to value 1
Set parameter LogToConsole to value 0
Set parameter LogToConsole to value 1
Set parameter LogToConsole to value 0
Set parameter LogToConsole to value 1
Set parameter LogToConsole to value 0
Set parameter LogToConsole to value 1
Set parameter LogToConsole to value 0
Set parameter LogToConsole to value 1
Set parameter LogToConsole to value 0
Lagrangean iter: 1 Lower bound: -1340.6560722807212
Set parameter LogToConsole to value 1
Set parameter LogToConsole to value 0
Set parameter LogToConsole to value 1
Set parameter LogToConsole to value 0
Set parameter LogToConsole to value 1
Set parameter LogToConsole to value 0
Lagrangean iter: 2 Lower bound: -1340.6559451551707
Set parameter LogToConsole to value 1
Set parameter LogToConsole to value 0
Set parameter LogToConsole to value 1
Set parameter LogToConsole to value 0
Set parameter LogToConsole to value 1
Set parameter LogToConsole to value 0
Lagrangean iter: 3 Lower bound: -1340.655817486859
Set parameter LogToConsole to value 1
Set parameter LogToConsole to value 0
         4       154.31       156.63   -1340.7617   -1338.2471   0.1879%
Set parameter LogToConsole to value 1
Set parameter LogToConsole to value 0
Set parameter LogToConsole to value 1
Set parameter LogToConsole to value 0
Set parameter LogToConsole to value 1
Set parameter LogToConsole to value 0
Set parameter LogToConsole to value 1
Set parameter LogToConsole to value 0
Set parameter LogToConsole to value 1
Set parameter LogToConsole to value 0
Set parameter LogToConsole to value 1
Set parameter LogToConsole to value 0
Lagrangean iter: 1 Lower bound: -1336.7264199167946
Set parameter LogToConsole to value 1
Set parameter LogToConsole to value 0
Set parameter LogToConsole to value 1
Set parameter LogToConsole to value 0
Set parameter LogToConsole to value 1
Set parameter LogToConsole to value 0
Lagrangean iter: 2 Lower bound: -1336.726379682062
Set parameter LogToConsole to value 1
Set parameter LogToConsole to value 0
Set parameter LogToConsole to value 1
Set parameter LogToConsole to value 0
Set parameter LogToConsole to value 1
Set parameter LogToConsole to value 0
Lagrangean iter: 3 Lower bound: -1336.7263447425448
Set parameter LogToConsole to value 1
Set parameter LogToConsole to value 0
Set parameter LogToConsole to value 1
Set parameter LogToConsole to value 0
Set parameter LogToConsole to value 1
Set parameter LogToConsole to value 0
Set parameter LogToConsole to value 1
Set parameter LogToConsole to value 0
Set parameter LogToConsole to value 1
Set parameter LogToConsole to value 0
Set parameter LogToConsole to value 1
Set parameter LogToConsole to value 0
Set parameter LogToConsole to value 1
Set parameter LogToConsole to value 0
Lagrangean iter: 1 Lower bound: -1340.49544115161
Set parameter LogToConsole to value 1
Set parameter LogToConsole to value 0
Set parameter LogToConsole to value 1
Set parameter LogToConsole to value 0
Set parameter LogToConsole to value 1
Set parameter LogToConsole to value 0
Lagrangean iter: 2 Lower bound: -1340.4953665622234
Set parameter LogToConsole to value 1
Set parameter LogToConsole to value 0
Set parameter LogToConsole to value 1
Set parameter LogToConsole to value 0
Set parameter LogToConsole to value 1
Set parameter LogToConsole to value 0
Lagrangean iter: 3 Lower bound: -1340.4952952563663
Set parameter LogToConsole to value 1
Set parameter LogToConsole to value 0
         5       190.28       193.10   -1340.7510   -1338.2471   0.1871%
Set parameter LogToConsole to value 1
Set parameter LogToConsole to value 0
Set parameter LogToConsole to value 1
Set parameter LogToConsole to value 0
Set parameter LogToConsole to value 1
Set parameter LogToConsole to value 0
Set parameter LogToConsole to value 1
Set parameter LogToConsole to value 0
Set parameter LogToConsole to value 1
Set parameter LogToConsole to value 0
Set parameter LogToConsole to value 1
Set parameter LogToConsole to value 0
Lagrangean iter: 1 Lower bound: -1340.545462301086
Set parameter LogToConsole to value 1
Set parameter LogToConsole to value 0
Set parameter LogToConsole to value 1
Set parameter LogToConsole to value 0
Set parameter LogToConsole to value 1
Set parameter LogToConsole to value 0
Lagrangean iter: 2 Lower bound: -1340.5453487546622
Set parameter LogToConsole to value 1
Set parameter LogToConsole to value 0
Set parameter LogToConsole to value 1
Set parameter LogToConsole to value 0
Set parameter LogToConsole to value 1
Set parameter LogToConsole to value 0
Lagrangean iter: 3 Lower bound: -1340.5452413235485
Set parameter LogToConsole to value 1
Set parameter LogToConsole to value 0
Set parameter LogToConsole to value 1
Set parameter LogToConsole to value 0
Set parameter LogToConsole to value 1
Set parameter LogToConsole to value 0
Set parameter LogToConsole to value 1
Set parameter LogToConsole to value 0
Set parameter LogToConsole to value 1
Set parameter LogToConsole to value 0
Set parameter LogToConsole to value 1
Set parameter LogToConsole to value 0
Set parameter LogToConsole to value 1
Set parameter LogToConsole to value 0
Lagrangean iter: 1 Lower bound: -1340.5842831167706
Set parameter LogToConsole to value 1
Set parameter LogToConsole to value 0
Set parameter LogToConsole to value 1
Set parameter LogToConsole to value 0
Set parameter LogToConsole to value 1
Set parameter LogToConsole to value 0
Lagrangean iter: 2 Lower bound: -1340.5841637297767
Set parameter LogToConsole to value 1
Set parameter LogToConsole to value 0
Set parameter LogToConsole to value 1
Set parameter LogToConsole to value 0
Set parameter LogToConsole to value 1
Set parameter LogToConsole to value 0
Lagrangean iter: 3 Lower bound: -1340.5840446657999
Set parameter LogToConsole to value 1
Set parameter LogToConsole to value 0
         6       227.40       230.73   -1340.6558   -1338.2471   0.1800%
Set parameter LogToConsole to value 1
Set parameter LogToConsole to value 0
Set parameter LogToConsole to value 1
Set parameter LogToConsole to value 0
Set parameter LogToConsole to value 1
Set parameter LogToConsole to value 0
Set parameter LogToConsole to value 1
Set parameter LogToConsole to value 0
Set parameter LogToConsole to value 1
Set parameter LogToConsole to value 0
Set parameter LogToConsole to value 1
Set parameter LogToConsole to value 0
Lagrangean iter: 1 Lower bound: -1336.4764309820707
Set parameter LogToConsole to value 1
Set parameter LogToConsole to value 0
Set parameter LogToConsole to value 1
Set parameter LogToConsole to value 0
Set parameter LogToConsole to value 1
Set parameter LogToConsole to value 0
Lagrangean iter: 2 Lower bound: -1336.4763891267353
Set parameter LogToConsole to value 1
Set parameter LogToConsole to value 0
Set parameter LogToConsole to value 1
Set parameter LogToConsole to value 0
Set parameter LogToConsole to value 1
Set parameter LogToConsole to value 0
Lagrangean iter: 3 Lower bound: -1336.4763500460185
Set parameter LogToConsole to value 1
Set parameter LogToConsole to value 0
Set parameter LogToConsole to value 1
Set parameter LogToConsole to value 0
Set parameter LogToConsole to value 1
Set parameter LogToConsole to value 0
Set parameter LogToConsole to value 1
Set parameter LogToConsole to value 0
Set parameter LogToConsole to value 1
Set parameter LogToConsole to value 0
Set parameter LogToConsole to value 1
Set parameter LogToConsole to value 0
Set parameter LogToConsole to value 1
Set parameter LogToConsole to value 0
Lagrangean iter: 1 Lower bound: -1340.3895515283348
Set parameter LogToConsole to value 1
Set parameter LogToConsole to value 0
Set parameter LogToConsole to value 1
Set parameter LogToConsole to value 0
Set parameter LogToConsole to value 1
Set parameter LogToConsole to value 0
Lagrangean iter: 2 Lower bound: -1340.3894857054947
Set parameter LogToConsole to value 1
Set parameter LogToConsole to value 0
Set parameter LogToConsole to value 1
Set parameter LogToConsole to value 0
Set parameter LogToConsole to value 1
Set parameter LogToConsole to value 0
Lagrangean iter: 3 Lower bound: -1340.389418358761
Set parameter LogToConsole to value 1
Set parameter LogToConsole to value 0
         7       266.08       269.91   -1340.6348   -1338.2471   0.1784%
Set parameter LogToConsole to value 1
Set parameter LogToConsole to value 0
Set parameter LogToConsole to value 1
Set parameter LogToConsole to value 0
Set parameter LogToConsole to value 1
Set parameter LogToConsole to value 0
Set parameter LogToConsole to value 1
Set parameter LogToConsole to value 0
Set parameter LogToConsole to value 1
Set parameter LogToConsole to value 0
Set parameter LogToConsole to value 1
Set parameter LogToConsole to value 0
Lagrangean iter: 1 Lower bound: -1340.6267272146702
Set parameter LogToConsole to value 1
Set parameter LogToConsole to value 0
Set parameter LogToConsole to value 1
Set parameter LogToConsole to value 0
Set parameter LogToConsole to value 1
Set parameter LogToConsole to value 0
Lagrangean iter: 2 Lower bound: -1340.6266265931922
Set parameter LogToConsole to value 1
Set parameter LogToConsole to value 0
Set parameter LogToConsole to value 1
Set parameter LogToConsole to value 0
Set parameter LogToConsole to value 1
Set parameter LogToConsole to value 0
Lagrangean iter: 3 Lower bound: -1340.6265255712387
Set parameter LogToConsole to value 1
Set parameter LogToConsole to value 0
Set parameter LogToConsole to value 1
Set parameter LogToConsole to value 0
Set parameter LogToConsole to value 1
Set parameter LogToConsole to value 0
Set parameter LogToConsole to value 1
Set parameter LogToConsole to value 0
Set parameter LogToConsole to value 1
Set parameter LogToConsole to value 0
Set parameter LogToConsole to value 1
Set parameter LogToConsole to value 0
Set parameter LogToConsole to value 1
Set parameter LogToConsole to value 0
Lagrangean iter: 1 Lower bound: -1340.9972547301888
Set parameter LogToConsole to value 1
Set parameter LogToConsole to value 0
Set parameter LogToConsole to value 1
Set parameter LogToConsole to value 0
Set parameter LogToConsole to value 1
Set parameter LogToConsole to value 0
Lagrangean iter: 2 Lower bound: -1340.9971937801888
Set parameter LogToConsole to value 1
Set parameter LogToConsole to value 0
Set parameter LogToConsole to value 1
Set parameter LogToConsole to value 0
Set parameter LogToConsole to value 1
Set parameter LogToConsole to value 0
Lagrangean iter: 3 Lower bound: -1340.997124829049
Set parameter LogToConsole to value 1
Set parameter LogToConsole to value 0
         8       290.81       295.14   -1340.6265   -1338.2471   0.1778%
Set parameter LogToConsole to value 1
Set parameter LogToConsole to value 0
Set parameter LogToConsole to value 1
Set parameter LogToConsole to value 0
Set parameter LogToConsole to value 1
Set parameter LogToConsole to value 0
Set parameter LogToConsole to value 1
Set parameter LogToConsole to value 0
Set parameter LogToConsole to value 1
Set parameter LogToConsole to value 0
Set parameter LogToConsole to value 1
Set parameter LogToConsole to value 0
Lagrangean iter: 1 Lower bound: -1337.9760428677541
Set parameter LogToConsole to value 1
Set parameter LogToConsole to value 0
Set parameter LogToConsole to value 1
Set parameter LogToConsole to value 0
Set parameter LogToConsole to value 1
Set parameter LogToConsole to value 0
Lagrangean iter: 2 Lower bound: -1337.9759699045899
Set parameter LogToConsole to value 1
Set parameter LogToConsole to value 0
Set parameter LogToConsole to value 1
Set parameter LogToConsole to value 0
Set parameter LogToConsole to value 1
Set parameter LogToConsole to value 0
Lagrangean iter: 3 Lower bound: -1337.9758921301823
Set parameter LogToConsole to value 1
Set parameter LogToConsole to value 0
Set parameter LogToConsole to value 1
Set parameter LogToConsole to value 0
Set parameter LogToConsole to value 1
Set parameter LogToConsole to value 0
Set parameter LogToConsole to value 1
Set parameter LogToConsole to value 0
Set parameter LogToConsole to value 1
Set parameter LogToConsole to value 0
Set parameter LogToConsole to value 1
Set parameter LogToConsole to value 0
Set parameter LogToConsole to value 1
Set parameter LogToConsole to value 0
Lagrangean iter: 1 Lower bound: -1340.3602376554616
Set parameter LogToConsole to value 1
Set parameter LogToConsole to value 0
Set parameter LogToConsole to value 1
Set parameter LogToConsole to value 0
Set parameter LogToConsole to value 1
Set parameter LogToConsole to value 0
Lagrangean iter: 2 Lower bound: -1340.3601819650198
Set parameter LogToConsole to value 1
Set parameter LogToConsole to value 0
Set parameter LogToConsole to value 1
Set parameter LogToConsole to value 0
Set parameter LogToConsole to value 1
Set parameter LogToConsole to value 0
Lagrangean iter: 3 Lower bound: -1340.3601274942591
Set parameter LogToConsole to value 1
Set parameter LogToConsole to value 0
         9       317.11       321.94   -1340.5840   -1338.2471   0.1746%
Set parameter LogToConsole to value 1
Set parameter LogToConsole to value 0
Set parameter LogToConsole to value 1
Set parameter LogToConsole to value 0
Set parameter LogToConsole to value 1
Set parameter LogToConsole to value 0
Set parameter LogToConsole to value 1
Set parameter LogToConsole to value 0
Set parameter LogToConsole to value 1
Set parameter LogToConsole to value 0
Set parameter LogToConsole to value 1
Set parameter LogToConsole to value 0
Lagrangean iter: 1 Lower bound: -1336.2491969625744
Set parameter LogToConsole to value 1
Set parameter LogToConsole to value 0
Set parameter LogToConsole to value 1
Set parameter LogToConsole to value 0
Set parameter LogToConsole to value 1
Set parameter LogToConsole to value 0
Lagrangean iter: 2 Lower bound: -1336.2491658554272
Set parameter LogToConsole to value 1
Set parameter LogToConsole to value 0
Set parameter LogToConsole to value 1
Set parameter LogToConsole to value 0
Set parameter LogToConsole to value 1
Set parameter LogToConsole to value 0
Lagrangean iter: 3 Lower bound: -1336.2491249088916
Set parameter LogToConsole to value 1
Set parameter LogToConsole to value 0
Set parameter LogToConsole to value 1
Set parameter LogToConsole to value 0
Set parameter LogToConsole to value 1
Set parameter LogToConsole to value 0
Set parameter LogToConsole to value 1
Set parameter LogToConsole to value 0
Set parameter LogToConsole to value 1
Set parameter LogToConsole to value 0
Set parameter LogToConsole to value 1
Set parameter LogToConsole to value 0
Set parameter LogToConsole to value 1
Set parameter LogToConsole to value 0
Lagrangean iter: 1 Lower bound: -1340.3177860293624
Set parameter LogToConsole to value 1
Set parameter LogToConsole to value 0
Set parameter LogToConsole to value 1
Set parameter LogToConsole to value 0
Set parameter LogToConsole to value 1
Set parameter LogToConsole to value 0
Lagrangean iter: 2 Lower bound: -1340.3177229046896
Set parameter LogToConsole to value 1
Set parameter LogToConsole to value 0
Set parameter LogToConsole to value 1
Set parameter LogToConsole to value 0
Set parameter LogToConsole to value 1
Set parameter LogToConsole to value 0
Lagrangean iter: 3 Lower bound: -1340.31766210264
Set parameter LogToConsole to value 1
Set parameter LogToConsole to value 0
        10       350.40       355.73   -1340.5513   -1338.2471   0.1722%
Set parameter LogToConsole to value 1
Set parameter LogToConsole to value 0
Set parameter LogToConsole to value 1
Set parameter LogToConsole to value 0
Set parameter LogToConsole to value 1
Set parameter LogToConsole to value 0
Set parameter LogToConsole to value 1
Set parameter LogToConsole to value 0
Set parameter LogToConsole to value 1
Set parameter LogToConsole to value 0
Set parameter LogToConsole to value 1
Set parameter LogToConsole to value 0
Lagrangean iter: 1 Lower bound: -1337.7260421526641
Set parameter LogToConsole to value 1
Set parameter LogToConsole to value 0
Set parameter LogToConsole to value 1
Set parameter LogToConsole to value 0
Set parameter LogToConsole to value 1
Set parameter LogToConsole to value 0
Lagrangean iter: 2 Lower bound: -1337.725969655292
Set parameter LogToConsole to value 1
Set parameter LogToConsole to value 0
Set parameter LogToConsole to value 1
Set parameter LogToConsole to value 0
Set parameter LogToConsole to value 1
Set parameter LogToConsole to value 0
Lagrangean iter: 3 Lower bound: -1337.7258933983735
Set parameter LogToConsole to value 1
Set parameter LogToConsole to value 0
Set parameter LogToConsole to value 1
Set parameter LogToConsole to value 0
Set parameter LogToConsole to value 1
Set parameter LogToConsole to value 0
Set parameter LogToConsole to value 1
Set parameter LogToConsole to value 0
Set parameter LogToConsole to value 1
Set parameter LogToConsole to value 0
Set parameter LogToConsole to value 1
Set parameter LogToConsole to value 0
Set parameter LogToConsole to value 1
Set parameter LogToConsole to value 0
Lagrangean iter: 1 Lower bound: -1340.20155073563
Set parameter LogToConsole to value 1
Set parameter LogToConsole to value 0
Set parameter LogToConsole to value 1
Set parameter LogToConsole to value 0
Set parameter LogToConsole to value 1
Set parameter LogToConsole to value 0
Lagrangean iter: 2 Lower bound: -1340.2014975864727
Set parameter LogToConsole to value 1
Set parameter LogToConsole to value 0
Set parameter LogToConsole to value 1
Set parameter LogToConsole to value 0
Set parameter LogToConsole to value 1
Set parameter LogToConsole to value 0
Lagrangean iter: 3 Lower bound: -1340.201443533668
Set parameter LogToConsole to value 1
Set parameter LogToConsole to value 0
        11       385.51       391.38   -1340.5452   -1338.2471   0.1717%
Set parameter LogToConsole to value 1
Set parameter LogToConsole to value 0
Set parameter LogToConsole to value 1
Set parameter LogToConsole to value 0
Set parameter LogToConsole to value 1
Set parameter LogToConsole to value 0
Set parameter LogToConsole to value 1
Set parameter LogToConsole to value 0
Set parameter LogToConsole to value 1
Set parameter LogToConsole to value 0
Set parameter LogToConsole to value 1
Set parameter LogToConsole to value 0
Lagrangean iter: 1 Lower bound: -1336.4991815078236
Set parameter LogToConsole to value 1
Set parameter LogToConsole to value 0
Set parameter LogToConsole to value 1
Set parameter LogToConsole to value 0
Set parameter LogToConsole to value 1
Set parameter LogToConsole to value 0
Lagrangean iter: 2 Lower bound: -1336.4991484425782
Set parameter LogToConsole to value 1
Set parameter LogToConsole to value 0
Set parameter LogToConsole to value 1
Set parameter LogToConsole to value 0
Set parameter LogToConsole to value 1
Set parameter LogToConsole to value 0
Lagrangean iter: 3 Lower bound: -1336.4991154731947
Set parameter LogToConsole to value 1
Set parameter LogToConsole to value 0
Set parameter LogToConsole to value 1
Set parameter LogToConsole to value 0
Set parameter LogToConsole to value 1
Set parameter LogToConsole to value 0
Set parameter LogToConsole to value 1
Set parameter LogToConsole to value 0
Set parameter LogToConsole to value 1
Set parameter LogToConsole to value 0
Set parameter LogToConsole to value 1
Set parameter LogToConsole to value 0
Set parameter LogToConsole to value 1
Set parameter LogToConsole to value 0
Lagrangean iter: 1 Lower bound: -1340.2789819581112
Set parameter LogToConsole to value 1
Set parameter LogToConsole to value 0
Set parameter LogToConsole to value 1
Set parameter LogToConsole to value 0
Set parameter LogToConsole to value 1
Set parameter LogToConsole to value 0
Lagrangean iter: 2 Lower bound: -1340.2789231285
Set parameter LogToConsole to value 1
Set parameter LogToConsole to value 0
Set parameter LogToConsole to value 1
Set parameter LogToConsole to value 0
Set parameter LogToConsole to value 1
Set parameter LogToConsole to value 0
Lagrangean iter: 3 Lower bound: -1340.278874222806
Set parameter LogToConsole to value 1
Set parameter LogToConsole to value 0
        12       422.22       428.60   -1340.4953   -1338.2471   0.1680%
Set parameter LogToConsole to value 1
Set parameter LogToConsole to value 0
Set parameter LogToConsole to value 1
Set parameter LogToConsole to value 0
Set parameter LogToConsole to value 1
Set parameter LogToConsole to value 0
Set parameter LogToConsole to value 1
Set parameter LogToConsole to value 0
Set parameter LogToConsole to value 1
Set parameter LogToConsole to value 0
Set parameter LogToConsole to value 1
Set parameter LogToConsole to value 0
Lagrangean iter: 1 Lower bound: -1339.9519098876565
Set parameter LogToConsole to value 1
Set parameter LogToConsole to value 0
Set parameter LogToConsole to value 1
Set parameter LogToConsole to value 0
Set parameter LogToConsole to value 1
Set parameter LogToConsole to value 0
Lagrangean iter: 2 Lower bound: -1339.951865871487
Set parameter LogToConsole to value 1
Set parameter LogToConsole to value 0
Set parameter LogToConsole to value 1
Set parameter LogToConsole to value 0
Set parameter LogToConsole to value 1
Set parameter LogToConsole to value 0
Lagrangean iter: 3 Lower bound: -1339.951815786238
Set parameter LogToConsole to value 1
Set parameter LogToConsole to value 0
Set parameter LogToConsole to value 1
Set parameter LogToConsole to value 0
Set parameter LogToConsole to value 1
Set parameter LogToConsole to value 0
Set parameter LogToConsole to value 1
Set parameter LogToConsole to value 0
Set parameter LogToConsole to value 1
Set parameter LogToConsole to value 0
Set parameter LogToConsole to value 1
Set parameter LogToConsole to value 0
Set parameter LogToConsole to value 1
Set parameter LogToConsole to value 0
Lagrangean iter: 1 Lower bound: -1340.3005962330517
Set parameter LogToConsole to value 1
Set parameter LogToConsole to value 0
Set parameter LogToConsole to value 1
Set parameter LogToConsole to value 0
Set parameter LogToConsole to value 1
Set parameter LogToConsole to value 0
Lagrangean iter: 2 Lower bound: -1340.3005319566278
Set parameter LogToConsole to value 1
Set parameter LogToConsole to value 0
Set parameter LogToConsole to value 1
Set parameter LogToConsole to value 0
Set parameter LogToConsole to value 1
Set parameter LogToConsole to value 0
Lagrangean iter: 3 Lower bound: -1340.3004675850918
Set parameter LogToConsole to value 1
Set parameter LogToConsole to value 0
        13       462.09       468.97   -1340.3894   -1338.2471   0.1601%
Set parameter LogToConsole to value 1
Set parameter LogToConsole to value 0
Set parameter LogToConsole to value 1
Set parameter LogToConsole to value 0
Set parameter LogToConsole to value 1
Set parameter LogToConsole to value 0
Set parameter LogToConsole to value 1
Set parameter LogToConsole to value 0
Set parameter LogToConsole to value 1
Set parameter LogToConsole to value 0
Set parameter LogToConsole to value 1
Set parameter LogToConsole to value 0
Lagrangean iter: 1 Lower bound: -1340.3033635342404
Set parameter LogToConsole to value 1
Set parameter LogToConsole to value 0
Set parameter LogToConsole to value 1
Set parameter LogToConsole to value 0
Set parameter LogToConsole to value 1
Set parameter LogToConsole to value 0
Lagrangean iter: 2 Lower bound: -1340.303300376405
Set parameter LogToConsole to value 1
Set parameter LogToConsole to value 0
Set parameter LogToConsole to value 1
Set parameter LogToConsole to value 0
Set parameter LogToConsole to value 1
Set parameter LogToConsole to value 0
Lagrangean iter: 3 Lower bound: -1340.3032373120045
Set parameter LogToConsole to value 1
Set parameter LogToConsole to value 0
Set parameter LogToConsole to value 1
Set parameter LogToConsole to value 0
Set parameter LogToConsole to value 1
Set parameter LogToConsole to value 0
Set parameter LogToConsole to value 1
Set parameter LogToConsole to value 0
Set parameter LogToConsole to value 1
Set parameter LogToConsole to value 0
Set parameter LogToConsole to value 1
Set parameter LogToConsole to value 0
Set parameter LogToConsole to value 1
Set parameter LogToConsole to value 0
Lagrangean iter: 1 Lower bound: -1340.194715362436
Set parameter LogToConsole to value 1
Set parameter LogToConsole to value 0
Set parameter LogToConsole to value 1
Set parameter LogToConsole to value 0
Set parameter LogToConsole to value 1
Set parameter LogToConsole to value 0
Lagrangean iter: 2 Lower bound: -1340.1946548331093
Set parameter LogToConsole to value 1
Set parameter LogToConsole to value 0
Set parameter LogToConsole to value 1
Set parameter LogToConsole to value 0
Set parameter LogToConsole to value 1
Set parameter LogToConsole to value 0
Lagrangean iter: 3 Lower bound: -1340.1945964109566
Set parameter LogToConsole to value 1
Set parameter LogToConsole to value 0
        14       497.54       504.94   -1340.3635   -1338.2471   0.1581%
Set parameter LogToConsole to value 1
Set parameter LogToConsole to value 0
Set parameter LogToConsole to value 1
Set parameter LogToConsole to value 0
Set parameter LogToConsole to value 1
Set parameter LogToConsole to value 0
Set parameter LogToConsole to value 1
Set parameter LogToConsole to value 0
Set parameter LogToConsole to value 1
Set parameter LogToConsole to value 0
Set parameter LogToConsole to value 1
Set parameter LogToConsole to value 0
Lagrangean iter: 1 Lower bound: -1340.3633792214698
Set parameter LogToConsole to value 1
Set parameter LogToConsole to value 0
Set parameter LogToConsole to value 1
Set parameter LogToConsole to value 0
Set parameter LogToConsole to value 1
Set parameter LogToConsole to value 0
Lagrangean iter: 2 Lower bound: -1340.3632845071834
Set parameter LogToConsole to value 1
Set parameter LogToConsole to value 0
Set parameter LogToConsole to value 1
Set parameter LogToConsole to value 0
Set parameter LogToConsole to value 1
Set parameter LogToConsole to value 0
Lagrangean iter: 3 Lower bound: -1340.3631899831748
Set parameter LogToConsole to value 1
Set parameter LogToConsole to value 0
Set parameter LogToConsole to value 1
Set parameter LogToConsole to value 0
Set parameter LogToConsole to value 1
Set parameter LogToConsole to value 0
Set parameter LogToConsole to value 1
Set parameter LogToConsole to value 0
Set parameter LogToConsole to value 1
Set parameter LogToConsole to value 0
Set parameter LogToConsole to value 1
Set parameter LogToConsole to value 0
Set parameter LogToConsole to value 1
Set parameter LogToConsole to value 0
Lagrangean iter: 1 Lower bound: -1340.1855537728945
Set parameter LogToConsole to value 1
Set parameter LogToConsole to value 0
Set parameter LogToConsole to value 1
Set parameter LogToConsole to value 0
Set parameter LogToConsole to value 1
Set parameter LogToConsole to value 0
Lagrangean iter: 2 Lower bound: -1340.1854650451273
Set parameter LogToConsole to value 1
Set parameter LogToConsole to value 0
Set parameter LogToConsole to value 1
Set parameter LogToConsole to value 0
Set parameter LogToConsole to value 1
Set parameter LogToConsole to value 0
Lagrangean iter: 3 Lower bound: -1340.18537177128
Set parameter LogToConsole to value 1
Set parameter LogToConsole to value 0
        15       523.46       531.35   -1340.3632   -1338.2471   0.1581%
Set parameter LogToConsole to value 1
Set parameter LogToConsole to value 0
Set parameter LogToConsole to value 1
Set parameter LogToConsole to value 0
Set parameter LogToConsole to value 1
Set parameter LogToConsole to value 0
Set parameter LogToConsole to value 1
Set parameter LogToConsole to value 0
Set parameter LogToConsole to value 1
Set parameter LogToConsole to value 0
Set parameter LogToConsole to value 1
Set parameter LogToConsole to value 0
Lagrangean iter: 1 Lower bound: -1337.8559039235101
Set parameter LogToConsole to value 1
Set parameter LogToConsole to value 0
Set parameter LogToConsole to value 1
Set parameter LogToConsole to value 0
Set parameter LogToConsole to value 1
Set parameter LogToConsole to value 0
Lagrangean iter: 2 Lower bound: -1337.8558383262812
Set parameter LogToConsole to value 1
Set parameter LogToConsole to value 0
Set parameter LogToConsole to value 1
Set parameter LogToConsole to value 0
Set parameter LogToConsole to value 1
Set parameter LogToConsole to value 0
Lagrangean iter: 3 Lower bound: -1337.8557727290531
Set parameter LogToConsole to value 1
Set parameter LogToConsole to value 0
Set parameter LogToConsole to value 1
Set parameter LogToConsole to value 0
Set parameter LogToConsole to value 1
Set parameter LogToConsole to value 0
Set parameter LogToConsole to value 1
Set parameter LogToConsole to value 0
Set parameter LogToConsole to value 1
Set parameter LogToConsole to value 0
Set parameter LogToConsole to value 1
Set parameter LogToConsole to value 0
Set parameter LogToConsole to value 1
Set parameter LogToConsole to value 0
Lagrangean iter: 1 Lower bound: -1340.0968859496475
Set parameter LogToConsole to value 1
Set parameter LogToConsole to value 0
Set parameter LogToConsole to value 1
Set parameter LogToConsole to value 0
Set parameter LogToConsole to value 1
Set parameter LogToConsole to value 0
Lagrangean iter: 2 Lower bound: -1340.0968341777016
Set parameter LogToConsole to value 1
Set parameter LogToConsole to value 0
Set parameter LogToConsole to value 1
Set parameter LogToConsole to value 0
Set parameter LogToConsole to value 1
Set parameter LogToConsole to value 0
Lagrangean iter: 3 Lower bound: -1340.0967805965804
Set parameter LogToConsole to value 1
Set parameter LogToConsole to value 0
        16       558.19       566.59   -1340.3601   -1338.2471   0.1579%
Set parameter LogToConsole to value 1
Set parameter LogToConsole to value 0
Set parameter LogToConsole to value 1
Set parameter LogToConsole to value 0
Set parameter LogToConsole to value 1
Set parameter LogToConsole to value 0
Set parameter LogToConsole to value 1
Set parameter LogToConsole to value 0
Set parameter LogToConsole to value 1
Set parameter LogToConsole to value 0
Set parameter LogToConsole to value 1
Set parameter LogToConsole to value 0
Lagrangean iter: 1 Lower bound: -1340.6213518470577
Set parameter LogToConsole to value 1
Set parameter LogToConsole to value 0
Set parameter LogToConsole to value 1
Set parameter LogToConsole to value 0
Set parameter LogToConsole to value 1
Set parameter LogToConsole to value 0
Lagrangean iter: 2 Lower bound: -1340.3600164058062
Set parameter LogToConsole to value 1
Set parameter LogToConsole to value 0
Set parameter LogToConsole to value 1
Set parameter LogToConsole to value 0
Set parameter LogToConsole to value 1
Set parameter LogToConsole to value 0
Lagrangean iter: 3 Lower bound: -1340.6212592865663
Set parameter LogToConsole to value 1
Set parameter LogToConsole to value 0
Set parameter LogToConsole to value 1
Set parameter LogToConsole to value 0
Set parameter LogToConsole to value 1
Set parameter LogToConsole to value 0
Set parameter LogToConsole to value 1
Set parameter LogToConsole to value 0
Set parameter LogToConsole to value 1
Set parameter LogToConsole to value 0
Set parameter LogToConsole to value 1
Set parameter LogToConsole to value 0
Set parameter LogToConsole to value 1
Set parameter LogToConsole to value 0
Lagrangean iter: 1 Lower bound: -1340.1545247324323
Set parameter LogToConsole to value 1
Set parameter LogToConsole to value 0
Set parameter LogToConsole to value 1
Set parameter LogToConsole to value 0
Set parameter LogToConsole to value 1
Set parameter LogToConsole to value 0
Lagrangean iter: 2 Lower bound: -1340.154474094175
Set parameter LogToConsole to value 1
Set parameter LogToConsole to value 0
Set parameter LogToConsole to value 1
Set parameter LogToConsole to value 0
Set parameter LogToConsole to value 1
Set parameter LogToConsole to value 0
Lagrangean iter: 3 Lower bound: -1340.1544240915534
Set parameter LogToConsole to value 1
Set parameter LogToConsole to value 0
        17       590.89       599.84   -1340.3600   -1338.2471   0.1579%
Set parameter LogToConsole to value 1
Set parameter LogToConsole to value 0
Set parameter LogToConsole to value 1
Set parameter LogToConsole to value 0
Set parameter LogToConsole to value 1
Set parameter LogToConsole to value 0
Set parameter LogToConsole to value 1
Set parameter LogToConsole to value 0
Set parameter LogToConsole to value 1
Set parameter LogToConsole to value 0
Set parameter LogToConsole to value 1
Set parameter LogToConsole to value 0
Lagrangean iter: 1 Lower bound: -1339.3347901327052
Set parameter LogToConsole to value 1
Set parameter LogToConsole to value 0
Set parameter LogToConsole to value 1
Set parameter LogToConsole to value 0
Set parameter LogToConsole to value 1
Set parameter LogToConsole to value 0
Lagrangean iter: 2 Lower bound: -1339.3347676842336
Set parameter LogToConsole to value 1
Set parameter LogToConsole to value 0
Set parameter LogToConsole to value 1
Set parameter LogToConsole to value 0
Set parameter LogToConsole to value 1
Set parameter LogToConsole to value 0
Lagrangean iter: 3 Lower bound: -1339.334746375947
Set parameter LogToConsole to value 1
Set parameter LogToConsole to value 0
Set parameter LogToConsole to value 1
Set parameter LogToConsole to value 0
Set parameter LogToConsole to value 1
Set parameter LogToConsole to value 0
Set parameter LogToConsole to value 1
Set parameter LogToConsole to value 0
Set parameter LogToConsole to value 1
Set parameter LogToConsole to value 0
Set parameter LogToConsole to value 1
Set parameter LogToConsole to value 0
Set parameter LogToConsole to value 1
Set parameter LogToConsole to value 0
Lagrangean iter: 1 Lower bound: -1339.6270182093067
Set parameter LogToConsole to value 1
Set parameter LogToConsole to value 0
Set parameter LogToConsole to value 1
Set parameter LogToConsole to value 0
Set parameter LogToConsole to value 1
Set parameter LogToConsole to value 0
Lagrangean iter: 2 Lower bound: -1339.6269909873158
Set parameter LogToConsole to value 1
Set parameter LogToConsole to value 0
Set parameter LogToConsole to value 1
Set parameter LogToConsole to value 0
Set parameter LogToConsole to value 1
Set parameter LogToConsole to value 0
Lagrangean iter: 3 Lower bound: -1339.626964970227
Set parameter LogToConsole to value 1
Set parameter LogToConsole to value 0
        18       625.33       634.79   -1340.3177   -1338.2471   0.1547%
Set parameter LogToConsole to value 1
Set parameter LogToConsole to value 0
Set parameter LogToConsole to value 1
Set parameter LogToConsole to value 0
Set parameter LogToConsole to value 1
Set parameter LogToConsole to value 0
Set parameter LogToConsole to value 1
Set parameter LogToConsole to value 0
Set parameter LogToConsole to value 1
Set parameter LogToConsole to value 0
Set parameter LogToConsole to value 1
Set parameter LogToConsole to value 0
Lagrangean iter: 1 Lower bound: -1340.0869134275026
Set parameter LogToConsole to value 1
Set parameter LogToConsole to value 0
Set parameter LogToConsole to value 1
Set parameter LogToConsole to value 0
Set parameter LogToConsole to value 1
Set parameter LogToConsole to value 0
Lagrangean iter: 2 Lower bound: -1340.0868675819258
Set parameter LogToConsole to value 1
Set parameter LogToConsole to value 0
Set parameter LogToConsole to value 1
Set parameter LogToConsole to value 0
Set parameter LogToConsole to value 1
Set parameter LogToConsole to value 0
Lagrangean iter: 3 Lower bound: -1340.086821508341
Set parameter LogToConsole to value 1
Set parameter LogToConsole to value 0
Set parameter LogToConsole to value 1
Set parameter LogToConsole to value 0
Set parameter LogToConsole to value 1
Set parameter LogToConsole to value 0
Set parameter LogToConsole to value 1
Set parameter LogToConsole to value 0
Set parameter LogToConsole to value 1
Set parameter LogToConsole to value 0
Set parameter LogToConsole to value 1
Set parameter LogToConsole to value 0
Set parameter LogToConsole to value 1
Set parameter LogToConsole to value 0
Lagrangean iter: 1 Lower bound: -1340.1229807109676
Set parameter LogToConsole to value 1
Set parameter LogToConsole to value 0
Set parameter LogToConsole to value 1
Set parameter LogToConsole to value 0
Set parameter LogToConsole to value 1
Set parameter LogToConsole to value 0
Lagrangean iter: 2 Lower bound: -1340.122927571891
Set parameter LogToConsole to value 1
Set parameter LogToConsole to value 0
Set parameter LogToConsole to value 1
Set parameter LogToConsole to value 0
Set parameter LogToConsole to value 1
Set parameter LogToConsole to value 0
Lagrangean iter: 3 Lower bound: -1340.122875849684
Set parameter LogToConsole to value 1
Set parameter LogToConsole to value 0
        19       662.09       672.05   -1340.3032   -1338.2471   0.1536%
Set parameter LogToConsole to value 1
Set parameter LogToConsole to value 0
Set parameter LogToConsole to value 1
Set parameter LogToConsole to value 0
Set parameter LogToConsole to value 1
Set parameter LogToConsole to value 0
Set parameter LogToConsole to value 1
Set parameter LogToConsole to value 0
Set parameter LogToConsole to value 1
Set parameter LogToConsole to value 0
Set parameter LogToConsole to value 1
Set parameter LogToConsole to value 0
Lagrangean iter: 1 Lower bound: -1339.4396044206378
Set parameter LogToConsole to value 1
Set parameter LogToConsole to value 0
Set parameter LogToConsole to value 1
Set parameter LogToConsole to value 0
Set parameter LogToConsole to value 1
Set parameter LogToConsole to value 0
Lagrangean iter: 2 Lower bound: -1339.439577703975
Set parameter LogToConsole to value 1
Set parameter LogToConsole to value 0
Set parameter LogToConsole to value 1
Set parameter LogToConsole to value 0
Set parameter LogToConsole to value 1
Set parameter LogToConsole to value 0
Lagrangean iter: 3 Lower bound: -1339.439552148685
Set parameter LogToConsole to value 1
Set parameter LogToConsole to value 0
Set parameter LogToConsole to value 1
Set parameter LogToConsole to value 0
Set parameter LogToConsole to value 1
Set parameter LogToConsole to value 0
Set parameter LogToConsole to value 1
Set parameter LogToConsole to value 0
Set parameter LogToConsole to value 1
Set parameter LogToConsole to value 0
Set parameter LogToConsole to value 1
Set parameter LogToConsole to value 0
Set parameter LogToConsole to value 1
Set parameter LogToConsole to value 0
Lagrangean iter: 1 Lower bound: -1339.570286225654
Set parameter LogToConsole to value 1
Set parameter LogToConsole to value 0
Set parameter LogToConsole to value 1
Set parameter LogToConsole to value 0
Set parameter LogToConsole to value 1
Set parameter LogToConsole to value 0
Lagrangean iter: 2 Lower bound: -1339.5702515755027
Set parameter LogToConsole to value 1
Set parameter LogToConsole to value 0
Set parameter LogToConsole to value 1
Set parameter LogToConsole to value 0
Set parameter LogToConsole to value 1
Set parameter LogToConsole to value 0
Lagrangean iter: 3 Lower bound: -1339.5702171827274
Set parameter LogToConsole to value 1
Set parameter LogToConsole to value 0
        20       697.36       707.83   -1340.3005   -1338.2471   0.1534%
Set parameter LogToConsole to value 1
Set parameter LogToConsole to value 0
Set parameter LogToConsole to value 1
Set parameter LogToConsole to value 0
Set parameter LogToConsole to value 1
Set parameter LogToConsole to value 0
Set parameter LogToConsole to value 1
Set parameter LogToConsole to value 0
Set parameter LogToConsole to value 1
Set parameter LogToConsole to value 0
Set parameter LogToConsole to value 1
Set parameter LogToConsole to value 0
Lagrangean iter: 1 Lower bound: -1339.3921135384248
Set parameter LogToConsole to value 1
Set parameter LogToConsole to value 0
Set parameter LogToConsole to value 1
Set parameter LogToConsole to value 0
Set parameter LogToConsole to value 1
Set parameter LogToConsole to value 0
Lagrangean iter: 2 Lower bound: -1339.3920893372388
Set parameter LogToConsole to value 1
Set parameter LogToConsole to value 0
Set parameter LogToConsole to value 1
Set parameter LogToConsole to value 0
Set parameter LogToConsole to value 1
Set parameter LogToConsole to value 0
Lagrangean iter: 3 Lower bound: -1339.3920649022493
Set parameter LogToConsole to value 1
Set parameter LogToConsole to value 0
Set parameter LogToConsole to value 1
Set parameter LogToConsole to value 0
Set parameter LogToConsole to value 1
Set parameter LogToConsole to value 0
Set parameter LogToConsole to value 1
Set parameter LogToConsole to value 0
Set parameter LogToConsole to value 1
Set parameter LogToConsole to value 0
Set parameter LogToConsole to value 1
Set parameter LogToConsole to value 0
Set parameter LogToConsole to value 1
Set parameter LogToConsole to value 0
Lagrangean iter: 1 Lower bound: -1339.5675159751177
Set parameter LogToConsole to value 1
Set parameter LogToConsole to value 0
Set parameter LogToConsole to value 1
Set parameter LogToConsole to value 0
Set parameter LogToConsole to value 1
Set parameter LogToConsole to value 0
Lagrangean iter: 2 Lower bound: -1339.5674816001097
Set parameter LogToConsole to value 1
Set parameter LogToConsole to value 0
Set parameter LogToConsole to value 1
Set parameter LogToConsole to value 0
Set parameter LogToConsole to value 1
Set parameter LogToConsole to value 0
Lagrangean iter: 3 Lower bound: -1339.5674486457028
Set parameter LogToConsole to value 1
Set parameter LogToConsole to value 0
        21       738.82       749.81   -1340.2789   -1338.2471   0.1518%
Set parameter LogToConsole to value 1
Set parameter LogToConsole to value 0
Set parameter LogToConsole to value 1
Set parameter LogToConsole to value 0
Set parameter LogToConsole to value 1
Set parameter LogToConsole to value 0
Set parameter LogToConsole to value 1
Set parameter LogToConsole to value 0
Set parameter LogToConsole to value 1
Set parameter LogToConsole to value 0
Set parameter LogToConsole to value 1
Set parameter LogToConsole to value 0
Lagrangean iter: 1 Lower bound: -1339.7354864474228
Set parameter LogToConsole to value 1
Set parameter LogToConsole to value 0
Set parameter LogToConsole to value 1
Set parameter LogToConsole to value 0
Set parameter LogToConsole to value 1
Set parameter LogToConsole to value 0
Lagrangean iter: 2 Lower bound: -1339.7354559324071
Set parameter LogToConsole to value 1
Set parameter LogToConsole to value 0
Set parameter LogToConsole to value 1
Set parameter LogToConsole to value 0
Set parameter LogToConsole to value 1
Set parameter LogToConsole to value 0
Lagrangean iter: 3 Lower bound: -1339.7354198957175
Set parameter LogToConsole to value 1
Set parameter LogToConsole to value 0
Set parameter LogToConsole to value 1
Set parameter LogToConsole to value 0
Set parameter LogToConsole to value 1
Set parameter LogToConsole to value 0
Set parameter LogToConsole to value 1
Set parameter LogToConsole to value 0
Set parameter LogToConsole to value 1
Set parameter LogToConsole to value 0
Set parameter LogToConsole to value 1
Set parameter LogToConsole to value 0
Set parameter LogToConsole to value 1
Set parameter LogToConsole to value 0
Lagrangean iter: 1 Lower bound: -1340.0842009511543
Set parameter LogToConsole to value 1
Set parameter LogToConsole to value 0
Set parameter LogToConsole to value 1
Set parameter LogToConsole to value 0
Set parameter LogToConsole to value 1
Set parameter LogToConsole to value 0
Lagrangean iter: 2 Lower bound: -1340.08415538313
Set parameter LogToConsole to value 1
Set parameter LogToConsole to value 0
Set parameter LogToConsole to value 1
Set parameter LogToConsole to value 0
Set parameter LogToConsole to value 1
Set parameter LogToConsole to value 0
Lagrangean iter: 3 Lower bound: -1340.0841085277443
Set parameter LogToConsole to value 1
Set parameter LogToConsole to value 0
        22       775.82       787.32   -1340.2014   -1338.2471   0.1460%
Set parameter LogToConsole to value 1
Set parameter LogToConsole to value 0
Set parameter LogToConsole to value 1
Set parameter LogToConsole to value 0
Set parameter LogToConsole to value 1
Set parameter LogToConsole to value 0
Set parameter LogToConsole to value 1
Set parameter LogToConsole to value 0
Set parameter LogToConsole to value 1
Set parameter LogToConsole to value 0
Set parameter LogToConsole to value 1
Set parameter LogToConsole to value 0
Lagrangean iter: 1 Lower bound: -1340.2013899057076
Set parameter LogToConsole to value 1
Set parameter LogToConsole to value 0
Set parameter LogToConsole to value 1
Set parameter LogToConsole to value 0
Set parameter LogToConsole to value 1
Set parameter LogToConsole to value 0
Lagrangean iter: 2 Lower bound: -1340.2013348735045
Set parameter LogToConsole to value 1
Set parameter LogToConsole to value 0
Set parameter LogToConsole to value 1
Set parameter LogToConsole to value 0
Set parameter LogToConsole to value 1
Set parameter LogToConsole to value 0
Lagrangean iter: 3 Lower bound: -1340.2012814568798
Set parameter LogToConsole to value 1
Set parameter LogToConsole to value 0
Set parameter LogToConsole to value 1
Set parameter LogToConsole to value 0
Set parameter LogToConsole to value 1
Set parameter LogToConsole to value 0
Set parameter LogToConsole to value 1
Set parameter LogToConsole to value 0
Set parameter LogToConsole to value 1
Set parameter LogToConsole to value 0
Set parameter LogToConsole to value 1
Set parameter LogToConsole to value 0
Set parameter LogToConsole to value 1
Set parameter LogToConsole to value 0
Lagrangean iter: 1 Lower bound: -1339.9536687779528
Set parameter LogToConsole to value 1
Set parameter LogToConsole to value 0
Set parameter LogToConsole to value 1
Set parameter LogToConsole to value 0
Set parameter LogToConsole to value 1
Set parameter LogToConsole to value 0
Lagrangean iter: 2 Lower bound: -1339.953619363279
Set parameter LogToConsole to value 1
Set parameter LogToConsole to value 0
Set parameter LogToConsole to value 1
Set parameter LogToConsole to value 0
Set parameter LogToConsole to value 1
Set parameter LogToConsole to value 0
Lagrangean iter: 3 Lower bound: -1339.9535701318664
Set parameter LogToConsole to value 1
Set parameter LogToConsole to value 0
        23       808.38       820.43   -1340.2013   -1338.2471   0.1460%
Set parameter LogToConsole to value 1
Set parameter LogToConsole to value 0
Set parameter LogToConsole to value 1
Set parameter LogToConsole to value 0
Set parameter LogToConsole to value 1
Set parameter LogToConsole to value 0
Set parameter LogToConsole to value 1
Set parameter LogToConsole to value 0
Set parameter LogToConsole to value 1
Set parameter LogToConsole to value 0
Set parameter LogToConsole to value 1
Set parameter LogToConsole to value 0
Lagrangean iter: 1 Lower bound: -1339.1207743372233
Set parameter LogToConsole to value 1
Set parameter LogToConsole to value 0
Set parameter LogToConsole to value 1
Set parameter LogToConsole to value 0
Set parameter LogToConsole to value 1
Set parameter LogToConsole to value 0
Lagrangean iter: 2 Lower bound: -1339.1207524685406
Set parameter LogToConsole to value 1
Set parameter LogToConsole to value 0
Set parameter LogToConsole to value 1
Set parameter LogToConsole to value 0
Set parameter LogToConsole to value 1
Set parameter LogToConsole to value 0
Lagrangean iter: 3 Lower bound: -1339.120731002834
Set parameter LogToConsole to value 1
Set parameter LogToConsole to value 0
Set parameter LogToConsole to value 1
Set parameter LogToConsole to value 0
Set parameter LogToConsole to value 1
Set parameter LogToConsole to value 0
Set parameter LogToConsole to value 1
Set parameter LogToConsole to value 0
Set parameter LogToConsole to value 1
Set parameter LogToConsole to value 0
Set parameter LogToConsole to value 1
Set parameter LogToConsole to value 0
Set parameter LogToConsole to value 1
Set parameter LogToConsole to value 0
Lagrangean iter: 1 Lower bound: -1339.468341602048
Set parameter LogToConsole to value 1
Set parameter LogToConsole to value 0
Set parameter LogToConsole to value 1
Set parameter LogToConsole to value 0
Set parameter LogToConsole to value 1
Set parameter LogToConsole to value 0
Lagrangean iter: 2 Lower bound: -1339.4683179152044
Set parameter LogToConsole to value 1
Set parameter LogToConsole to value 0
Set parameter LogToConsole to value 1
Set parameter LogToConsole to value 0
Set parameter LogToConsole to value 1
Set parameter LogToConsole to value 0
Lagrangean iter: 3 Lower bound: -1339.468294228364
Set parameter LogToConsole to value 1
Set parameter LogToConsole to value 0
        24       840.97       853.53   -1340.1946   -1338.2471   0.1455%
Set parameter LogToConsole to value 1
Set parameter LogToConsole to value 0
Set parameter LogToConsole to value 1
Set parameter LogToConsole to value 0
Set parameter LogToConsole to value 1
Set parameter LogToConsole to value 0
Set parameter LogToConsole to value 1
Set parameter LogToConsole to value 0
Set parameter LogToConsole to value 1
Set parameter LogToConsole to value 0
Set parameter LogToConsole to value 1
Set parameter LogToConsole to value 0
Lagrangean iter: 1 Lower bound: -1339.226134986944
Set parameter LogToConsole to value 1
Set parameter LogToConsole to value 0
Set parameter LogToConsole to value 1
Set parameter LogToConsole to value 0
Set parameter LogToConsole to value 1
Set parameter LogToConsole to value 0
Lagrangean iter: 2 Lower bound: -1339.226113423706
Set parameter LogToConsole to value 1
Set parameter LogToConsole to value 0
Set parameter LogToConsole to value 1
Set parameter LogToConsole to value 0
Set parameter LogToConsole to value 1
Set parameter LogToConsole to value 0
Lagrangean iter: 3 Lower bound: -1339.2260914416015
Set parameter LogToConsole to value 1
Set parameter LogToConsole to value 0
Set parameter LogToConsole to value 1
Set parameter LogToConsole to value 0
Set parameter LogToConsole to value 1
Set parameter LogToConsole to value 0
Set parameter LogToConsole to value 1
Set parameter LogToConsole to value 0
Set parameter LogToConsole to value 1
Set parameter LogToConsole to value 0
Set parameter LogToConsole to value 1
Set parameter LogToConsole to value 0
Set parameter LogToConsole to value 1
Set parameter LogToConsole to value 0
Lagrangean iter: 1 Lower bound: -1339.4616478326157
Set parameter LogToConsole to value 1
Set parameter LogToConsole to value 0
Set parameter LogToConsole to value 1
Set parameter LogToConsole to value 0
Set parameter LogToConsole to value 1
Set parameter LogToConsole to value 0
Lagrangean iter: 2 Lower bound: -1339.4616194817863
Set parameter LogToConsole to value 1
Set parameter LogToConsole to value 0
Set parameter LogToConsole to value 1
Set parameter LogToConsole to value 0
Set parameter LogToConsole to value 1
Set parameter LogToConsole to value 0
Lagrangean iter: 3 Lower bound: -1339.4615887790794
Set parameter LogToConsole to value 1
Set parameter LogToConsole to value 0
        25       877.41       890.48   -1340.1854   -1338.2471   0.1448%
Set parameter LogToConsole to value 1
Set parameter LogToConsole to value 0
Set parameter LogToConsole to value 1
Set parameter LogToConsole to value 0
Set parameter LogToConsole to value 1
Set parameter LogToConsole to value 0
Set parameter LogToConsole to value 1
Set parameter LogToConsole to value 0
Set parameter LogToConsole to value 1
Set parameter LogToConsole to value 0
Set parameter LogToConsole to value 1
Set parameter LogToConsole to value 0
Lagrangean iter: 1 Lower bound: -1337.6506086408122
Set parameter LogToConsole to value 1
Set parameter LogToConsole to value 0
Set parameter LogToConsole to value 1
Set parameter LogToConsole to value 0
Set parameter LogToConsole to value 1
Set parameter LogToConsole to value 0
Lagrangean iter: 2 Lower bound: -1337.6505378991083
Set parameter LogToConsole to value 1
Set parameter LogToConsole to value 0
Set parameter LogToConsole to value 1
Set parameter LogToConsole to value 0
Set parameter LogToConsole to value 1
Set parameter LogToConsole to value 0
Lagrangean iter: 3 Lower bound: -1337.650469840799
Set parameter LogToConsole to value 1
Set parameter LogToConsole to value 0
Set parameter LogToConsole to value 1
Set parameter LogToConsole to value 0
Set parameter LogToConsole to value 1
Set parameter LogToConsole to value 0
Set parameter LogToConsole to value 1
Set parameter LogToConsole to value 0
Set parameter LogToConsole to value 1
Set parameter LogToConsole to value 0
Set parameter LogToConsole to value 1
Set parameter LogToConsole to value 0
Set parameter LogToConsole to value 1
Set parameter LogToConsole to value 0
Lagrangean iter: 1 Lower bound: -1339.9190670441626
Set parameter LogToConsole to value 1
Set parameter LogToConsole to value 0
Set parameter LogToConsole to value 1
Set parameter LogToConsole to value 0
Set parameter LogToConsole to value 1
Set parameter LogToConsole to value 0
Lagrangean iter: 2 Lower bound: -1339.9190147622887
Set parameter LogToConsole to value 1
Set parameter LogToConsole to value 0
Set parameter LogToConsole to value 1
Set parameter LogToConsole to value 0
Set parameter LogToConsole to value 1
Set parameter LogToConsole to value 0
Lagrangean iter: 3 Lower bound: -1339.9189626912125
Set parameter LogToConsole to value 1
Set parameter LogToConsole to value 0
        26       911.34       924.92   -1340.1544   -1338.2471   0.1425%
Set parameter LogToConsole to value 1
Set parameter LogToConsole to value 0
Set parameter LogToConsole to value 1
Set parameter LogToConsole to value 0
Set parameter LogToConsole to value 1
Set parameter LogToConsole to value 0
Set parameter LogToConsole to value 1
Set parameter LogToConsole to value 0
Set parameter LogToConsole to value 1
Set parameter LogToConsole to value 0
Set parameter LogToConsole to value 1
Set parameter LogToConsole to value 0
Lagrangean iter: 1 Lower bound: -1339.0594225330874
Set parameter LogToConsole to value 1
Set parameter LogToConsole to value 0
Set parameter LogToConsole to value 1
Set parameter LogToConsole to value 0
Set parameter LogToConsole to value 1
Set parameter LogToConsole to value 0
Lagrangean iter: 2 Lower bound: -1339.0594037286055
Set parameter LogToConsole to value 1
Set parameter LogToConsole to value 0
Set parameter LogToConsole to value 1
Set parameter LogToConsole to value 0
Set parameter LogToConsole to value 1
Set parameter LogToConsole to value 0
Lagrangean iter: 3 Lower bound: -1339.0593844445993
Set parameter LogToConsole to value 1
Set parameter LogToConsole to value 0
Set parameter LogToConsole to value 1
Set parameter LogToConsole to value 0
Set parameter LogToConsole to value 1
Set parameter LogToConsole to value 0
Set parameter LogToConsole to value 1
Set parameter LogToConsole to value 0
Set parameter LogToConsole to value 1
Set parameter LogToConsole to value 0
Set parameter LogToConsole to value 1
Set parameter LogToConsole to value 0
Set parameter LogToConsole to value 1
Set parameter LogToConsole to value 0
Lagrangean iter: 1 Lower bound: -1339.4214873970768
Set parameter LogToConsole to value 1
Set parameter LogToConsole to value 0
Set parameter LogToConsole to value 1
Set parameter LogToConsole to value 0
Set parameter LogToConsole to value 1
Set parameter LogToConsole to value 0
Lagrangean iter: 2 Lower bound: -1339.4214667359397
Set parameter LogToConsole to value 1
Set parameter LogToConsole to value 0
Set parameter LogToConsole to value 1
Set parameter LogToConsole to value 0
Set parameter LogToConsole to value 1
Set parameter LogToConsole to value 0
Lagrangean iter: 3 Lower bound: -1339.4214460791331
Set parameter LogToConsole to value 1
Set parameter LogToConsole to value 0
        27       951.51       965.59   -1340.1229   -1338.2471   0.1402%
Set parameter LogToConsole to value 1
Set parameter LogToConsole to value 0
Set parameter LogToConsole to value 1
Set parameter LogToConsole to value 0
Set parameter LogToConsole to value 1
Set parameter LogToConsole to value 0
Set parameter LogToConsole to value 1
Set parameter LogToConsole to value 0
Set parameter LogToConsole to value 1
Set parameter LogToConsole to value 0
Set parameter LogToConsole to value 1
Set parameter LogToConsole to value 0
Lagrangean iter: 1 Lower bound: -1339.4974337310587
Set parameter LogToConsole to value 1
Set parameter LogToConsole to value 0
Set parameter LogToConsole to value 1
Set parameter LogToConsole to value 0
Set parameter LogToConsole to value 1
Set parameter LogToConsole to value 0
Lagrangean iter: 2 Lower bound: -1339.4974068843367
Set parameter LogToConsole to value 1
Set parameter LogToConsole to value 0
Set parameter LogToConsole to value 1
Set parameter LogToConsole to value 0
Set parameter LogToConsole to value 1
Set parameter LogToConsole to value 0
Lagrangean iter: 3 Lower bound: -1339.4973798844721
Set parameter LogToConsole to value 1
Set parameter LogToConsole to value 0
Set parameter LogToConsole to value 1
Set parameter LogToConsole to value 0
Set parameter LogToConsole to value 1
Set parameter LogToConsole to value 0
Set parameter LogToConsole to value 1
Set parameter LogToConsole to value 0
Set parameter LogToConsole to value 1
Set parameter LogToConsole to value 0
Set parameter LogToConsole to value 1
Set parameter LogToConsole to value 0
Set parameter LogToConsole to value 1
Set parameter LogToConsole to value 0
Lagrangean iter: 1 Lower bound: -1339.6137409029411
Set parameter LogToConsole to value 1
Set parameter LogToConsole to value 0
Set parameter LogToConsole to value 1
Set parameter LogToConsole to value 0
Set parameter LogToConsole to value 1
Set parameter LogToConsole to value 0
Lagrangean iter: 2 Lower bound: -1339.3898919174562
Set parameter LogToConsole to value 1
Set parameter LogToConsole to value 0
Set parameter LogToConsole to value 1
Set parameter LogToConsole to value 0
Set parameter LogToConsole to value 1
Set parameter LogToConsole to value 0
Lagrangean iter: 3 Lower bound: -1339.3898671747406
Set parameter LogToConsole to value 1
Set parameter LogToConsole to value 0
        28       979.28       993.92   -1340.0968   -1338.2471   0.1382%
Set parameter LogToConsole to value 1
Set parameter LogToConsole to value 0
Set parameter LogToConsole to value 1
Set parameter LogToConsole to value 0
Set parameter LogToConsole to value 1
Set parameter LogToConsole to value 0
Set parameter LogToConsole to value 1
Set parameter LogToConsole to value 0
Set parameter LogToConsole to value 1
Set parameter LogToConsole to value 0
Set parameter LogToConsole to value 1
Set parameter LogToConsole to value 0
Lagrangean iter: 1 Lower bound: -1340.0967262724764
Set parameter LogToConsole to value 1
Set parameter LogToConsole to value 0
Set parameter LogToConsole to value 1
Set parameter LogToConsole to value 0
Set parameter LogToConsole to value 1
Set parameter LogToConsole to value 0
Lagrangean iter: 2 Lower bound: -1340.0966718789837
Set parameter LogToConsole to value 1
Set parameter LogToConsole to value 0
Set parameter LogToConsole to value 1
Set parameter LogToConsole to value 0
Set parameter LogToConsole to value 1
Set parameter LogToConsole to value 0
Lagrangean iter: 3 Lower bound: -1340.0966180298487
Set parameter LogToConsole to value 1
Set parameter LogToConsole to value 0
Set parameter LogToConsole to value 1
Set parameter LogToConsole to value 0
Set parameter LogToConsole to value 1
Set parameter LogToConsole to value 0
Set parameter LogToConsole to value 1
Set parameter LogToConsole to value 0
Set parameter LogToConsole to value 1
Set parameter LogToConsole to value 0
Set parameter LogToConsole to value 1
Set parameter LogToConsole to value 0
Set parameter LogToConsole to value 1
Set parameter LogToConsole to value 0
Lagrangean iter: 1 Lower bound: -1339.862510720658
Set parameter LogToConsole to value 1
Set parameter LogToConsole to value 0
Set parameter LogToConsole to value 1
Set parameter LogToConsole to value 0
Set parameter LogToConsole to value 1
Set parameter LogToConsole to value 0
Lagrangean iter: 2 Lower bound: -1339.862460467091
Set parameter LogToConsole to value 1
Set parameter LogToConsole to value 0
Set parameter LogToConsole to value 1
Set parameter LogToConsole to value 0
Set parameter LogToConsole to value 1
Set parameter LogToConsole to value 0
Lagrangean iter: 3 Lower bound: -1339.8624118503917
Set parameter LogToConsole to value 1
Set parameter LogToConsole to value 0
        29      1013.42      1028.57   -1340.0966   -1338.2471   0.1382%
Set parameter LogToConsole to value 1
Set parameter LogToConsole to value 0
Set parameter LogToConsole to value 1
Set parameter LogToConsole to value 0
Set parameter LogToConsole to value 1
Set parameter LogToConsole to value 0
Set parameter LogToConsole to value 1
Set parameter LogToConsole to value 0
Set parameter LogToConsole to value 1
Set parameter LogToConsole to value 0
Set parameter LogToConsole to value 1
Set parameter LogToConsole to value 0
Lagrangean iter: 1 Lower bound: -1338.9877757152237
Set parameter LogToConsole to value 1
Set parameter LogToConsole to value 0
Set parameter LogToConsole to value 1
Set parameter LogToConsole to value 0
Set parameter LogToConsole to value 1
Set parameter LogToConsole to value 0
Lagrangean iter: 2 Lower bound: -1338.9877539498448
Set parameter LogToConsole to value 1
Set parameter LogToConsole to value 0
Set parameter LogToConsole to value 1
Set parameter LogToConsole to value 0
Set parameter LogToConsole to value 1
Set parameter LogToConsole to value 0
Lagrangean iter: 3 Lower bound: -1338.9877319692137
Set parameter LogToConsole to value 1
Set parameter LogToConsole to value 0
Set parameter LogToConsole to value 1
Set parameter LogToConsole to value 0
Set parameter LogToConsole to value 1
Set parameter LogToConsole to value 0
Set parameter LogToConsole to value 1
Set parameter LogToConsole to value 0
Set parameter LogToConsole to value 1
Set parameter LogToConsole to value 0
Set parameter LogToConsole to value 1
Set parameter LogToConsole to value 0
Set parameter LogToConsole to value 1
Set parameter LogToConsole to value 0
Lagrangean iter: 1 Lower bound: -1339.3636786409982
Set parameter LogToConsole to value 1
Set parameter LogToConsole to value 0
Set parameter LogToConsole to value 1
Set parameter LogToConsole to value 0
Set parameter LogToConsole to value 1
Set parameter LogToConsole to value 0
Lagrangean iter: 2 Lower bound: -1339.3636544851452
Set parameter LogToConsole to value 1
Set parameter LogToConsole to value 0
Set parameter LogToConsole to value 1
Set parameter LogToConsole to value 0
Set parameter LogToConsole to value 1
Set parameter LogToConsole to value 0
Lagrangean iter: 3 Lower bound: -1339.363630585091
Set parameter LogToConsole to value 1
Set parameter LogToConsole to value 0
        30      1047.17      1062.83   -1340.0868   -1338.2471   0.1375%
Set parameter LogToConsole to value 1
Set parameter LogToConsole to value 0
Set parameter LogToConsole to value 1
Set parameter LogToConsole to value 0
Set parameter LogToConsole to value 1
Set parameter LogToConsole to value 0
Set parameter LogToConsole to value 1
Set parameter LogToConsole to value 0
Set parameter LogToConsole to value 1
Set parameter LogToConsole to value 0
Set parameter LogToConsole to value 1
Set parameter LogToConsole to value 0
Lagrangean iter: 1 Lower bound: -1339.7064416158737
Set parameter LogToConsole to value 1
Set parameter LogToConsole to value 0
Set parameter LogToConsole to value 1
Set parameter LogToConsole to value 0
Set parameter LogToConsole to value 1
Set parameter LogToConsole to value 0
Lagrangean iter: 2 Lower bound: -1339.7064095409778
Set parameter LogToConsole to value 1
Set parameter LogToConsole to value 0
Set parameter LogToConsole to value 1
Set parameter LogToConsole to value 0
Set parameter LogToConsole to value 1
Set parameter LogToConsole to value 0
Lagrangean iter: 3 Lower bound: -1339.706378087736
Set parameter LogToConsole to value 1
Set parameter LogToConsole to value 0
Set parameter LogToConsole to value 1
Set parameter LogToConsole to value 0
Set parameter LogToConsole to value 1
Set parameter LogToConsole to value 0
Set parameter LogToConsole to value 1
Set parameter LogToConsole to value 0
Set parameter LogToConsole to value 1
Set parameter LogToConsole to value 0
Set parameter LogToConsole to value 1
Set parameter LogToConsole to value 0
Set parameter LogToConsole to value 1
Set parameter LogToConsole to value 0
Lagrangean iter: 1 Lower bound: -1339.6151605835573
Set parameter LogToConsole to value 1
Set parameter LogToConsole to value 0
Set parameter LogToConsole to value 1
Set parameter LogToConsole to value 0
Set parameter LogToConsole to value 1
Set parameter LogToConsole to value 0
Lagrangean iter: 2 Lower bound: -1339.6151433717632
Set parameter LogToConsole to value 1
Set parameter LogToConsole to value 0
Set parameter LogToConsole to value 1
Set parameter LogToConsole to value 0
Set parameter LogToConsole to value 1
Set parameter LogToConsole to value 0
Lagrangean iter: 3 Lower bound: -1339.615125100653
Set parameter LogToConsole to value 1
Set parameter LogToConsole to value 0
        31      1074.16      1090.33   -1340.0841   -1338.2471   0.1373%
Set parameter LogToConsole to value 1
Set parameter LogToConsole to value 0
Set parameter LogToConsole to value 1
Set parameter LogToConsole to value 0
Set parameter LogToConsole to value 1
Set parameter LogToConsole to value 0
Set parameter LogToConsole to value 1
Set parameter LogToConsole to value 0
Set parameter LogToConsole to value 1
Set parameter LogToConsole to value 0
Set parameter LogToConsole to value 1
Set parameter LogToConsole to value 0
Lagrangean iter: 1 Lower bound: -1339.6519302765032
Set parameter LogToConsole to value 1
Set parameter LogToConsole to value 0
Set parameter LogToConsole to value 1
Set parameter LogToConsole to value 0
Set parameter LogToConsole to value 1
Set parameter LogToConsole to value 0
Lagrangean iter: 2 Lower bound: -1339.65190274713
Set parameter LogToConsole to value 1
Set parameter LogToConsole to value 0
Set parameter LogToConsole to value 1
Set parameter LogToConsole to value 0
Set parameter LogToConsole to value 1
Set parameter LogToConsole to value 0
Lagrangean iter: 3 Lower bound: -1339.6518752743818
Set parameter LogToConsole to value 1
Set parameter LogToConsole to value 0
Set parameter LogToConsole to value 1
Set parameter LogToConsole to value 0
Set parameter LogToConsole to value 1
Set parameter LogToConsole to value 0
Set parameter LogToConsole to value 1
Set parameter LogToConsole to value 0
Set parameter LogToConsole to value 1
Set parameter LogToConsole to value 0
Set parameter LogToConsole to value 1
Set parameter LogToConsole to value 0
Set parameter LogToConsole to value 1
Set parameter LogToConsole to value 0
Lagrangean iter: 1 Lower bound: -1339.5749295903183
Set parameter LogToConsole to value 1
Set parameter LogToConsole to value 0
Set parameter LogToConsole to value 1
Set parameter LogToConsole to value 0
Set parameter LogToConsole to value 1
Set parameter LogToConsole to value 0
Lagrangean iter: 2 Lower bound: -1339.5749132195392
Set parameter LogToConsole to value 1
Set parameter LogToConsole to value 0
Set parameter LogToConsole to value 1
Set parameter LogToConsole to value 0
Set parameter LogToConsole to value 1
Set parameter LogToConsole to value 0
Lagrangean iter: 3 Lower bound: -1339.5748942165787
Set parameter LogToConsole to value 1
Set parameter LogToConsole to value 0
        32      1101.45      1118.14   -1339.9536   -1338.2471   0.1275%
Set parameter LogToConsole to value 1
Set parameter LogToConsole to value 0
Set parameter LogToConsole to value 1
Set parameter LogToConsole to value 0
Set parameter LogToConsole to value 1
Set parameter LogToConsole to value 0
Set parameter LogToConsole to value 1
Set parameter LogToConsole to value 0
Set parameter LogToConsole to value 1
Set parameter LogToConsole to value 0
Set parameter LogToConsole to value 1
Set parameter LogToConsole to value 0
Lagrangean iter: 1 Lower bound: -1338.8094198640454
Set parameter LogToConsole to value 1
Set parameter LogToConsole to value 0
Set parameter LogToConsole to value 1
Set parameter LogToConsole to value 0
Set parameter LogToConsole to value 1
Set parameter LogToConsole to value 0
Lagrangean iter: 2 Lower bound: -1338.809400957563
Set parameter LogToConsole to value 1
Set parameter LogToConsole to value 0
Set parameter LogToConsole to value 1
Set parameter LogToConsole to value 0
Set parameter LogToConsole to value 1
Set parameter LogToConsole to value 0
Lagrangean iter: 3 Lower bound: -1338.8093815984348
Set parameter LogToConsole to value 1
Set parameter LogToConsole to value 0
Set parameter LogToConsole to value 1
Set parameter LogToConsole to value 0
Set parameter LogToConsole to value 1
Set parameter LogToConsole to value 0
Set parameter LogToConsole to value 1
Set parameter LogToConsole to value 0
Set parameter LogToConsole to value 1
Set parameter LogToConsole to value 0
Set parameter LogToConsole to value 1
Set parameter LogToConsole to value 0
Set parameter LogToConsole to value 1
Set parameter LogToConsole to value 0
Lagrangean iter: 1 Lower bound: -1339.2206332317528
Set parameter LogToConsole to value 1
Set parameter LogToConsole to value 0
Set parameter LogToConsole to value 1
Set parameter LogToConsole to value 0
Set parameter LogToConsole to value 1
Set parameter LogToConsole to value 0
Lagrangean iter: 2 Lower bound: -1339.2206134388864
Set parameter LogToConsole to value 1
Set parameter LogToConsole to value 0
Set parameter LogToConsole to value 1
Set parameter LogToConsole to value 0
Set parameter LogToConsole to value 1
Set parameter LogToConsole to value 0
Lagrangean iter: 3 Lower bound: -1339.2205936460196
Set parameter LogToConsole to value 1
Set parameter LogToConsole to value 0
        33      1137.13      1154.36   -1339.9518   -1338.2471   0.1274%
Set parameter LogToConsole to value 1
Set parameter LogToConsole to value 0
Set parameter LogToConsole to value 1
Set parameter LogToConsole to value 0
Set parameter LogToConsole to value 1
Set parameter LogToConsole to value 0
Set parameter LogToConsole to value 1
Set parameter LogToConsole to value 0
Set parameter LogToConsole to value 1
Set parameter LogToConsole to value 0
Set parameter LogToConsole to value 1
Set parameter LogToConsole to value 0
Lagrangean iter: 1 Lower bound: -1339.5809958941165
Set parameter LogToConsole to value 1
Set parameter LogToConsole to value 0
Set parameter LogToConsole to value 1
Set parameter LogToConsole to value 0
Set parameter LogToConsole to value 1
Set parameter LogToConsole to value 0
Lagrangean iter: 2 Lower bound: -1339.5809663314626
Set parameter LogToConsole to value 1
Set parameter LogToConsole to value 0
Set parameter LogToConsole to value 1
Set parameter LogToConsole to value 0
Set parameter LogToConsole to value 1
Set parameter LogToConsole to value 0
Lagrangean iter: 3 Lower bound: -1339.5809368394646
Set parameter LogToConsole to value 1
Set parameter LogToConsole to value 0
Set parameter LogToConsole to value 1
Set parameter LogToConsole to value 0
Set parameter LogToConsole to value 1
Set parameter LogToConsole to value 0
Set parameter LogToConsole to value 1
Set parameter LogToConsole to value 0
Set parameter LogToConsole to value 1
Set parameter LogToConsole to value 0
Set parameter LogToConsole to value 1
Set parameter LogToConsole to value 0
Set parameter LogToConsole to value 1
Set parameter LogToConsole to value 0
Lagrangean iter: 1 Lower bound: -1339.2188555470402
Set parameter LogToConsole to value 1
Set parameter LogToConsole to value 0
Set parameter LogToConsole to value 1
Set parameter LogToConsole to value 0
Set parameter LogToConsole to value 1
Set parameter LogToConsole to value 0
Lagrangean iter: 2 Lower bound: -1339.2188259148056
Set parameter LogToConsole to value 1
Set parameter LogToConsole to value 0
Set parameter LogToConsole to value 1
Set parameter LogToConsole to value 0
Set parameter LogToConsole to value 1
Set parameter LogToConsole to value 0
Lagrangean iter: 3 Lower bound: -1339.218796707497
Set parameter LogToConsole to value 1
Set parameter LogToConsole to value 0
        34      1172.27      1190.01   -1339.9190   -1338.2471   0.1249%
Set parameter LogToConsole to value 1
Set parameter LogToConsole to value 0
Set parameter LogToConsole to value 1
Set parameter LogToConsole to value 0
Set parameter LogToConsole to value 1
Set parameter LogToConsole to value 0
Set parameter LogToConsole to value 1
Set parameter LogToConsole to value 0
Set parameter LogToConsole to value 1
Set parameter LogToConsole to value 0
Set parameter LogToConsole to value 1
Set parameter LogToConsole to value 0
Lagrangean iter: 1 Lower bound: -1339.918910144082
Set parameter LogToConsole to value 1
Set parameter LogToConsole to value 0
Set parameter LogToConsole to value 1
Set parameter LogToConsole to value 0
Set parameter LogToConsole to value 1
Set parameter LogToConsole to value 0
Lagrangean iter: 2 Lower bound: -1339.918857490811
Set parameter LogToConsole to value 1
Set parameter LogToConsole to value 0
Set parameter LogToConsole to value 1
Set parameter LogToConsole to value 0
Set parameter LogToConsole to value 1
Set parameter LogToConsole to value 0
Lagrangean iter: 3 Lower bound: -1339.9188050051225
Set parameter LogToConsole to value 1
Set parameter LogToConsole to value 0
Set parameter LogToConsole to value 1
Set parameter LogToConsole to value 0
Set parameter LogToConsole to value 1
Set parameter LogToConsole to value 0
Set parameter LogToConsole to value 1
Set parameter LogToConsole to value 0
Set parameter LogToConsole to value 1
Set parameter LogToConsole to value 0
Set parameter LogToConsole to value 1
Set parameter LogToConsole to value 0
Set parameter LogToConsole to value 1
Set parameter LogToConsole to value 0
Lagrangean iter: 1 Lower bound: -1339.6254553304675
Set parameter LogToConsole to value 1
Set parameter LogToConsole to value 0
Set parameter LogToConsole to value 1
Set parameter LogToConsole to value 0
Set parameter LogToConsole to value 1
Set parameter LogToConsole to value 0
Lagrangean iter: 2 Lower bound: -1339.6254069416511
Set parameter LogToConsole to value 1
Set parameter LogToConsole to value 0
Set parameter LogToConsole to value 1
Set parameter LogToConsole to value 0
Set parameter LogToConsole to value 1
Set parameter LogToConsole to value 0
Lagrangean iter: 3 Lower bound: -1339.625357565299
Set parameter LogToConsole to value 1
Set parameter LogToConsole to value 0
        35      1205.24      1223.50   -1339.9188   -1338.2471   0.1249%
Set parameter LogToConsole to value 1
Set parameter LogToConsole to value 0
Set parameter LogToConsole to value 1
Set parameter LogToConsole to value 0
Set parameter LogToConsole to value 1
Set parameter LogToConsole to value 0
Set parameter LogToConsole to value 1
Set parameter LogToConsole to value 0
Set parameter LogToConsole to value 1
Set parameter LogToConsole to value 0
Set parameter LogToConsole to value 1
Set parameter LogToConsole to value 0
Lagrangean iter: 1 Lower bound: -1338.999084663044
Set parameter LogToConsole to value 1
Set parameter LogToConsole to value 0
Set parameter LogToConsole to value 1
Set parameter LogToConsole to value 0
Set parameter LogToConsole to value 1
Set parameter LogToConsole to value 0
Lagrangean iter: 2 Lower bound: -1338.9990721630438
Set parameter LogToConsole to value 1
Set parameter LogToConsole to value 0
Set parameter LogToConsole to value 1
Set parameter LogToConsole to value 0
Set parameter LogToConsole to value 1
Set parameter LogToConsole to value 0
Lagrangean iter: 3 Lower bound: -1338.9990596630437
Set parameter LogToConsole to value 1
Set parameter LogToConsole to value 0
Set parameter LogToConsole to value 1
Set parameter LogToConsole to value 0
Set parameter LogToConsole to value 1
Set parameter LogToConsole to value 0
Set parameter LogToConsole to value 1
Set parameter LogToConsole to value 0
Set parameter LogToConsole to value 1
Set parameter LogToConsole to value 0
Set parameter LogToConsole to value 1
Set parameter LogToConsole to value 0
Set parameter LogToConsole to value 1
Set parameter LogToConsole to value 0
Lagrangean iter: 1 Lower bound: -1339.1858662165657
Set parameter LogToConsole to value 1
Set parameter LogToConsole to value 0
Set parameter LogToConsole to value 1
Set parameter LogToConsole to value 0
Set parameter LogToConsole to value 1
Set parameter LogToConsole to value 0
Lagrangean iter: 2 Lower bound: -1339.1858440558203
Set parameter LogToConsole to value 1
Set parameter LogToConsole to value 0
Set parameter LogToConsole to value 1
Set parameter LogToConsole to value 0
Set parameter LogToConsole to value 1
Set parameter LogToConsole to value 0
Lagrangean iter: 3 Lower bound: -1339.1858219718895
Set parameter LogToConsole to value 1
Set parameter LogToConsole to value 0
        36      1232.64      1251.41   -1339.8624   -1338.2471   0.1207%
Set parameter LogToConsole to value 1
Set parameter LogToConsole to value 0
Set parameter LogToConsole to value 1
Set parameter LogToConsole to value 0
Set parameter LogToConsole to value 1
Set parameter LogToConsole to value 0
Set parameter LogToConsole to value 1
Set parameter LogToConsole to value 0
Set parameter LogToConsole to value 1
Set parameter LogToConsole to value 0
Set parameter LogToConsole to value 1
Set parameter LogToConsole to value 0
Lagrangean iter: 1 Lower bound: -1338.6764203279236
Set parameter LogToConsole to value 1
Set parameter LogToConsole to value 0
Set parameter LogToConsole to value 1
Set parameter LogToConsole to value 0
Set parameter LogToConsole to value 1
Set parameter LogToConsole to value 0
Lagrangean iter: 2 Lower bound: -1338.6763995384495
Set parameter LogToConsole to value 1
Set parameter LogToConsole to value 0
Set parameter LogToConsole to value 1
Set parameter LogToConsole to value 0
Set parameter LogToConsole to value 1
Set parameter LogToConsole to value 0
Lagrangean iter: 3 Lower bound: -1338.6763795957959
Set parameter LogToConsole to value 1
Set parameter LogToConsole to value 0
Set parameter LogToConsole to value 1
Set parameter LogToConsole to value 0
Set parameter LogToConsole to value 1
Set parameter LogToConsole to value 0
Set parameter LogToConsole to value 1
Set parameter LogToConsole to value 0
Set parameter LogToConsole to value 1
Set parameter LogToConsole to value 0
Set parameter LogToConsole to value 1
Set parameter LogToConsole to value 0
Set parameter LogToConsole to value 1
Set parameter LogToConsole to value 0
Lagrangean iter: 1 Lower bound: -1339.1294756910443
Set parameter LogToConsole to value 1
Set parameter LogToConsole to value 0
Set parameter LogToConsole to value 1
Set parameter LogToConsole to value 0
Set parameter LogToConsole to value 1
Set parameter LogToConsole to value 0
Lagrangean iter: 2 Lower bound: -1339.1294562592393
Set parameter LogToConsole to value 1
Set parameter LogToConsole to value 0
Set parameter LogToConsole to value 1
Set parameter LogToConsole to value 0
Set parameter LogToConsole to value 1
Set parameter LogToConsole to value 0
Lagrangean iter: 3 Lower bound: -1339.129436827102
Set parameter LogToConsole to value 1
Set parameter LogToConsole to value 0
        37      1269.06      1288.34   -1339.7354   -1338.2471   0.1112%
Set parameter LogToConsole to value 1
Set parameter LogToConsole to value 0
Set parameter LogToConsole to value 1
Set parameter LogToConsole to value 0
Set parameter LogToConsole to value 1
Set parameter LogToConsole to value 0
Set parameter LogToConsole to value 1
Set parameter LogToConsole to value 0
Set parameter LogToConsole to value 1
Set parameter LogToConsole to value 0
Set parameter LogToConsole to value 1
Set parameter LogToConsole to value 0
Lagrangean iter: 1 Lower bound: -1339.735389117249
Set parameter LogToConsole to value 1
Set parameter LogToConsole to value 0
Set parameter LogToConsole to value 1
Set parameter LogToConsole to value 0
Set parameter LogToConsole to value 1
Set parameter LogToConsole to value 0
Lagrangean iter: 2 Lower bound: -1339.7353518804075
Set parameter LogToConsole to value 1
Set parameter LogToConsole to value 0
Set parameter LogToConsole to value 1
Set parameter LogToConsole to value 0
Set parameter LogToConsole to value 1
Set parameter LogToConsole to value 0
Lagrangean iter: 3 Lower bound: -1339.7353174487669
Set parameter LogToConsole to value 1
Set parameter LogToConsole to value 0
Set parameter LogToConsole to value 1
Set parameter LogToConsole to value 0
Set parameter LogToConsole to value 1
Set parameter LogToConsole to value 0
Set parameter LogToConsole to value 1
Set parameter LogToConsole to value 0
Set parameter LogToConsole to value 1
Set parameter LogToConsole to value 0
Set parameter LogToConsole to value 1
Set parameter LogToConsole to value 0
Set parameter LogToConsole to value 1
Set parameter LogToConsole to value 0
Lagrangean iter: 1 Lower bound: -1339.0024081590932
Set parameter LogToConsole to value 1
Set parameter LogToConsole to value 0
Set parameter LogToConsole to value 1
Set parameter LogToConsole to value 0
Set parameter LogToConsole to value 1
Set parameter LogToConsole to value 0
Lagrangean iter: 2 Lower bound: -1339.0023811036206
Set parameter LogToConsole to value 1
Set parameter LogToConsole to value 0
Set parameter LogToConsole to value 1
Set parameter LogToConsole to value 0
Set parameter LogToConsole to value 1
Set parameter LogToConsole to value 0
Lagrangean iter: 3 Lower bound: -1339.0023546998775
Set parameter LogToConsole to value 1
Set parameter LogToConsole to value 0
        38      1304.07      1323.89   -1339.7353   -1338.2471   0.1112%
Set parameter LogToConsole to value 1
Set parameter LogToConsole to value 0
Set parameter LogToConsole to value 1
Set parameter LogToConsole to value 0
Set parameter LogToConsole to value 1
Set parameter LogToConsole to value 0
Set parameter LogToConsole to value 1
Set parameter LogToConsole to value 0
Set parameter LogToConsole to value 1
Set parameter LogToConsole to value 0
Set parameter LogToConsole to value 1
Set parameter LogToConsole to value 0
Lagrangean iter: 1 Lower bound: -1339.5248194721194
Set parameter LogToConsole to value 1
Set parameter LogToConsole to value 0
Set parameter LogToConsole to value 1
Set parameter LogToConsole to value 0
Set parameter LogToConsole to value 1
Set parameter LogToConsole to value 0
Lagrangean iter: 2 Lower bound: -1339.5247887705327
Set parameter LogToConsole to value 1
Set parameter LogToConsole to value 0
Set parameter LogToConsole to value 1
Set parameter LogToConsole to value 0
Set parameter LogToConsole to value 1
Set parameter LogToConsole to value 0
Lagrangean iter: 3 Lower bound: -1339.5247589044243
Set parameter LogToConsole to value 1
Set parameter LogToConsole to value 0
Set parameter LogToConsole to value 1
Set parameter LogToConsole to value 0
Set parameter LogToConsole to value 1
Set parameter LogToConsole to value 0
Set parameter LogToConsole to value 1
Set parameter LogToConsole to value 0
Set parameter LogToConsole to value 1
Set parameter LogToConsole to value 0
Set parameter LogToConsole to value 1
Set parameter LogToConsole to value 0
Set parameter LogToConsole to value 1
Set parameter LogToConsole to value 0
Lagrangean iter: 1 Lower bound: -1339.6019708100562
Set parameter LogToConsole to value 1
Set parameter LogToConsole to value 0
Set parameter LogToConsole to value 1
Set parameter LogToConsole to value 0
Set parameter LogToConsole to value 1
Set parameter LogToConsole to value 0
Lagrangean iter: 2 Lower bound: -1339.6019357020582
Set parameter LogToConsole to value 1
Set parameter LogToConsole to value 0
Set parameter LogToConsole to value 1
Set parameter LogToConsole to value 0
Set parameter LogToConsole to value 1
Set parameter LogToConsole to value 0
Lagrangean iter: 3 Lower bound: -1339.6019073828509
Set parameter LogToConsole to value 1
Set parameter LogToConsole to value 0
        39      1339.14      1359.52   -1339.7064   -1338.2471   0.1090%
Set parameter LogToConsole to value 1
Set parameter LogToConsole to value 0
Set parameter LogToConsole to value 1
Set parameter LogToConsole to value 0
Set parameter LogToConsole to value 1
Set parameter LogToConsole to value 0
Set parameter LogToConsole to value 1
Set parameter LogToConsole to value 0
Set parameter LogToConsole to value 1
Set parameter LogToConsole to value 0
Set parameter LogToConsole to value 1
Set parameter LogToConsole to value 0
Lagrangean iter: 1 Lower bound: -1339.4418732538506
Set parameter LogToConsole to value 1
Set parameter LogToConsole to value 0
Set parameter LogToConsole to value 1
Set parameter LogToConsole to value 0
Set parameter LogToConsole to value 1
Set parameter LogToConsole to value 0
Lagrangean iter: 2 Lower bound: -1339.4418446626441
Set parameter LogToConsole to value 1
Set parameter LogToConsole to value 0
Set parameter LogToConsole to value 1
Set parameter LogToConsole to value 0
Set parameter LogToConsole to value 1
Set parameter LogToConsole to value 0
Lagrangean iter: 3 Lower bound: -1339.4418165551267
Set parameter LogToConsole to value 1
Set parameter LogToConsole to value 0
Set parameter LogToConsole to value 1
Set parameter LogToConsole to value 0
Set parameter LogToConsole to value 1
Set parameter LogToConsole to value 0
Set parameter LogToConsole to value 1
Set parameter LogToConsole to value 0
Set parameter LogToConsole to value 1
Set parameter LogToConsole to value 0
Set parameter LogToConsole to value 1
Set parameter LogToConsole to value 0
Set parameter LogToConsole to value 1
Set parameter LogToConsole to value 0
Lagrangean iter: 1 Lower bound: -1339.5730352099251
Set parameter LogToConsole to value 1
Set parameter LogToConsole to value 0
Set parameter LogToConsole to value 1
Set parameter LogToConsole to value 0
Set parameter LogToConsole to value 1
Set parameter LogToConsole to value 0
Lagrangean iter: 2 Lower bound: -1339.5730040294845
Set parameter LogToConsole to value 1
Set parameter LogToConsole to value 0
Set parameter LogToConsole to value 1
Set parameter LogToConsole to value 0
Set parameter LogToConsole to value 1
Set parameter LogToConsole to value 0
Lagrangean iter: 3 Lower bound: -1339.572973533267
Set parameter LogToConsole to value 1
Set parameter LogToConsole to value 0
        40      1373.89      1394.78   -1339.6519   -1338.2471   0.1050%
Set parameter LogToConsole to value 1
Set parameter LogToConsole to value 0
Set parameter LogToConsole to value 1
Set parameter LogToConsole to value 0
Set parameter LogToConsole to value 1
Set parameter LogToConsole to value 0
Set parameter LogToConsole to value 1
Set parameter LogToConsole to value 0
Set parameter LogToConsole to value 1
Set parameter LogToConsole to value 0
Set parameter LogToConsole to value 1
Set parameter LogToConsole to value 0
Lagrangean iter: 1 Lower bound: -1339.3886696441687
Set parameter LogToConsole to value 1
Set parameter LogToConsole to value 0
Set parameter LogToConsole to value 1
Set parameter LogToConsole to value 0
Set parameter LogToConsole to value 1
Set parameter LogToConsole to value 0
Lagrangean iter: 2 Lower bound: -1339.388646537459
Set parameter LogToConsole to value 1
Set parameter LogToConsole to value 0
Set parameter LogToConsole to value 1
Set parameter LogToConsole to value 0
Set parameter LogToConsole to value 1
Set parameter LogToConsole to value 0
Lagrangean iter: 3 Lower bound: -1339.3886230129947
Set parameter LogToConsole to value 1
Set parameter LogToConsole to value 0
Set parameter LogToConsole to value 1
Set parameter LogToConsole to value 0
Set parameter LogToConsole to value 1
Set parameter LogToConsole to value 0
Set parameter LogToConsole to value 1
Set parameter LogToConsole to value 0
Set parameter LogToConsole to value 1
Set parameter LogToConsole to value 0
Set parameter LogToConsole to value 1
Set parameter LogToConsole to value 0
Set parameter LogToConsole to value 1
Set parameter LogToConsole to value 0
Lagrangean iter: 1 Lower bound: -1339.5185400787468
Set parameter LogToConsole to value 1
Set parameter LogToConsole to value 0
Set parameter LogToConsole to value 1
Set parameter LogToConsole to value 0
Set parameter LogToConsole to value 1
Set parameter LogToConsole to value 0
Lagrangean iter: 2 Lower bound: -1339.5185150807392
Set parameter LogToConsole to value 1
Set parameter LogToConsole to value 0
Set parameter LogToConsole to value 1
Set parameter LogToConsole to value 0
Set parameter LogToConsole to value 1
Set parameter LogToConsole to value 0
Lagrangean iter: 3 Lower bound: -1339.5184900827358
Set parameter LogToConsole to value 1
Set parameter LogToConsole to value 0
        41      1399.59      1420.99   -1339.6270   -1338.2471   0.1031%
Set parameter LogToConsole to value 1
Set parameter LogToConsole to value 0
Set parameter LogToConsole to value 1
Set parameter LogToConsole to value 0
Set parameter LogToConsole to value 1
Set parameter LogToConsole to value 0
Set parameter LogToConsole to value 1
Set parameter LogToConsole to value 0
Set parameter LogToConsole to value 1
Set parameter LogToConsole to value 0
Set parameter LogToConsole to value 1
Set parameter LogToConsole to value 0
Lagrangean iter: 1 Lower bound: -1339.3637447805772
Set parameter LogToConsole to value 1
Set parameter LogToConsole to value 0
Set parameter LogToConsole to value 1
Set parameter LogToConsole to value 0
Set parameter LogToConsole to value 1
Set parameter LogToConsole to value 0
Lagrangean iter: 2 Lower bound: -1339.3637216842076
Set parameter LogToConsole to value 1
Set parameter LogToConsole to value 0
Set parameter LogToConsole to value 1
Set parameter LogToConsole to value 0
Set parameter LogToConsole to value 1
Set parameter LogToConsole to value 0
Lagrangean iter: 3 Lower bound: -1339.36369939127
Set parameter LogToConsole to value 1
Set parameter LogToConsole to value 0
Set parameter LogToConsole to value 1
Set parameter LogToConsole to value 0
Set parameter LogToConsole to value 1
Set parameter LogToConsole to value 0
Set parameter LogToConsole to value 1
Set parameter LogToConsole to value 0
Set parameter LogToConsole to value 1
Set parameter LogToConsole to value 0
Set parameter LogToConsole to value 1
Set parameter LogToConsole to value 0
Set parameter LogToConsole to value 1
Set parameter LogToConsole to value 0
Lagrangean iter: 1 Lower bound: -1339.754975571207
Set parameter LogToConsole to value 1
Set parameter LogToConsole to value 0
Set parameter LogToConsole to value 1
Set parameter LogToConsole to value 0
Set parameter LogToConsole to value 1
Set parameter LogToConsole to value 0
Lagrangean iter: 2 Lower bound: -1339.754959681555
Set parameter LogToConsole to value 1
Set parameter LogToConsole to value 0
Set parameter LogToConsole to value 1
Set parameter LogToConsole to value 0
Set parameter LogToConsole to value 1
Set parameter LogToConsole to value 0
Lagrangean iter: 3 Lower bound: -1339.7549452763092
Set parameter LogToConsole to value 1
Set parameter LogToConsole to value 0
        42      1427.14      1449.06   -1339.6254   -1338.2471   0.1030%
Set parameter LogToConsole to value 1
Set parameter LogToConsole to value 0
Set parameter LogToConsole to value 1
Set parameter LogToConsole to value 0
Set parameter LogToConsole to value 1
Set parameter LogToConsole to value 0
Set parameter LogToConsole to value 1
Set parameter LogToConsole to value 0
Set parameter LogToConsole to value 1
Set parameter LogToConsole to value 0
Set parameter LogToConsole to value 1
Set parameter LogToConsole to value 0
Lagrangean iter: 1 Lower bound: -1338.4264226804935
Set parameter LogToConsole to value 1
Set parameter LogToConsole to value 0
Set parameter LogToConsole to value 1
Set parameter LogToConsole to value 0
Set parameter LogToConsole to value 1
Set parameter LogToConsole to value 0
Lagrangean iter: 2 Lower bound: -1338.4264028680727
Set parameter LogToConsole to value 1
Set parameter LogToConsole to value 0
Set parameter LogToConsole to value 1
Set parameter LogToConsole to value 0
Set parameter LogToConsole to value 1
Set parameter LogToConsole to value 0
Lagrangean iter: 3 Lower bound: -1338.4263835616919
Set parameter LogToConsole to value 1
Set parameter LogToConsole to value 0
Set parameter LogToConsole to value 1
Set parameter LogToConsole to value 0
Set parameter LogToConsole to value 1
Set parameter LogToConsole to value 0
Set parameter LogToConsole to value 1
Set parameter LogToConsole to value 0
Set parameter LogToConsole to value 1
Set parameter LogToConsole to value 0
Set parameter LogToConsole to value 1
Set parameter LogToConsole to value 0
Set parameter LogToConsole to value 1
Set parameter LogToConsole to value 0
Lagrangean iter: 1 Lower bound: -1338.8924214682174
Set parameter LogToConsole to value 1
Set parameter LogToConsole to value 0
Set parameter LogToConsole to value 1
Set parameter LogToConsole to value 0
Set parameter LogToConsole to value 1
Set parameter LogToConsole to value 0
Lagrangean iter: 2 Lower bound: -1338.8924020958589
Set parameter LogToConsole to value 1
Set parameter LogToConsole to value 0
Set parameter LogToConsole to value 1
Set parameter LogToConsole to value 0
Set parameter LogToConsole to value 1
Set parameter LogToConsole to value 0
Lagrangean iter: 3 Lower bound: -1338.892382717103
Set parameter LogToConsole to value 1
Set parameter LogToConsole to value 0
        43      1460.40      1482.87   -1339.6151   -1338.2471   0.1022%
Set parameter LogToConsole to value 1
Set parameter LogToConsole to value 0
Set parameter LogToConsole to value 1
Set parameter LogToConsole to value 0
Set parameter LogToConsole to value 1
Set parameter LogToConsole to value 0
Set parameter LogToConsole to value 1
Set parameter LogToConsole to value 0
Set parameter LogToConsole to value 1
Set parameter LogToConsole to value 0
Set parameter LogToConsole to value 1
Set parameter LogToConsole to value 0
Lagrangean iter: 1 Lower bound: -1339.328690200265
Set parameter LogToConsole to value 1
Set parameter LogToConsole to value 0
Set parameter LogToConsole to value 1
Set parameter LogToConsole to value 0
Set parameter LogToConsole to value 1
Set parameter LogToConsole to value 0
Lagrangean iter: 2 Lower bound: -1339.328665361772
Set parameter LogToConsole to value 1
Set parameter LogToConsole to value 0
Set parameter LogToConsole to value 1
Set parameter LogToConsole to value 0
Set parameter LogToConsole to value 1
Set parameter LogToConsole to value 0
Lagrangean iter: 3 Lower bound: -1339.3286368328284
Set parameter LogToConsole to value 1
Set parameter LogToConsole to value 0
Set parameter LogToConsole to value 1
Set parameter LogToConsole to value 0
Set parameter LogToConsole to value 1
Set parameter LogToConsole to value 0
Set parameter LogToConsole to value 1
Set parameter LogToConsole to value 0
Set parameter LogToConsole to value 1
Set parameter LogToConsole to value 0
Set parameter LogToConsole to value 1
Set parameter LogToConsole to value 0
Set parameter LogToConsole to value 1
Set parameter LogToConsole to value 0
Lagrangean iter: 1 Lower bound: -1339.2204627511383
Set parameter LogToConsole to value 1
Set parameter LogToConsole to value 0
Set parameter LogToConsole to value 1
Set parameter LogToConsole to value 0
Set parameter LogToConsole to value 1
Set parameter LogToConsole to value 0
Lagrangean iter: 2 Lower bound: -1339.2204406442934
Set parameter LogToConsole to value 1
Set parameter LogToConsole to value 0
Set parameter LogToConsole to value 1
Set parameter LogToConsole to value 0
Set parameter LogToConsole to value 1
Set parameter LogToConsole to value 0
Lagrangean iter: 3 Lower bound: -1339.2204152084141
Set parameter LogToConsole to value 1
Set parameter LogToConsole to value 0
        44      1492.84      1515.81   -1339.6019   -1338.2471   0.1012%
Set parameter LogToConsole to value 1
Set parameter LogToConsole to value 0
Set parameter LogToConsole to value 1
Set parameter LogToConsole to value 0
Set parameter LogToConsole to value 1
Set parameter LogToConsole to value 0
Set parameter LogToConsole to value 1
Set parameter LogToConsole to value 0
Set parameter LogToConsole to value 1
Set parameter LogToConsole to value 0
Set parameter LogToConsole to value 1
Set parameter LogToConsole to value 0
Lagrangean iter: 1 Lower bound: -1339.5431854810686
Set parameter LogToConsole to value 1
Set parameter LogToConsole to value 0
Set parameter LogToConsole to value 1
Set parameter LogToConsole to value 0
Set parameter LogToConsole to value 1
Set parameter LogToConsole to value 0
Lagrangean iter: 2 Lower bound: -1339.5431661612806
Set parameter LogToConsole to value 1
Set parameter LogToConsole to value 0
Set parameter LogToConsole to value 1
Set parameter LogToConsole to value 0
Set parameter LogToConsole to value 1
Set parameter LogToConsole to value 0
Lagrangean iter: 3 Lower bound: -1339.543146846091
Set parameter LogToConsole to value 1
Set parameter LogToConsole to value 0
Set parameter LogToConsole to value 1
Set parameter LogToConsole to value 0
Set parameter LogToConsole to value 1
Set parameter LogToConsole to value 0
Set parameter LogToConsole to value 1
Set parameter LogToConsole to value 0
Set parameter LogToConsole to value 1
Set parameter LogToConsole to value 0
Set parameter LogToConsole to value 1
Set parameter LogToConsole to value 0
Set parameter LogToConsole to value 1
Set parameter LogToConsole to value 0
Lagrangean iter: 1 Lower bound: -1339.5185738559717
Set parameter LogToConsole to value 1
Set parameter LogToConsole to value 0
Set parameter LogToConsole to value 1
Set parameter LogToConsole to value 0
Set parameter LogToConsole to value 1
Set parameter LogToConsole to value 0
Lagrangean iter: 2 Lower bound: -1339.5185420703206
Set parameter LogToConsole to value 1
Set parameter LogToConsole to value 0
Set parameter LogToConsole to value 1
Set parameter LogToConsole to value 0
Set parameter LogToConsole to value 1
Set parameter LogToConsole to value 0
Lagrangean iter: 3 Lower bound: -1339.5185088398005
Set parameter LogToConsole to value 1
Set parameter LogToConsole to value 0
        45      1523.76      1547.26   -1339.5809   -1338.2471   0.0997%
================================================================================


evaluating object as numeric value: y['S[1]']
    (object: <class 'pyomo.core.base.var.VarData'>)
No value for uninitialized VarData object y['S[1]']
Failed to record solution; no feasible solution from upper bounding.
Optimal solution found.

total wall time: 1547.26 s
total CPU time: 1523.76 s
Nodes explored in branch-and-bound: 91
---------------------------------------
Begin Slurm Epilog: Nov-22-2025 17:32:09
Job ID:        2383250
User ID:       jyang872
Account:       gts-jscott319
Job name:      pooling_normal
Resources:     cpu=1,mem=8G,node=1
Rsrc Used:     cput=00:25:54,vmem=0,walltime=00:25:54,mem=39272K,energy_used=0
Partition:     cpu-small
QOS:           inferno
Nodes:         atl1-1-02-003-16-2
---------------------------------------
