---------------------------------------
Begin Slurm Prolog: Nov-22-2025 18:19:47
Job ID:    2383867
User ID:   jyang872
Account:   gts-jscott319
Job name:  process
Partition: cpu-small
QOS:       inferno
---------------------------------------

Due to MODULEPATH changes, the following have been reloaded:
  1) gmp/6.2.1     2) mpc/1.3.1     3) mpfr/4.2.0     4) zlib/1.2.13

Solving the problem via SBB...
	Maximum iteration: 100000.0
	Maximum time: 86400
	Tolerance: 1E-03
Initialize the model...
Set parameter LicenseID to value 2441885
Set parameter GURO_PAR_SPECIAL
Set parameter TokenServer to value "license-coda.pace.gatech.edu"
Set parameter LogToConsole to value 1
Set parameter LogToConsole to value 0
Set parameter LogToConsole to value 1
Set parameter LogToConsole to value 0
Set parameter LogToConsole to value 1
Set parameter LogToConsole to value 0
augmented lagrangean iteration 0
Set parameter LogToConsole to value 1
Set parameter LogToConsole to value 0
Set parameter LogToConsole to value 1
Set parameter LogToConsole to value 0
Set parameter LogToConsole to value 1
Set parameter LogToConsole to value 0
augmented lagrangean iteration 1
Set parameter LogToConsole to value 1
Set parameter LogToConsole to value 0
Set parameter LogToConsole to value 1
Set parameter LogToConsole to value 0
Set parameter LogToConsole to value 1
Set parameter LogToConsole to value 0
augmented lagrangean iteration 2
Set parameter LogToConsole to value 1
Set parameter LogToConsole to value 0
Set parameter LogToConsole to value 1
Set parameter LogToConsole to value 0
Set parameter LogToConsole to value 1
Set parameter LogToConsole to value 0
Set parameter LogToConsole to value 1
Set parameter LogToConsole to value 0
	Root node lower bound: -1128.09, upper bound: -1126.42
	Total initialization CPU time: 37.15 s
Done.
Solving the model...
================================================================================
  iteration     CPU time    wall time  lower bound  upper bound     gap
Set parameter LogToConsole to value 1
Set parameter LogToConsole to value 0
Set parameter LogToConsole to value 1
Set parameter LogToConsole to value 0
Set parameter LogToConsole to value 1
Set parameter LogToConsole to value 0
augmented lagrangean iteration 0
Set parameter LogToConsole to value 1
Set parameter LogToConsole to value 0
Set parameter LogToConsole to value 1
Set parameter LogToConsole to value 0
Set parameter LogToConsole to value 1
Set parameter LogToConsole to value 0
augmented lagrangean iteration 1
Set parameter LogToConsole to value 1
Set parameter LogToConsole to value 0
Set parameter LogToConsole to value 1
Set parameter LogToConsole to value 0
Set parameter LogToConsole to value 1
Set parameter LogToConsole to value 0
augmented lagrangean iteration 2
Set parameter LogToConsole to value 1
Set parameter LogToConsole to value 0
Set parameter LogToConsole to value 1
Set parameter LogToConsole to value 0
Set parameter LogToConsole to value 1
Set parameter LogToConsole to value 0
Set parameter LogToConsole to value 1
Set parameter LogToConsole to value 0
Set parameter LogToConsole to value 1
Set parameter LogToConsole to value 0
Set parameter LogToConsole to value 1
Set parameter LogToConsole to value 0
         1        74.72        77.08   -1128.0935   -1126.4218   0.1484%
Set parameter LogToConsole to value 1
Set parameter LogToConsole to value 0
Set parameter LogToConsole to value 1
Set parameter LogToConsole to value 0
Set parameter LogToConsole to value 1
Set parameter LogToConsole to value 0
augmented lagrangean iteration 0
Set parameter LogToConsole to value 1
Set parameter LogToConsole to value 0
Set parameter LogToConsole to value 1
Set parameter LogToConsole to value 0
Set parameter LogToConsole to value 1
Set parameter LogToConsole to value 0
augmented lagrangean iteration 1
Set parameter LogToConsole to value 1
Set parameter LogToConsole to value 0
Set parameter LogToConsole to value 1
Set parameter LogToConsole to value 0
Set parameter LogToConsole to value 1
Set parameter LogToConsole to value 0
augmented lagrangean iteration 2
Set parameter LogToConsole to value 1
Set parameter LogToConsole to value 0
Set parameter LogToConsole to value 1
Set parameter LogToConsole to value 0
Set parameter LogToConsole to value 1
Set parameter LogToConsole to value 0
Set parameter LogToConsole to value 1
Set parameter LogToConsole to value 0
Set parameter LogToConsole to value 1
Set parameter LogToConsole to value 0
Set parameter LogToConsole to value 1
Set parameter LogToConsole to value 0
Set parameter LogToConsole to value 1
Set parameter LogToConsole to value 0
augmented lagrangean iteration 0
Set parameter LogToConsole to value 1
Set parameter LogToConsole to value 0
Set parameter LogToConsole to value 1
Set parameter LogToConsole to value 0
Set parameter LogToConsole to value 1
Set parameter LogToConsole to value 0
augmented lagrangean iteration 1
Set parameter LogToConsole to value 1
Set parameter LogToConsole to value 0
Set parameter LogToConsole to value 1
Set parameter LogToConsole to value 0
Set parameter LogToConsole to value 1
Set parameter LogToConsole to value 0
augmented lagrangean iteration 2
Set parameter LogToConsole to value 1
Set parameter LogToConsole to value 0
Set parameter LogToConsole to value 1
Set parameter LogToConsole to value 0
Set parameter LogToConsole to value 1
Set parameter LogToConsole to value 0
Set parameter LogToConsole to value 1
Set parameter LogToConsole to value 0
         2       143.77       146.25   -1128.0935   -1126.4218   0.1484%
Set parameter LogToConsole to value 1
Set parameter LogToConsole to value 0
Set parameter LogToConsole to value 1
Set parameter LogToConsole to value 0
Set parameter LogToConsole to value 1
Set parameter LogToConsole to value 0
augmented lagrangean iteration 0
Set parameter LogToConsole to value 1
Set parameter LogToConsole to value 0
Set parameter LogToConsole to value 1
Set parameter LogToConsole to value 0
Set parameter LogToConsole to value 1
Set parameter LogToConsole to value 0
augmented lagrangean iteration 1
Set parameter LogToConsole to value 1
Set parameter LogToConsole to value 0
Set parameter LogToConsole to value 1
Set parameter LogToConsole to value 0
Set parameter LogToConsole to value 1
Set parameter LogToConsole to value 0
augmented lagrangean iteration 2
Set parameter LogToConsole to value 1
Set parameter LogToConsole to value 0
Set parameter LogToConsole to value 1
Set parameter LogToConsole to value 0
Set parameter LogToConsole to value 1
Set parameter LogToConsole to value 0
Set parameter LogToConsole to value 1
Set parameter LogToConsole to value 0
Set parameter LogToConsole to value 1
Set parameter LogToConsole to value 0
Set parameter LogToConsole to value 1
Set parameter LogToConsole to value 0
Set parameter LogToConsole to value 1
Set parameter LogToConsole to value 0
augmented lagrangean iteration 0
Set parameter LogToConsole to value 1
Set parameter LogToConsole to value 0
Set parameter LogToConsole to value 1
Set parameter LogToConsole to value 0
Set parameter LogToConsole to value 1
Set parameter LogToConsole to value 0
augmented lagrangean iteration 1
Set parameter LogToConsole to value 1
Set parameter LogToConsole to value 0
Set parameter LogToConsole to value 1
Set parameter LogToConsole to value 0
Set parameter LogToConsole to value 1
Set parameter LogToConsole to value 0
augmented lagrangean iteration 2
Set parameter LogToConsole to value 1
Set parameter LogToConsole to value 0
Set parameter LogToConsole to value 1
Set parameter LogToConsole to value 0
Set parameter LogToConsole to value 1
Set parameter LogToConsole to value 0
Set parameter LogToConsole to value 1
Set parameter LogToConsole to value 0
         3       211.31       213.91   -1128.0935   -1126.4218   0.1484%
Set parameter LogToConsole to value 1
Set parameter LogToConsole to value 0
Set parameter LogToConsole to value 1
Set parameter LogToConsole to value 0
Set parameter LogToConsole to value 1
Set parameter LogToConsole to value 0
augmented lagrangean iteration 0
Set parameter LogToConsole to value 1
Set parameter LogToConsole to value 0
Set parameter LogToConsole to value 1
Set parameter LogToConsole to value 0
Set parameter LogToConsole to value 1
Set parameter LogToConsole to value 0
augmented lagrangean iteration 1
Set parameter LogToConsole to value 1
Set parameter LogToConsole to value 0
Set parameter LogToConsole to value 1
Set parameter LogToConsole to value 0
Set parameter LogToConsole to value 1
Set parameter LogToConsole to value 0
augmented lagrangean iteration 2
Set parameter LogToConsole to value 1
Set parameter LogToConsole to value 0
Set parameter LogToConsole to value 1
Set parameter LogToConsole to value 0
Set parameter LogToConsole to value 1
Set parameter LogToConsole to value 0
Set parameter LogToConsole to value 1
Set parameter LogToConsole to value 0
Set parameter LogToConsole to value 1
Set parameter LogToConsole to value 0
Set parameter LogToConsole to value 1
Set parameter LogToConsole to value 0
Set parameter LogToConsole to value 1
Set parameter LogToConsole to value 0
augmented lagrangean iteration 0
Set parameter LogToConsole to value 1
Set parameter LogToConsole to value 0
Set parameter LogToConsole to value 1
Set parameter LogToConsole to value 0
Set parameter LogToConsole to value 1
Set parameter LogToConsole to value 0
augmented lagrangean iteration 1
Set parameter LogToConsole to value 1
Set parameter LogToConsole to value 0
Set parameter LogToConsole to value 1
Set parameter LogToConsole to value 0
Set parameter LogToConsole to value 1
Set parameter LogToConsole to value 0
augmented lagrangean iteration 2
Set parameter LogToConsole to value 1
Set parameter LogToConsole to value 0
Set parameter LogToConsole to value 1
Set parameter LogToConsole to value 0
Set parameter LogToConsole to value 1
Set parameter LogToConsole to value 0
Set parameter LogToConsole to value 1
Set parameter LogToConsole to value 0
         4       276.72       279.48   -1128.0935   -1126.4218   0.1484%
Set parameter LogToConsole to value 1
Set parameter LogToConsole to value 0
Set parameter LogToConsole to value 1
Set parameter LogToConsole to value 0
Set parameter LogToConsole to value 1
Set parameter LogToConsole to value 0
Set parameter LogToConsole to value 1
Set parameter LogToConsole to value 0
augmented lagrangean iteration 0
Set parameter LogToConsole to value 1
Set parameter LogToConsole to value 0
Set parameter LogToConsole to value 1
Set parameter LogToConsole to value 0
Set parameter LogToConsole to value 1
Set parameter LogToConsole to value 0
augmented lagrangean iteration 1
Set parameter LogToConsole to value 1
Set parameter LogToConsole to value 0
Set parameter LogToConsole to value 1
Set parameter LogToConsole to value 0
Set parameter LogToConsole to value 1
Set parameter LogToConsole to value 0
augmented lagrangean iteration 2
Set parameter LogToConsole to value 1
Set parameter LogToConsole to value 0
Set parameter LogToConsole to value 1
Set parameter LogToConsole to value 0
Set parameter LogToConsole to value 1
Set parameter LogToConsole to value 0
Set parameter LogToConsole to value 1
Set parameter LogToConsole to value 0
         5       309.80       313.54   -1128.0935   -1126.4218   0.1484%
Set parameter LogToConsole to value 1
Set parameter LogToConsole to value 0
Set parameter LogToConsole to value 1
Set parameter LogToConsole to value 0
Set parameter LogToConsole to value 1
Set parameter LogToConsole to value 0
augmented lagrangean iteration 0
Set parameter LogToConsole to value 1
Set parameter LogToConsole to value 0
Set parameter LogToConsole to value 1
Set parameter LogToConsole to value 0
Set parameter LogToConsole to value 1
Set parameter LogToConsole to value 0
augmented lagrangean iteration 1
Set parameter LogToConsole to value 1
Set parameter LogToConsole to value 0
Set parameter LogToConsole to value 1
Set parameter LogToConsole to value 0
Set parameter LogToConsole to value 1
Set parameter LogToConsole to value 0
augmented lagrangean iteration 2
Set parameter LogToConsole to value 1
Set parameter LogToConsole to value 0
Set parameter LogToConsole to value 1
Set parameter LogToConsole to value 0
Set parameter LogToConsole to value 1
Set parameter LogToConsole to value 0
Set parameter LogToConsole to value 1
Set parameter LogToConsole to value 0
Set parameter LogToConsole to value 1
Set parameter LogToConsole to value 0
Set parameter LogToConsole to value 1
Set parameter LogToConsole to value 0
Set parameter LogToConsole to value 1
Set parameter LogToConsole to value 0
augmented lagrangean iteration 0
Set parameter LogToConsole to value 1
Set parameter LogToConsole to value 0
Set parameter LogToConsole to value 1
Set parameter LogToConsole to value 0
Set parameter LogToConsole to value 1
Set parameter LogToConsole to value 0
augmented lagrangean iteration 1
Set parameter LogToConsole to value 1
Set parameter LogToConsole to value 0
Set parameter LogToConsole to value 1
Set parameter LogToConsole to value 0
Set parameter LogToConsole to value 1
Set parameter LogToConsole to value 0
augmented lagrangean iteration 2
Set parameter LogToConsole to value 1
Set parameter LogToConsole to value 0
Set parameter LogToConsole to value 1
Set parameter LogToConsole to value 0
Set parameter LogToConsole to value 1
Set parameter LogToConsole to value 0
Set parameter LogToConsole to value 1
Set parameter LogToConsole to value 0
         6       379.22       383.08   -1128.0935   -1126.4218   0.1484%
Set parameter LogToConsole to value 1
Set parameter LogToConsole to value 0
Set parameter LogToConsole to value 1
Set parameter LogToConsole to value 0
Set parameter LogToConsole to value 1
Set parameter LogToConsole to value 0
augmented lagrangean iteration 0
Set parameter LogToConsole to value 1
Set parameter LogToConsole to value 0
Set parameter LogToConsole to value 1
Set parameter LogToConsole to value 0
Set parameter LogToConsole to value 1
Set parameter LogToConsole to value 0
augmented lagrangean iteration 1
Set parameter LogToConsole to value 1
Set parameter LogToConsole to value 0
Set parameter LogToConsole to value 1
Set parameter LogToConsole to value 0
Set parameter LogToConsole to value 1
Set parameter LogToConsole to value 0
augmented lagrangean iteration 2
Set parameter LogToConsole to value 1
Set parameter LogToConsole to value 0
Set parameter LogToConsole to value 1
Set parameter LogToConsole to value 0
Set parameter LogToConsole to value 1
Set parameter LogToConsole to value 0
Set parameter LogToConsole to value 1
Set parameter LogToConsole to value 0
Set parameter LogToConsole to value 1
Set parameter LogToConsole to value 0
Set parameter LogToConsole to value 1
Set parameter LogToConsole to value 0
Set parameter LogToConsole to value 1
Set parameter LogToConsole to value 0
augmented lagrangean iteration 0
Set parameter LogToConsole to value 1
Set parameter LogToConsole to value 0
Set parameter LogToConsole to value 1
Set parameter LogToConsole to value 0
Set parameter LogToConsole to value 1
Set parameter LogToConsole to value 0
augmented lagrangean iteration 1
Set parameter LogToConsole to value 1
Set parameter LogToConsole to value 0
Set parameter LogToConsole to value 1
Set parameter LogToConsole to value 0
Set parameter LogToConsole to value 1
Set parameter LogToConsole to value 0
augmented lagrangean iteration 2
Set parameter LogToConsole to value 1
Set parameter LogToConsole to value 0
Set parameter LogToConsole to value 1
Set parameter LogToConsole to value 0
Set parameter LogToConsole to value 1
Set parameter LogToConsole to value 0
Set parameter LogToConsole to value 1
Set parameter LogToConsole to value 0
         7       453.36       457.34   -1128.0935   -1126.4218   0.1484%
Set parameter LogToConsole to value 1
Set parameter LogToConsole to value 0
Set parameter LogToConsole to value 1
Set parameter LogToConsole to value 0
Set parameter LogToConsole to value 1
Set parameter LogToConsole to value 0
augmented lagrangean iteration 0
Set parameter LogToConsole to value 1
Set parameter LogToConsole to value 0
Set parameter LogToConsole to value 1
Set parameter LogToConsole to value 0
Set parameter LogToConsole to value 1
Set parameter LogToConsole to value 0
augmented lagrangean iteration 1
Set parameter LogToConsole to value 1
Set parameter LogToConsole to value 0
Set parameter LogToConsole to value 1
Set parameter LogToConsole to value 0
Set parameter LogToConsole to value 1
Set parameter LogToConsole to value 0
augmented lagrangean iteration 2
Set parameter LogToConsole to value 1
Set parameter LogToConsole to value 0
Set parameter LogToConsole to value 1
Set parameter LogToConsole to value 0
Set parameter LogToConsole to value 1
Set parameter LogToConsole to value 0
Set parameter LogToConsole to value 1
Set parameter LogToConsole to value 0
Set parameter LogToConsole to value 1
Set parameter LogToConsole to value 0
Set parameter LogToConsole to value 1
Set parameter LogToConsole to value 0
Set parameter LogToConsole to value 1
Set parameter LogToConsole to value 0
augmented lagrangean iteration 0
Set parameter LogToConsole to value 1
Set parameter LogToConsole to value 0
Set parameter LogToConsole to value 1
Set parameter LogToConsole to value 0
Set parameter LogToConsole to value 1
Set parameter LogToConsole to value 0
augmented lagrangean iteration 1
Set parameter LogToConsole to value 1
Set parameter LogToConsole to value 0
Set parameter LogToConsole to value 1
Set parameter LogToConsole to value 0
Set parameter LogToConsole to value 1
Set parameter LogToConsole to value 0
augmented lagrangean iteration 2
Set parameter LogToConsole to value 1
Set parameter LogToConsole to value 0
Set parameter LogToConsole to value 1
Set parameter LogToConsole to value 0
Set parameter LogToConsole to value 1
Set parameter LogToConsole to value 0
Set parameter LogToConsole to value 1
Set parameter LogToConsole to value 0
         8       510.16       514.27   -1128.0935   -1126.4218   0.1484%
Set parameter LogToConsole to value 1
Set parameter LogToConsole to value 0
Set parameter LogToConsole to value 1
Set parameter LogToConsole to value 0
Set parameter LogToConsole to value 1
Set parameter LogToConsole to value 0
augmented lagrangean iteration 0
Set parameter LogToConsole to value 1
Set parameter LogToConsole to value 0
Set parameter LogToConsole to value 1
Set parameter LogToConsole to value 0
Set parameter LogToConsole to value 1
Set parameter LogToConsole to value 0
augmented lagrangean iteration 1
Set parameter LogToConsole to value 1
Set parameter LogToConsole to value 0
Set parameter LogToConsole to value 1
Set parameter LogToConsole to value 0
Set parameter LogToConsole to value 1
Set parameter LogToConsole to value 0
augmented lagrangean iteration 2
Set parameter LogToConsole to value 1
Set parameter LogToConsole to value 0
Set parameter LogToConsole to value 1
Set parameter LogToConsole to value 0
Set parameter LogToConsole to value 1
Set parameter LogToConsole to value 0
Set parameter LogToConsole to value 1
Set parameter LogToConsole to value 0
Set parameter LogToConsole to value 1
Set parameter LogToConsole to value 0
Set parameter LogToConsole to value 1
Set parameter LogToConsole to value 0
Set parameter LogToConsole to value 1
Set parameter LogToConsole to value 0
augmented lagrangean iteration 0
Set parameter LogToConsole to value 1
Set parameter LogToConsole to value 0
Set parameter LogToConsole to value 1
Set parameter LogToConsole to value 0
Set parameter LogToConsole to value 1
Set parameter LogToConsole to value 0
augmented lagrangean iteration 1
Set parameter LogToConsole to value 1
Set parameter LogToConsole to value 0
Set parameter LogToConsole to value 1
Set parameter LogToConsole to value 0
Set parameter LogToConsole to value 1
Set parameter LogToConsole to value 0
augmented lagrangean iteration 2
Set parameter LogToConsole to value 1
Set parameter LogToConsole to value 0
Set parameter LogToConsole to value 1
Set parameter LogToConsole to value 0
Set parameter LogToConsole to value 1
Set parameter LogToConsole to value 0
Set parameter LogToConsole to value 1
Set parameter LogToConsole to value 0
         9       578.20       582.43   -1128.0935   -1126.4218   0.1484%
Set parameter LogToConsole to value 1
Set parameter LogToConsole to value 0
Set parameter LogToConsole to value 1
Set parameter LogToConsole to value 0
Set parameter LogToConsole to value 1
Set parameter LogToConsole to value 0
augmented lagrangean iteration 0
Set parameter LogToConsole to value 1
Set parameter LogToConsole to value 0
Set parameter LogToConsole to value 1
Set parameter LogToConsole to value 0
Set parameter LogToConsole to value 1
Set parameter LogToConsole to value 0
augmented lagrangean iteration 1
Set parameter LogToConsole to value 1
Set parameter LogToConsole to value 0
Set parameter LogToConsole to value 1
Set parameter LogToConsole to value 0
Set parameter LogToConsole to value 1
Set parameter LogToConsole to value 0
augmented lagrangean iteration 2
Set parameter LogToConsole to value 1
Set parameter LogToConsole to value 0
Set parameter LogToConsole to value 1
Set parameter LogToConsole to value 0
Set parameter LogToConsole to value 1
Set parameter LogToConsole to value 0
Set parameter LogToConsole to value 1
Set parameter LogToConsole to value 0
Set parameter LogToConsole to value 1
Set parameter LogToConsole to value 0
Set parameter LogToConsole to value 1
Set parameter LogToConsole to value 0
Set parameter LogToConsole to value 1
Set parameter LogToConsole to value 0
augmented lagrangean iteration 0
Set parameter LogToConsole to value 1
Set parameter LogToConsole to value 0
Set parameter LogToConsole to value 1
Set parameter LogToConsole to value 0
Set parameter LogToConsole to value 1
Set parameter LogToConsole to value 0
augmented lagrangean iteration 1
Set parameter LogToConsole to value 1
Set parameter LogToConsole to value 0
Set parameter LogToConsole to value 1
Set parameter LogToConsole to value 0
Set parameter LogToConsole to value 1
Set parameter LogToConsole to value 0
augmented lagrangean iteration 2
Set parameter LogToConsole to value 1
Set parameter LogToConsole to value 0
Set parameter LogToConsole to value 1
Set parameter LogToConsole to value 0
Set parameter LogToConsole to value 1
Set parameter LogToConsole to value 0
Set parameter LogToConsole to value 1
Set parameter LogToConsole to value 0
        10       647.30       651.65   -1128.0935   -1126.4218   0.1484%
Set parameter LogToConsole to value 1
Set parameter LogToConsole to value 0
Set parameter LogToConsole to value 1
Set parameter LogToConsole to value 0
Set parameter LogToConsole to value 1
Set parameter LogToConsole to value 0
augmented lagrangean iteration 0
Set parameter LogToConsole to value 1
Set parameter LogToConsole to value 0
Set parameter LogToConsole to value 1
Set parameter LogToConsole to value 0
Set parameter LogToConsole to value 1
Set parameter LogToConsole to value 0
augmented lagrangean iteration 1
Set parameter LogToConsole to value 1
Set parameter LogToConsole to value 0
Set parameter LogToConsole to value 1
Set parameter LogToConsole to value 0
Set parameter LogToConsole to value 1
Set parameter LogToConsole to value 0
augmented lagrangean iteration 2
Set parameter LogToConsole to value 1
Set parameter LogToConsole to value 0
Set parameter LogToConsole to value 1
Set parameter LogToConsole to value 0
Set parameter LogToConsole to value 1
Set parameter LogToConsole to value 0
Set parameter LogToConsole to value 1
Set parameter LogToConsole to value 0
Set parameter LogToConsole to value 1
Set parameter LogToConsole to value 0
Set parameter LogToConsole to value 1
Set parameter LogToConsole to value 0
Set parameter LogToConsole to value 1
Set parameter LogToConsole to value 0
augmented lagrangean iteration 0
Set parameter LogToConsole to value 1
Set parameter LogToConsole to value 0
Set parameter LogToConsole to value 1
Set parameter LogToConsole to value 0
Set parameter LogToConsole to value 1
Set parameter LogToConsole to value 0
augmented lagrangean iteration 1
Set parameter LogToConsole to value 1
Set parameter LogToConsole to value 0
Set parameter LogToConsole to value 1
Set parameter LogToConsole to value 0
Set parameter LogToConsole to value 1
Set parameter LogToConsole to value 0
augmented lagrangean iteration 2
Set parameter LogToConsole to value 1
Set parameter LogToConsole to value 0
Set parameter LogToConsole to value 1
Set parameter LogToConsole to value 0
Set parameter LogToConsole to value 1
Set parameter LogToConsole to value 0
Set parameter LogToConsole to value 1
Set parameter LogToConsole to value 0
        11       712.34       716.82   -1128.0935   -1126.4218   0.1484%
Set parameter LogToConsole to value 1
Set parameter LogToConsole to value 0
Set parameter LogToConsole to value 1
Set parameter LogToConsole to value 0
Set parameter LogToConsole to value 1
Set parameter LogToConsole to value 0
Set parameter LogToConsole to value 1
Set parameter LogToConsole to value 0
augmented lagrangean iteration 0
Set parameter LogToConsole to value 1
Set parameter LogToConsole to value 0
Set parameter LogToConsole to value 1
Set parameter LogToConsole to value 0
Set parameter LogToConsole to value 1
Set parameter LogToConsole to value 0
augmented lagrangean iteration 1
Set parameter LogToConsole to value 1
Set parameter LogToConsole to value 0
Set parameter LogToConsole to value 1
Set parameter LogToConsole to value 0
Set parameter LogToConsole to value 1
Set parameter LogToConsole to value 0
augmented lagrangean iteration 2
Set parameter LogToConsole to value 1
Set parameter LogToConsole to value 0
Set parameter LogToConsole to value 1
Set parameter LogToConsole to value 0
Set parameter LogToConsole to value 1
Set parameter LogToConsole to value 0
Set parameter LogToConsole to value 1
Set parameter LogToConsole to value 0
        12       746.17       751.62   -1128.0935   -1126.4218   0.1484%
Set parameter LogToConsole to value 1
Set parameter LogToConsole to value 0
Set parameter LogToConsole to value 1
Set parameter LogToConsole to value 0
Set parameter LogToConsole to value 1
Set parameter LogToConsole to value 0
augmented lagrangean iteration 0
Set parameter LogToConsole to value 1
Set parameter LogToConsole to value 0
Set parameter LogToConsole to value 1
Set parameter LogToConsole to value 0
Set parameter LogToConsole to value 1
Set parameter LogToConsole to value 0
augmented lagrangean iteration 1
Set parameter LogToConsole to value 1
Set parameter LogToConsole to value 0
Set parameter LogToConsole to value 1
Set parameter LogToConsole to value 0
Set parameter LogToConsole to value 1
Set parameter LogToConsole to value 0
augmented lagrangean iteration 2
Set parameter LogToConsole to value 1
Set parameter LogToConsole to value 0
Set parameter LogToConsole to value 1
Set parameter LogToConsole to value 0
Set parameter LogToConsole to value 1
Set parameter LogToConsole to value 0
Set parameter LogToConsole to value 1
Set parameter LogToConsole to value 0
Set parameter LogToConsole to value 1
Set parameter LogToConsole to value 0
Set parameter LogToConsole to value 1
Set parameter LogToConsole to value 0
Set parameter LogToConsole to value 1
Set parameter LogToConsole to value 0
augmented lagrangean iteration 0
Set parameter LogToConsole to value 1
Set parameter LogToConsole to value 0
Set parameter LogToConsole to value 1
Set parameter LogToConsole to value 0
Set parameter LogToConsole to value 1
Set parameter LogToConsole to value 0
augmented lagrangean iteration 1
Set parameter LogToConsole to value 1
Set parameter LogToConsole to value 0
Set parameter LogToConsole to value 1
Set parameter LogToConsole to value 0
Set parameter LogToConsole to value 1
Set parameter LogToConsole to value 0
augmented lagrangean iteration 2
Set parameter LogToConsole to value 1
Set parameter LogToConsole to value 0
Set parameter LogToConsole to value 1
Set parameter LogToConsole to value 0
Set parameter LogToConsole to value 1
Set parameter LogToConsole to value 0
Set parameter LogToConsole to value 1
Set parameter LogToConsole to value 0
        13       815.13       820.70   -1128.0935   -1126.4218   0.1484%
Set parameter LogToConsole to value 1
Set parameter LogToConsole to value 0
Set parameter LogToConsole to value 1
Set parameter LogToConsole to value 0
Set parameter LogToConsole to value 1
Set parameter LogToConsole to value 0
augmented lagrangean iteration 0
Set parameter LogToConsole to value 1
Set parameter LogToConsole to value 0
Set parameter LogToConsole to value 1
Set parameter LogToConsole to value 0
Set parameter LogToConsole to value 1
Set parameter LogToConsole to value 0
augmented lagrangean iteration 1
Set parameter LogToConsole to value 1
Set parameter LogToConsole to value 0
Set parameter LogToConsole to value 1
Set parameter LogToConsole to value 0
Set parameter LogToConsole to value 1
Set parameter LogToConsole to value 0
augmented lagrangean iteration 2
Set parameter LogToConsole to value 1
Set parameter LogToConsole to value 0
Set parameter LogToConsole to value 1
Set parameter LogToConsole to value 0
Set parameter LogToConsole to value 1
Set parameter LogToConsole to value 0
Set parameter LogToConsole to value 1
Set parameter LogToConsole to value 0
Set parameter LogToConsole to value 1
Set parameter LogToConsole to value 0
Set parameter LogToConsole to value 1
Set parameter LogToConsole to value 0
Set parameter LogToConsole to value 1
Set parameter LogToConsole to value 0
augmented lagrangean iteration 0
Set parameter LogToConsole to value 1
Set parameter LogToConsole to value 0
Set parameter LogToConsole to value 1
Set parameter LogToConsole to value 0
Set parameter LogToConsole to value 1
Set parameter LogToConsole to value 0
augmented lagrangean iteration 1
Set parameter LogToConsole to value 1
Set parameter LogToConsole to value 0
Set parameter LogToConsole to value 1
Set parameter LogToConsole to value 0
Set parameter LogToConsole to value 1
Set parameter LogToConsole to value 0
augmented lagrangean iteration 2
Set parameter LogToConsole to value 1
Set parameter LogToConsole to value 0
Set parameter LogToConsole to value 1
Set parameter LogToConsole to value 0
Set parameter LogToConsole to value 1
Set parameter LogToConsole to value 0
Set parameter LogToConsole to value 1
Set parameter LogToConsole to value 0
        14       884.18       889.88   -1128.0935   -1126.4218   0.1484%
Set parameter LogToConsole to value 1
Set parameter LogToConsole to value 0
Set parameter LogToConsole to value 1
Set parameter LogToConsole to value 0
Set parameter LogToConsole to value 1
Set parameter LogToConsole to value 0
augmented lagrangean iteration 0
Set parameter LogToConsole to value 1
Set parameter LogToConsole to value 0
Set parameter LogToConsole to value 1
Set parameter LogToConsole to value 0
Set parameter LogToConsole to value 1
Set parameter LogToConsole to value 0
augmented lagrangean iteration 1
Set parameter LogToConsole to value 1
Set parameter LogToConsole to value 0
Set parameter LogToConsole to value 1
Set parameter LogToConsole to value 0
Set parameter LogToConsole to value 1
Set parameter LogToConsole to value 0
augmented lagrangean iteration 2
Set parameter LogToConsole to value 1
Set parameter LogToConsole to value 0
Set parameter LogToConsole to value 1
Set parameter LogToConsole to value 0
Set parameter LogToConsole to value 1
Set parameter LogToConsole to value 0
Set parameter LogToConsole to value 1
Set parameter LogToConsole to value 0
Set parameter LogToConsole to value 1
Set parameter LogToConsole to value 0
Set parameter LogToConsole to value 1
Set parameter LogToConsole to value 0
Set parameter LogToConsole to value 1
Set parameter LogToConsole to value 0
augmented lagrangean iteration 0
Set parameter LogToConsole to value 1
Set parameter LogToConsole to value 0
Set parameter LogToConsole to value 1
Set parameter LogToConsole to value 0
Set parameter LogToConsole to value 1
Set parameter LogToConsole to value 0
augmented lagrangean iteration 1
Set parameter LogToConsole to value 1
Set parameter LogToConsole to value 0
Set parameter LogToConsole to value 1
Set parameter LogToConsole to value 0
Set parameter LogToConsole to value 1
Set parameter LogToConsole to value 0
augmented lagrangean iteration 2
Set parameter LogToConsole to value 1
Set parameter LogToConsole to value 0
Set parameter LogToConsole to value 1
Set parameter LogToConsole to value 0
Set parameter LogToConsole to value 1
Set parameter LogToConsole to value 0
Set parameter LogToConsole to value 1
Set parameter LogToConsole to value 0
        15       950.31       956.14   -1128.0935   -1126.4218   0.1484%
Set parameter LogToConsole to value 1
Set parameter LogToConsole to value 0
Set parameter LogToConsole to value 1
Set parameter LogToConsole to value 0
Set parameter LogToConsole to value 1
Set parameter LogToConsole to value 0
augmented lagrangean iteration 0
Set parameter LogToConsole to value 1
Set parameter LogToConsole to value 0
Set parameter LogToConsole to value 1
Set parameter LogToConsole to value 0
Set parameter LogToConsole to value 1
Set parameter LogToConsole to value 0
augmented lagrangean iteration 1
Set parameter LogToConsole to value 1
Set parameter LogToConsole to value 0
Set parameter LogToConsole to value 1
Set parameter LogToConsole to value 0
Set parameter LogToConsole to value 1
Set parameter LogToConsole to value 0
augmented lagrangean iteration 2
Set parameter LogToConsole to value 1
Set parameter LogToConsole to value 0
Set parameter LogToConsole to value 1
Set parameter LogToConsole to value 0
Set parameter LogToConsole to value 1
Set parameter LogToConsole to value 0
Set parameter LogToConsole to value 1
Set parameter LogToConsole to value 0
Set parameter LogToConsole to value 1
Set parameter LogToConsole to value 0
Set parameter LogToConsole to value 1
Set parameter LogToConsole to value 0
Set parameter LogToConsole to value 1
Set parameter LogToConsole to value 0
augmented lagrangean iteration 0
Set parameter LogToConsole to value 1
Set parameter LogToConsole to value 0
Set parameter LogToConsole to value 1
Set parameter LogToConsole to value 0
Set parameter LogToConsole to value 1
Set parameter LogToConsole to value 0
augmented lagrangean iteration 1
Set parameter LogToConsole to value 1
Set parameter LogToConsole to value 0
Set parameter LogToConsole to value 1
Set parameter LogToConsole to value 0
Set parameter LogToConsole to value 1
Set parameter LogToConsole to value 0
augmented lagrangean iteration 2
Set parameter LogToConsole to value 1
Set parameter LogToConsole to value 0
Set parameter LogToConsole to value 1
Set parameter LogToConsole to value 0
Set parameter LogToConsole to value 1
Set parameter LogToConsole to value 0
Set parameter LogToConsole to value 1
Set parameter LogToConsole to value 0
        16      1007.15      1013.11   -1128.0030   -1126.4218   0.1404%
Set parameter LogToConsole to value 1
Set parameter LogToConsole to value 0
Set parameter LogToConsole to value 1
Set parameter LogToConsole to value 0
Set parameter LogToConsole to value 1
Set parameter LogToConsole to value 0
augmented lagrangean iteration 0
Set parameter LogToConsole to value 1
Set parameter LogToConsole to value 0
Set parameter LogToConsole to value 1
Set parameter LogToConsole to value 0
Set parameter LogToConsole to value 1
Set parameter LogToConsole to value 0
augmented lagrangean iteration 1
Set parameter LogToConsole to value 1
Set parameter LogToConsole to value 0
Set parameter LogToConsole to value 1
Set parameter LogToConsole to value 0
Set parameter LogToConsole to value 1
Set parameter LogToConsole to value 0
augmented lagrangean iteration 2
Set parameter LogToConsole to value 1
Set parameter LogToConsole to value 0
Set parameter LogToConsole to value 1
Set parameter LogToConsole to value 0
Set parameter LogToConsole to value 1
Set parameter LogToConsole to value 0
Set parameter LogToConsole to value 1
Set parameter LogToConsole to value 0
Set parameter LogToConsole to value 1
Set parameter LogToConsole to value 0
Set parameter LogToConsole to value 1
Set parameter LogToConsole to value 0
Set parameter LogToConsole to value 1
Set parameter LogToConsole to value 0
augmented lagrangean iteration 0
Set parameter LogToConsole to value 1
Set parameter LogToConsole to value 0
Set parameter LogToConsole to value 1
Set parameter LogToConsole to value 0
Set parameter LogToConsole to value 1
Set parameter LogToConsole to value 0
augmented lagrangean iteration 1
Set parameter LogToConsole to value 1
Set parameter LogToConsole to value 0
Set parameter LogToConsole to value 1
Set parameter LogToConsole to value 0
Set parameter LogToConsole to value 1
Set parameter LogToConsole to value 0
augmented lagrangean iteration 2
Set parameter LogToConsole to value 1
Set parameter LogToConsole to value 0
Set parameter LogToConsole to value 1
Set parameter LogToConsole to value 0
Set parameter LogToConsole to value 1
Set parameter LogToConsole to value 0
Set parameter LogToConsole to value 1
Set parameter LogToConsole to value 0
        17      1070.63      1076.71   -1128.0026   -1126.4218   0.1403%
Set parameter LogToConsole to value 1
Set parameter LogToConsole to value 0
Set parameter LogToConsole to value 1
Set parameter LogToConsole to value 0
Set parameter LogToConsole to value 1
Set parameter LogToConsole to value 0
augmented lagrangean iteration 0
Set parameter LogToConsole to value 1
Set parameter LogToConsole to value 0
Set parameter LogToConsole to value 1
Set parameter LogToConsole to value 0
Set parameter LogToConsole to value 1
Set parameter LogToConsole to value 0
augmented lagrangean iteration 1
Set parameter LogToConsole to value 1
Set parameter LogToConsole to value 0
Set parameter LogToConsole to value 1
Set parameter LogToConsole to value 0
Set parameter LogToConsole to value 1
Set parameter LogToConsole to value 0
augmented lagrangean iteration 2
Set parameter LogToConsole to value 1
Set parameter LogToConsole to value 0
Set parameter LogToConsole to value 1
Set parameter LogToConsole to value 0
Set parameter LogToConsole to value 1
Set parameter LogToConsole to value 0
Set parameter LogToConsole to value 1
Set parameter LogToConsole to value 0
Set parameter LogToConsole to value 1
Set parameter LogToConsole to value 0
Set parameter LogToConsole to value 1
Set parameter LogToConsole to value 0
Set parameter LogToConsole to value 1
Set parameter LogToConsole to value 0
augmented lagrangean iteration 0
Set parameter LogToConsole to value 1
Set parameter LogToConsole to value 0
Set parameter LogToConsole to value 1
Set parameter LogToConsole to value 0
Set parameter LogToConsole to value 1
Set parameter LogToConsole to value 0
augmented lagrangean iteration 1
Set parameter LogToConsole to value 1
Set parameter LogToConsole to value 0
Set parameter LogToConsole to value 1
Set parameter LogToConsole to value 0
Set parameter LogToConsole to value 1
Set parameter LogToConsole to value 0
augmented lagrangean iteration 2
Set parameter LogToConsole to value 1
Set parameter LogToConsole to value 0
Set parameter LogToConsole to value 1
Set parameter LogToConsole to value 0
Set parameter LogToConsole to value 1
Set parameter LogToConsole to value 0
Set parameter LogToConsole to value 1
Set parameter LogToConsole to value 0
        18      1132.67      1138.88   -1128.0003   -1126.4218   0.1401%
Set parameter LogToConsole to value 1
Set parameter LogToConsole to value 0
Set parameter LogToConsole to value 1
Set parameter LogToConsole to value 0
Set parameter LogToConsole to value 1
Set parameter LogToConsole to value 0
augmented lagrangean iteration 0
Set parameter LogToConsole to value 1
Set parameter LogToConsole to value 0
Set parameter LogToConsole to value 1
Set parameter LogToConsole to value 0
Set parameter LogToConsole to value 1
Set parameter LogToConsole to value 0
augmented lagrangean iteration 1
Set parameter LogToConsole to value 1
Set parameter LogToConsole to value 0
Set parameter LogToConsole to value 1
Set parameter LogToConsole to value 0
Set parameter LogToConsole to value 1
Set parameter LogToConsole to value 0
augmented lagrangean iteration 2
Set parameter LogToConsole to value 1
Set parameter LogToConsole to value 0
Set parameter LogToConsole to value 1
Set parameter LogToConsole to value 0
Set parameter LogToConsole to value 1
Set parameter LogToConsole to value 0
Set parameter LogToConsole to value 1
Set parameter LogToConsole to value 0
Set parameter LogToConsole to value 1
Set parameter LogToConsole to value 0
Set parameter LogToConsole to value 1
Set parameter LogToConsole to value 0
Set parameter LogToConsole to value 1
Set parameter LogToConsole to value 0
augmented lagrangean iteration 0
Set parameter LogToConsole to value 1
Set parameter LogToConsole to value 0
Set parameter LogToConsole to value 1
Set parameter LogToConsole to value 0
Set parameter LogToConsole to value 1
Set parameter LogToConsole to value 0
augmented lagrangean iteration 1
Set parameter LogToConsole to value 1
Set parameter LogToConsole to value 0
Set parameter LogToConsole to value 1
Set parameter LogToConsole to value 0
Set parameter LogToConsole to value 1
Set parameter LogToConsole to value 0
augmented lagrangean iteration 2
Set parameter LogToConsole to value 1
Set parameter LogToConsole to value 0
Set parameter LogToConsole to value 1
Set parameter LogToConsole to value 0
Set parameter LogToConsole to value 1
Set parameter LogToConsole to value 0
Set parameter LogToConsole to value 1
Set parameter LogToConsole to value 0
        19      1191.83      1198.16   -1127.9933   -1126.4218   0.1395%
Set parameter LogToConsole to value 1
Set parameter LogToConsole to value 0
Set parameter LogToConsole to value 1
Set parameter LogToConsole to value 0
Set parameter LogToConsole to value 1
Set parameter LogToConsole to value 0
augmented lagrangean iteration 0
Set parameter LogToConsole to value 1
Set parameter LogToConsole to value 0
Set parameter LogToConsole to value 1
Set parameter LogToConsole to value 0
Set parameter LogToConsole to value 1
Set parameter LogToConsole to value 0
augmented lagrangean iteration 1
Set parameter LogToConsole to value 1
Set parameter LogToConsole to value 0
Set parameter LogToConsole to value 1
Set parameter LogToConsole to value 0
Set parameter LogToConsole to value 1
Set parameter LogToConsole to value 0
augmented lagrangean iteration 2
Set parameter LogToConsole to value 1
Set parameter LogToConsole to value 0
Set parameter LogToConsole to value 1
Set parameter LogToConsole to value 0
Set parameter LogToConsole to value 1
Set parameter LogToConsole to value 0
Set parameter LogToConsole to value 1
Set parameter LogToConsole to value 0
Set parameter LogToConsole to value 1
Set parameter LogToConsole to value 0
Set parameter LogToConsole to value 1
Set parameter LogToConsole to value 0
Set parameter LogToConsole to value 1
Set parameter LogToConsole to value 0
augmented lagrangean iteration 0
Set parameter LogToConsole to value 1
Set parameter LogToConsole to value 0
Set parameter LogToConsole to value 1
Set parameter LogToConsole to value 0
Set parameter LogToConsole to value 1
Set parameter LogToConsole to value 0
augmented lagrangean iteration 1
Set parameter LogToConsole to value 1
Set parameter LogToConsole to value 0
Set parameter LogToConsole to value 1
Set parameter LogToConsole to value 0
Set parameter LogToConsole to value 1
Set parameter LogToConsole to value 0
augmented lagrangean iteration 2
Set parameter LogToConsole to value 1
Set parameter LogToConsole to value 0
Set parameter LogToConsole to value 1
Set parameter LogToConsole to value 0
Set parameter LogToConsole to value 1
Set parameter LogToConsole to value 0
Set parameter LogToConsole to value 1
Set parameter LogToConsole to value 0
        20      1251.62      1258.08   -1127.9929   -1126.4218   0.1395%
Set parameter LogToConsole to value 1
Set parameter LogToConsole to value 0
Set parameter LogToConsole to value 1
Set parameter LogToConsole to value 0
Set parameter LogToConsole to value 1
Set parameter LogToConsole to value 0
augmented lagrangean iteration 0
Set parameter LogToConsole to value 1
Set parameter LogToConsole to value 0
Set parameter LogToConsole to value 1
Set parameter LogToConsole to value 0
Set parameter LogToConsole to value 1
Set parameter LogToConsole to value 0
augmented lagrangean iteration 1
Set parameter LogToConsole to value 1
Set parameter LogToConsole to value 0
Set parameter LogToConsole to value 1
Set parameter LogToConsole to value 0
Set parameter LogToConsole to value 1
Set parameter LogToConsole to value 0
augmented lagrangean iteration 2
Set parameter LogToConsole to value 1
Set parameter LogToConsole to value 0
Set parameter LogToConsole to value 1
Set parameter LogToConsole to value 0
Set parameter LogToConsole to value 1
Set parameter LogToConsole to value 0
Set parameter LogToConsole to value 1
Set parameter LogToConsole to value 0
Set parameter LogToConsole to value 1
Set parameter LogToConsole to value 0
Set parameter LogToConsole to value 1
Set parameter LogToConsole to value 0
Set parameter LogToConsole to value 1
Set parameter LogToConsole to value 0
augmented lagrangean iteration 0
Set parameter LogToConsole to value 1
Set parameter LogToConsole to value 0
Set parameter LogToConsole to value 1
Set parameter LogToConsole to value 0
Set parameter LogToConsole to value 1
Set parameter LogToConsole to value 0
augmented lagrangean iteration 1
Set parameter LogToConsole to value 1
Set parameter LogToConsole to value 0
Set parameter LogToConsole to value 1
Set parameter LogToConsole to value 0
Set parameter LogToConsole to value 1
Set parameter LogToConsole to value 0
augmented lagrangean iteration 2
Set parameter LogToConsole to value 1
Set parameter LogToConsole to value 0
Set parameter LogToConsole to value 1
Set parameter LogToConsole to value 0
Set parameter LogToConsole to value 1
Set parameter LogToConsole to value 0
Set parameter LogToConsole to value 1
Set parameter LogToConsole to value 0
        21      1311.17      1317.76   -1127.9905   -1126.4218   0.1393%
Set parameter LogToConsole to value 1
Set parameter LogToConsole to value 0
Set parameter LogToConsole to value 1
Set parameter LogToConsole to value 0
Set parameter LogToConsole to value 1
Set parameter LogToConsole to value 0
augmented lagrangean iteration 0
Set parameter LogToConsole to value 1
Set parameter LogToConsole to value 0
Set parameter LogToConsole to value 1
Set parameter LogToConsole to value 0
Set parameter LogToConsole to value 1
Set parameter LogToConsole to value 0
augmented lagrangean iteration 1
Set parameter LogToConsole to value 1
Set parameter LogToConsole to value 0
Set parameter LogToConsole to value 1
Set parameter LogToConsole to value 0
Set parameter LogToConsole to value 1
Set parameter LogToConsole to value 0
augmented lagrangean iteration 2
Set parameter LogToConsole to value 1
Set parameter LogToConsole to value 0
Set parameter LogToConsole to value 1
Set parameter LogToConsole to value 0
Set parameter LogToConsole to value 1
Set parameter LogToConsole to value 0
Set parameter LogToConsole to value 1
Set parameter LogToConsole to value 0
Set parameter LogToConsole to value 1
Set parameter LogToConsole to value 0
Set parameter LogToConsole to value 1
Set parameter LogToConsole to value 0
Set parameter LogToConsole to value 1
Set parameter LogToConsole to value 0
augmented lagrangean iteration 0
Set parameter LogToConsole to value 1
Set parameter LogToConsole to value 0
Set parameter LogToConsole to value 1
Set parameter LogToConsole to value 0
Set parameter LogToConsole to value 1
Set parameter LogToConsole to value 0
augmented lagrangean iteration 1
Set parameter LogToConsole to value 1
Set parameter LogToConsole to value 0
Set parameter LogToConsole to value 1
Set parameter LogToConsole to value 0
Set parameter LogToConsole to value 1
Set parameter LogToConsole to value 0
augmented lagrangean iteration 2
Set parameter LogToConsole to value 1
Set parameter LogToConsole to value 0
Set parameter LogToConsole to value 1
Set parameter LogToConsole to value 0
Set parameter LogToConsole to value 1
Set parameter LogToConsole to value 0
Set parameter LogToConsole to value 1
Set parameter LogToConsole to value 0
        22      1373.05      1379.76   -1127.9056   -1126.4218   0.1317%
Set parameter LogToConsole to value 1
Set parameter LogToConsole to value 0
Set parameter LogToConsole to value 1
Set parameter LogToConsole to value 0
Set parameter LogToConsole to value 1
Set parameter LogToConsole to value 0
augmented lagrangean iteration 0
Set parameter LogToConsole to value 1
Set parameter LogToConsole to value 0
Set parameter LogToConsole to value 1
Set parameter LogToConsole to value 0
Set parameter LogToConsole to value 1
Set parameter LogToConsole to value 0
augmented lagrangean iteration 1
Set parameter LogToConsole to value 1
Set parameter LogToConsole to value 0
Set parameter LogToConsole to value 1
Set parameter LogToConsole to value 0
Set parameter LogToConsole to value 1
Set parameter LogToConsole to value 0
augmented lagrangean iteration 2
Set parameter LogToConsole to value 1
Set parameter LogToConsole to value 0
Set parameter LogToConsole to value 1
Set parameter LogToConsole to value 0
Set parameter LogToConsole to value 1
Set parameter LogToConsole to value 0
Set parameter LogToConsole to value 1
Set parameter LogToConsole to value 0
Set parameter LogToConsole to value 1
Set parameter LogToConsole to value 0
Set parameter LogToConsole to value 1
Set parameter LogToConsole to value 0
Set parameter LogToConsole to value 1
Set parameter LogToConsole to value 0
augmented lagrangean iteration 0
Set parameter LogToConsole to value 1
Set parameter LogToConsole to value 0
Set parameter LogToConsole to value 1
Set parameter LogToConsole to value 0
Set parameter LogToConsole to value 1
Set parameter LogToConsole to value 0
augmented lagrangean iteration 1
Set parameter LogToConsole to value 1
Set parameter LogToConsole to value 0
Set parameter LogToConsole to value 1
Set parameter LogToConsole to value 0
Set parameter LogToConsole to value 1
Set parameter LogToConsole to value 0
augmented lagrangean iteration 2
Set parameter LogToConsole to value 1
Set parameter LogToConsole to value 0
Set parameter LogToConsole to value 1
Set parameter LogToConsole to value 0
Set parameter LogToConsole to value 1
Set parameter LogToConsole to value 0
Set parameter LogToConsole to value 1
Set parameter LogToConsole to value 0
        23      1432.25      1439.09   -1127.9023   -1126.4218   0.1314%
Set parameter LogToConsole to value 1
Set parameter LogToConsole to value 0
Set parameter LogToConsole to value 1
Set parameter LogToConsole to value 0
Set parameter LogToConsole to value 1
Set parameter LogToConsole to value 0
augmented lagrangean iteration 0
Set parameter LogToConsole to value 1
Set parameter LogToConsole to value 0
Set parameter LogToConsole to value 1
Set parameter LogToConsole to value 0
Set parameter LogToConsole to value 1
Set parameter LogToConsole to value 0
augmented lagrangean iteration 1
Set parameter LogToConsole to value 1
Set parameter LogToConsole to value 0
Set parameter LogToConsole to value 1
Set parameter LogToConsole to value 0
Set parameter LogToConsole to value 1
Set parameter LogToConsole to value 0
augmented lagrangean iteration 2
Set parameter LogToConsole to value 1
Set parameter LogToConsole to value 0
Set parameter LogToConsole to value 1
Set parameter LogToConsole to value 0
Set parameter LogToConsole to value 1
Set parameter LogToConsole to value 0
Set parameter LogToConsole to value 1
Set parameter LogToConsole to value 0
Set parameter LogToConsole to value 1
Set parameter LogToConsole to value 0
Set parameter LogToConsole to value 1
Set parameter LogToConsole to value 0
Set parameter LogToConsole to value 1
Set parameter LogToConsole to value 0
augmented lagrangean iteration 0
Set parameter LogToConsole to value 1
Set parameter LogToConsole to value 0
Set parameter LogToConsole to value 1
Set parameter LogToConsole to value 0
Set parameter LogToConsole to value 1
Set parameter LogToConsole to value 0
augmented lagrangean iteration 1
Set parameter LogToConsole to value 1
Set parameter LogToConsole to value 0
Set parameter LogToConsole to value 1
Set parameter LogToConsole to value 0
Set parameter LogToConsole to value 1
Set parameter LogToConsole to value 0
augmented lagrangean iteration 2
Set parameter LogToConsole to value 1
Set parameter LogToConsole to value 0
Set parameter LogToConsole to value 1
Set parameter LogToConsole to value 0
Set parameter LogToConsole to value 1
Set parameter LogToConsole to value 0
Set parameter LogToConsole to value 1
Set parameter LogToConsole to value 0
        24      1487.45      1494.43   -1127.8990   -1126.4218   0.1311%
Set parameter LogToConsole to value 1
Set parameter LogToConsole to value 0
Set parameter LogToConsole to value 1
Set parameter LogToConsole to value 0
Set parameter LogToConsole to value 1
Set parameter LogToConsole to value 0
augmented lagrangean iteration 0
Set parameter LogToConsole to value 1
Set parameter LogToConsole to value 0
Set parameter LogToConsole to value 1
Set parameter LogToConsole to value 0
Set parameter LogToConsole to value 1
Set parameter LogToConsole to value 0
augmented lagrangean iteration 1
Set parameter LogToConsole to value 1
Set parameter LogToConsole to value 0
Set parameter LogToConsole to value 1
Set parameter LogToConsole to value 0
Set parameter LogToConsole to value 1
Set parameter LogToConsole to value 0
augmented lagrangean iteration 2
Set parameter LogToConsole to value 1
Set parameter LogToConsole to value 0
Set parameter LogToConsole to value 1
Set parameter LogToConsole to value 0
Set parameter LogToConsole to value 1
Set parameter LogToConsole to value 0
Set parameter LogToConsole to value 1
Set parameter LogToConsole to value 0
Set parameter LogToConsole to value 1
Set parameter LogToConsole to value 0
Set parameter LogToConsole to value 1
Set parameter LogToConsole to value 0
Set parameter LogToConsole to value 1
Set parameter LogToConsole to value 0
augmented lagrangean iteration 0
Set parameter LogToConsole to value 1
Set parameter LogToConsole to value 0
Set parameter LogToConsole to value 1
Set parameter LogToConsole to value 0
Set parameter LogToConsole to value 1
Set parameter LogToConsole to value 0
augmented lagrangean iteration 1
Set parameter LogToConsole to value 1
Set parameter LogToConsole to value 0
Set parameter LogToConsole to value 1
Set parameter LogToConsole to value 0
Set parameter LogToConsole to value 1
Set parameter LogToConsole to value 0
augmented lagrangean iteration 2
Set parameter LogToConsole to value 1
Set parameter LogToConsole to value 0
Set parameter LogToConsole to value 1
Set parameter LogToConsole to value 0
Set parameter LogToConsole to value 1
Set parameter LogToConsole to value 0
Set parameter LogToConsole to value 1
Set parameter LogToConsole to value 0
        25      1548.16      1555.27   -1127.8963   -1126.4218   0.1309%
Set parameter LogToConsole to value 1
Set parameter LogToConsole to value 0
Set parameter LogToConsole to value 1
Set parameter LogToConsole to value 0
Set parameter LogToConsole to value 1
Set parameter LogToConsole to value 0
augmented lagrangean iteration 0
Set parameter LogToConsole to value 1
Set parameter LogToConsole to value 0
Set parameter LogToConsole to value 1
Set parameter LogToConsole to value 0
Set parameter LogToConsole to value 1
Set parameter LogToConsole to value 0
augmented lagrangean iteration 1
Set parameter LogToConsole to value 1
Set parameter LogToConsole to value 0
Set parameter LogToConsole to value 1
Set parameter LogToConsole to value 0
Set parameter LogToConsole to value 1
Set parameter LogToConsole to value 0
augmented lagrangean iteration 2
Set parameter LogToConsole to value 1
Set parameter LogToConsole to value 0
Set parameter LogToConsole to value 1
Set parameter LogToConsole to value 0
Set parameter LogToConsole to value 1
Set parameter LogToConsole to value 0
Set parameter LogToConsole to value 1
Set parameter LogToConsole to value 0
Set parameter LogToConsole to value 1
Set parameter LogToConsole to value 0
Set parameter LogToConsole to value 1
Set parameter LogToConsole to value 0
Set parameter LogToConsole to value 1
Set parameter LogToConsole to value 0
augmented lagrangean iteration 0
Set parameter LogToConsole to value 1
Set parameter LogToConsole to value 0
Set parameter LogToConsole to value 1
Set parameter LogToConsole to value 0
Set parameter LogToConsole to value 1
Set parameter LogToConsole to value 0
augmented lagrangean iteration 1
Set parameter LogToConsole to value 1
Set parameter LogToConsole to value 0
Set parameter LogToConsole to value 1
Set parameter LogToConsole to value 0
Set parameter LogToConsole to value 1
Set parameter LogToConsole to value 0
augmented lagrangean iteration 2
Set parameter LogToConsole to value 1
Set parameter LogToConsole to value 0
Set parameter LogToConsole to value 1
Set parameter LogToConsole to value 0
Set parameter LogToConsole to value 1
Set parameter LogToConsole to value 0
Set parameter LogToConsole to value 1
Set parameter LogToConsole to value 0
        26      1605.38      1612.63   -1127.8888   -1126.4218   0.1302%
Set parameter LogToConsole to value 1
Set parameter LogToConsole to value 0
Set parameter LogToConsole to value 1
Set parameter LogToConsole to value 0
Set parameter LogToConsole to value 1
Set parameter LogToConsole to value 0
augmented lagrangean iteration 0
Set parameter LogToConsole to value 1
Set parameter LogToConsole to value 0
Set parameter LogToConsole to value 1
Set parameter LogToConsole to value 0
Set parameter LogToConsole to value 1
Set parameter LogToConsole to value 0
augmented lagrangean iteration 1
Set parameter LogToConsole to value 1
Set parameter LogToConsole to value 0
Set parameter LogToConsole to value 1
Set parameter LogToConsole to value 0
Set parameter LogToConsole to value 1
Set parameter LogToConsole to value 0
augmented lagrangean iteration 2
Set parameter LogToConsole to value 1
Set parameter LogToConsole to value 0
Set parameter LogToConsole to value 1
Set parameter LogToConsole to value 0
Set parameter LogToConsole to value 1
Set parameter LogToConsole to value 0
Set parameter LogToConsole to value 1
Set parameter LogToConsole to value 0
Set parameter LogToConsole to value 1
Set parameter LogToConsole to value 0
Set parameter LogToConsole to value 1
Set parameter LogToConsole to value 0
Set parameter LogToConsole to value 1
Set parameter LogToConsole to value 0
augmented lagrangean iteration 0
Set parameter LogToConsole to value 1
Set parameter LogToConsole to value 0
Set parameter LogToConsole to value 1
Set parameter LogToConsole to value 0
Set parameter LogToConsole to value 1
Set parameter LogToConsole to value 0
augmented lagrangean iteration 1
Set parameter LogToConsole to value 1
Set parameter LogToConsole to value 0
Set parameter LogToConsole to value 1
Set parameter LogToConsole to value 0
Set parameter LogToConsole to value 1
Set parameter LogToConsole to value 0
augmented lagrangean iteration 2
Set parameter LogToConsole to value 1
Set parameter LogToConsole to value 0
Set parameter LogToConsole to value 1
Set parameter LogToConsole to value 0
Set parameter LogToConsole to value 1
Set parameter LogToConsole to value 0
Set parameter LogToConsole to value 1
Set parameter LogToConsole to value 0
        27      1659.32      1666.69   -1127.8850   -1126.4218   0.1299%
Set parameter LogToConsole to value 1
Set parameter LogToConsole to value 0
Set parameter LogToConsole to value 1
Set parameter LogToConsole to value 0
Set parameter LogToConsole to value 1
Set parameter LogToConsole to value 0
augmented lagrangean iteration 0
Set parameter LogToConsole to value 1
Set parameter LogToConsole to value 0
Set parameter LogToConsole to value 1
Set parameter LogToConsole to value 0
Set parameter LogToConsole to value 1
Set parameter LogToConsole to value 0
augmented lagrangean iteration 1
Set parameter LogToConsole to value 1
Set parameter LogToConsole to value 0
Set parameter LogToConsole to value 1
Set parameter LogToConsole to value 0
Set parameter LogToConsole to value 1
Set parameter LogToConsole to value 0
augmented lagrangean iteration 2
Set parameter LogToConsole to value 1
Set parameter LogToConsole to value 0
Set parameter LogToConsole to value 1
Set parameter LogToConsole to value 0
Set parameter LogToConsole to value 1
Set parameter LogToConsole to value 0
Set parameter LogToConsole to value 1
Set parameter LogToConsole to value 0
Set parameter LogToConsole to value 1
Set parameter LogToConsole to value 0
Set parameter LogToConsole to value 1
Set parameter LogToConsole to value 0
Set parameter LogToConsole to value 1
Set parameter LogToConsole to value 0
augmented lagrangean iteration 0
Set parameter LogToConsole to value 1
Set parameter LogToConsole to value 0
Set parameter LogToConsole to value 1
Set parameter LogToConsole to value 0
Set parameter LogToConsole to value 1
Set parameter LogToConsole to value 0
augmented lagrangean iteration 1
Set parameter LogToConsole to value 1
Set parameter LogToConsole to value 0
Set parameter LogToConsole to value 1
Set parameter LogToConsole to value 0
Set parameter LogToConsole to value 1
Set parameter LogToConsole to value 0
augmented lagrangean iteration 2
Set parameter LogToConsole to value 1
Set parameter LogToConsole to value 0
Set parameter LogToConsole to value 1
Set parameter LogToConsole to value 0
Set parameter LogToConsole to value 1
Set parameter LogToConsole to value 0
Set parameter LogToConsole to value 1
Set parameter LogToConsole to value 0
        28      1715.26      1722.76   -1127.8744   -1126.4218   0.1290%
Set parameter LogToConsole to value 1
Set parameter LogToConsole to value 0
Set parameter LogToConsole to value 1
Set parameter LogToConsole to value 0
Set parameter LogToConsole to value 1
Set parameter LogToConsole to value 0
augmented lagrangean iteration 0
Set parameter LogToConsole to value 1
Set parameter LogToConsole to value 0
Set parameter LogToConsole to value 1
Set parameter LogToConsole to value 0
Set parameter LogToConsole to value 1
Set parameter LogToConsole to value 0
augmented lagrangean iteration 1
Set parameter LogToConsole to value 1
Set parameter LogToConsole to value 0
Set parameter LogToConsole to value 1
Set parameter LogToConsole to value 0
Set parameter LogToConsole to value 1
Set parameter LogToConsole to value 0
augmented lagrangean iteration 2
Set parameter LogToConsole to value 1
Set parameter LogToConsole to value 0
Set parameter LogToConsole to value 1
Set parameter LogToConsole to value 0
Set parameter LogToConsole to value 1
Set parameter LogToConsole to value 0
Set parameter LogToConsole to value 1
Set parameter LogToConsole to value 0
Set parameter LogToConsole to value 1
Set parameter LogToConsole to value 0
Set parameter LogToConsole to value 1
Set parameter LogToConsole to value 0
Set parameter LogToConsole to value 1
Set parameter LogToConsole to value 0
augmented lagrangean iteration 0
Set parameter LogToConsole to value 1
Set parameter LogToConsole to value 0
Set parameter LogToConsole to value 1
Set parameter LogToConsole to value 0
Set parameter LogToConsole to value 1
Set parameter LogToConsole to value 0
augmented lagrangean iteration 1
Set parameter LogToConsole to value 1
Set parameter LogToConsole to value 0
Set parameter LogToConsole to value 1
Set parameter LogToConsole to value 0
Set parameter LogToConsole to value 1
Set parameter LogToConsole to value 0
augmented lagrangean iteration 2
Set parameter LogToConsole to value 1
Set parameter LogToConsole to value 0
Set parameter LogToConsole to value 1
Set parameter LogToConsole to value 0
Set parameter LogToConsole to value 1
Set parameter LogToConsole to value 0
Set parameter LogToConsole to value 1
Set parameter LogToConsole to value 0
        29      1772.29      1779.91   -1127.8705   -1126.4218   0.1286%
Set parameter LogToConsole to value 1
Set parameter LogToConsole to value 0
Set parameter LogToConsole to value 1
Set parameter LogToConsole to value 0
Set parameter LogToConsole to value 1
Set parameter LogToConsole to value 0
augmented lagrangean iteration 0
Set parameter LogToConsole to value 1
Set parameter LogToConsole to value 0
Set parameter LogToConsole to value 1
Set parameter LogToConsole to value 0
Set parameter LogToConsole to value 1
Set parameter LogToConsole to value 0
augmented lagrangean iteration 1
Set parameter LogToConsole to value 1
Set parameter LogToConsole to value 0
Set parameter LogToConsole to value 1
Set parameter LogToConsole to value 0
Set parameter LogToConsole to value 1
Set parameter LogToConsole to value 0
augmented lagrangean iteration 2
Set parameter LogToConsole to value 1
Set parameter LogToConsole to value 0
Set parameter LogToConsole to value 1
Set parameter LogToConsole to value 0
Set parameter LogToConsole to value 1
Set parameter LogToConsole to value 0
Set parameter LogToConsole to value 1
Set parameter LogToConsole to value 0
Set parameter LogToConsole to value 1
Set parameter LogToConsole to value 0
Set parameter LogToConsole to value 1
Set parameter LogToConsole to value 0
Set parameter LogToConsole to value 1
Set parameter LogToConsole to value 0
augmented lagrangean iteration 0
Set parameter LogToConsole to value 1
Set parameter LogToConsole to value 0
Set parameter LogToConsole to value 1
Set parameter LogToConsole to value 0
Set parameter LogToConsole to value 1
Set parameter LogToConsole to value 0
augmented lagrangean iteration 1
Set parameter LogToConsole to value 1
Set parameter LogToConsole to value 0
Set parameter LogToConsole to value 1
Set parameter LogToConsole to value 0
Set parameter LogToConsole to value 1
Set parameter LogToConsole to value 0
augmented lagrangean iteration 2
Set parameter LogToConsole to value 1
Set parameter LogToConsole to value 0
Set parameter LogToConsole to value 1
Set parameter LogToConsole to value 0
Set parameter LogToConsole to value 1
Set parameter LogToConsole to value 0
Set parameter LogToConsole to value 1
Set parameter LogToConsole to value 0
        30      1826.86      1834.61   -1127.8677   -1126.4218   0.1284%
Set parameter LogToConsole to value 1
Set parameter LogToConsole to value 0
Set parameter LogToConsole to value 1
Set parameter LogToConsole to value 0
Set parameter LogToConsole to value 1
Set parameter LogToConsole to value 0
augmented lagrangean iteration 0
Set parameter LogToConsole to value 1
Set parameter LogToConsole to value 0
Set parameter LogToConsole to value 1
Set parameter LogToConsole to value 0
Set parameter LogToConsole to value 1
Set parameter LogToConsole to value 0
augmented lagrangean iteration 1
Set parameter LogToConsole to value 1
Set parameter LogToConsole to value 0
Set parameter LogToConsole to value 1
Set parameter LogToConsole to value 0
Set parameter LogToConsole to value 1
Set parameter LogToConsole to value 0
augmented lagrangean iteration 2
Set parameter LogToConsole to value 1
Set parameter LogToConsole to value 0
Set parameter LogToConsole to value 1
Set parameter LogToConsole to value 0
Set parameter LogToConsole to value 1
Set parameter LogToConsole to value 0
Set parameter LogToConsole to value 1
Set parameter LogToConsole to value 0
Set parameter LogToConsole to value 1
Set parameter LogToConsole to value 0
Set parameter LogToConsole to value 1
Set parameter LogToConsole to value 0
        31      1865.10      1873.82   -1127.8616   -1126.4218   0.1278%
Set parameter LogToConsole to value 1
Set parameter LogToConsole to value 0
Set parameter LogToConsole to value 1
Set parameter LogToConsole to value 0
Set parameter LogToConsole to value 1
Set parameter LogToConsole to value 0
augmented lagrangean iteration 0
Set parameter LogToConsole to value 1
Set parameter LogToConsole to value 0
Set parameter LogToConsole to value 1
Set parameter LogToConsole to value 0
Set parameter LogToConsole to value 1
Set parameter LogToConsole to value 0
augmented lagrangean iteration 1
Set parameter LogToConsole to value 1
Set parameter LogToConsole to value 0
Set parameter LogToConsole to value 1
Set parameter LogToConsole to value 0
Set parameter LogToConsole to value 1
Set parameter LogToConsole to value 0
augmented lagrangean iteration 2
Set parameter LogToConsole to value 1
Set parameter LogToConsole to value 0
Set parameter LogToConsole to value 1
Set parameter LogToConsole to value 0
Set parameter LogToConsole to value 1
Set parameter LogToConsole to value 0
Set parameter LogToConsole to value 1
Set parameter LogToConsole to value 0
Set parameter LogToConsole to value 1
Set parameter LogToConsole to value 0
Set parameter LogToConsole to value 1
Set parameter LogToConsole to value 0
        32      1901.94      1911.61   -1127.8537   -1126.4218   0.1271%
Set parameter LogToConsole to value 1
Set parameter LogToConsole to value 0
Set parameter LogToConsole to value 1
Set parameter LogToConsole to value 0
Set parameter LogToConsole to value 1
Set parameter LogToConsole to value 0
augmented lagrangean iteration 0
Set parameter LogToConsole to value 1
Set parameter LogToConsole to value 0
Set parameter LogToConsole to value 1
Set parameter LogToConsole to value 0
Set parameter LogToConsole to value 1
Set parameter LogToConsole to value 0
augmented lagrangean iteration 1
Set parameter LogToConsole to value 1
Set parameter LogToConsole to value 0
Set parameter LogToConsole to value 1
Set parameter LogToConsole to value 0
Set parameter LogToConsole to value 1
Set parameter LogToConsole to value 0
augmented lagrangean iteration 2
Set parameter LogToConsole to value 1
Set parameter LogToConsole to value 0
Set parameter LogToConsole to value 1
Set parameter LogToConsole to value 0
Set parameter LogToConsole to value 1
Set parameter LogToConsole to value 0
Set parameter LogToConsole to value 1
Set parameter LogToConsole to value 0
Set parameter LogToConsole to value 1
Set parameter LogToConsole to value 0
Set parameter LogToConsole to value 1
Set parameter LogToConsole to value 0
        33      1941.12      1951.75   -1127.8459   -1126.4218   0.1264%
Set parameter LogToConsole to value 1
Set parameter LogToConsole to value 0
Set parameter LogToConsole to value 1
Set parameter LogToConsole to value 0
Set parameter LogToConsole to value 1
Set parameter LogToConsole to value 0
augmented lagrangean iteration 0
Set parameter LogToConsole to value 1
Set parameter LogToConsole to value 0
Set parameter LogToConsole to value 1
Set parameter LogToConsole to value 0
Set parameter LogToConsole to value 1
Set parameter LogToConsole to value 0
augmented lagrangean iteration 1
Set parameter LogToConsole to value 1
Set parameter LogToConsole to value 0
Set parameter LogToConsole to value 1
Set parameter LogToConsole to value 0
Set parameter LogToConsole to value 1
Set parameter LogToConsole to value 0
augmented lagrangean iteration 2
Set parameter LogToConsole to value 1
Set parameter LogToConsole to value 0
Set parameter LogToConsole to value 1
Set parameter LogToConsole to value 0
Set parameter LogToConsole to value 1
Set parameter LogToConsole to value 0
Set parameter LogToConsole to value 1
Set parameter LogToConsole to value 0
Set parameter LogToConsole to value 1
Set parameter LogToConsole to value 0
Set parameter LogToConsole to value 1
Set parameter LogToConsole to value 0
        34      1977.93      1989.52   -1127.8438   -1126.4218   0.1262%
Set parameter LogToConsole to value 1
Set parameter LogToConsole to value 0
Set parameter LogToConsole to value 1
Set parameter LogToConsole to value 0
Set parameter LogToConsole to value 1
Set parameter LogToConsole to value 0
augmented lagrangean iteration 0
Set parameter LogToConsole to value 1
Set parameter LogToConsole to value 0
Set parameter LogToConsole to value 1
Set parameter LogToConsole to value 0
Set parameter LogToConsole to value 1
Set parameter LogToConsole to value 0
augmented lagrangean iteration 1
Set parameter LogToConsole to value 1
Set parameter LogToConsole to value 0
Set parameter LogToConsole to value 1
Set parameter LogToConsole to value 0
Set parameter LogToConsole to value 1
Set parameter LogToConsole to value 0
augmented lagrangean iteration 2
Set parameter LogToConsole to value 1
Set parameter LogToConsole to value 0
Set parameter LogToConsole to value 1
Set parameter LogToConsole to value 0
Set parameter LogToConsole to value 1
Set parameter LogToConsole to value 0
Set parameter LogToConsole to value 1
Set parameter LogToConsole to value 0
Set parameter LogToConsole to value 1
Set parameter LogToConsole to value 0
Set parameter LogToConsole to value 1
Set parameter LogToConsole to value 0
Set parameter LogToConsole to value 1
Set parameter LogToConsole to value 0
augmented lagrangean iteration 0
Set parameter LogToConsole to value 1
Set parameter LogToConsole to value 0
Set parameter LogToConsole to value 1
Set parameter LogToConsole to value 0
Set parameter LogToConsole to value 1
Set parameter LogToConsole to value 0
augmented lagrangean iteration 1
Set parameter LogToConsole to value 1
Set parameter LogToConsole to value 0
Set parameter LogToConsole to value 1
Set parameter LogToConsole to value 0
Set parameter LogToConsole to value 1
Set parameter LogToConsole to value 0
augmented lagrangean iteration 2
Set parameter LogToConsole to value 1
Set parameter LogToConsole to value 0
Set parameter LogToConsole to value 1
Set parameter LogToConsole to value 0
Set parameter LogToConsole to value 1
Set parameter LogToConsole to value 0
Set parameter LogToConsole to value 1
Set parameter LogToConsole to value 0
        35      2033.45      2045.17   -1127.8436   -1126.4218   0.1262%
Set parameter LogToConsole to value 1
Set parameter LogToConsole to value 0
Set parameter LogToConsole to value 1
Set parameter LogToConsole to value 0
Set parameter LogToConsole to value 1
Set parameter LogToConsole to value 0
augmented lagrangean iteration 0
Set parameter LogToConsole to value 1
Set parameter LogToConsole to value 0
Set parameter LogToConsole to value 1
Set parameter LogToConsole to value 0
Set parameter LogToConsole to value 1
Set parameter LogToConsole to value 0
augmented lagrangean iteration 1
Set parameter LogToConsole to value 1
Set parameter LogToConsole to value 0
Set parameter LogToConsole to value 1
Set parameter LogToConsole to value 0
Set parameter LogToConsole to value 1
Set parameter LogToConsole to value 0
augmented lagrangean iteration 2
Set parameter LogToConsole to value 1
Set parameter LogToConsole to value 0
Set parameter LogToConsole to value 1
Set parameter LogToConsole to value 0
Set parameter LogToConsole to value 1
Set parameter LogToConsole to value 0
Set parameter LogToConsole to value 1
Set parameter LogToConsole to value 0
Set parameter LogToConsole to value 1
Set parameter LogToConsole to value 0
Set parameter LogToConsole to value 1
Set parameter LogToConsole to value 0
Set parameter LogToConsole to value 1
Set parameter LogToConsole to value 0
augmented lagrangean iteration 0
Set parameter LogToConsole to value 1
Set parameter LogToConsole to value 0
Set parameter LogToConsole to value 1
Set parameter LogToConsole to value 0
Set parameter LogToConsole to value 1
Set parameter LogToConsole to value 0
augmented lagrangean iteration 1
Set parameter LogToConsole to value 1
Set parameter LogToConsole to value 0
Set parameter LogToConsole to value 1
Set parameter LogToConsole to value 0
Set parameter LogToConsole to value 1
Set parameter LogToConsole to value 0
augmented lagrangean iteration 2
Set parameter LogToConsole to value 1
Set parameter LogToConsole to value 0
Set parameter LogToConsole to value 1
Set parameter LogToConsole to value 0
Set parameter LogToConsole to value 1
Set parameter LogToConsole to value 0
Set parameter LogToConsole to value 1
Set parameter LogToConsole to value 0
        36      2094.09      2105.93   -1127.8415   -1126.4218   0.1260%
Set parameter LogToConsole to value 1
Set parameter LogToConsole to value 0
Set parameter LogToConsole to value 1
Set parameter LogToConsole to value 0
Set parameter LogToConsole to value 1
Set parameter LogToConsole to value 0
augmented lagrangean iteration 0
Set parameter LogToConsole to value 1
Set parameter LogToConsole to value 0
Set parameter LogToConsole to value 1
Set parameter LogToConsole to value 0
Set parameter LogToConsole to value 1
Set parameter LogToConsole to value 0
augmented lagrangean iteration 1
Set parameter LogToConsole to value 1
Set parameter LogToConsole to value 0
Set parameter LogToConsole to value 1
Set parameter LogToConsole to value 0
Set parameter LogToConsole to value 1
Set parameter LogToConsole to value 0
augmented lagrangean iteration 2
Set parameter LogToConsole to value 1
Set parameter LogToConsole to value 0
Set parameter LogToConsole to value 1
Set parameter LogToConsole to value 0
Set parameter LogToConsole to value 1
Set parameter LogToConsole to value 0
Set parameter LogToConsole to value 1
Set parameter LogToConsole to value 0
Set parameter LogToConsole to value 1
Set parameter LogToConsole to value 0
Set parameter LogToConsole to value 1
Set parameter LogToConsole to value 0
Set parameter LogToConsole to value 1
Set parameter LogToConsole to value 0
augmented lagrangean iteration 0
Set parameter LogToConsole to value 1
Set parameter LogToConsole to value 0
Set parameter LogToConsole to value 1
Set parameter LogToConsole to value 0
Set parameter LogToConsole to value 1
Set parameter LogToConsole to value 0
augmented lagrangean iteration 1
Set parameter LogToConsole to value 1
Set parameter LogToConsole to value 0
Set parameter LogToConsole to value 1
Set parameter LogToConsole to value 0
Set parameter LogToConsole to value 1
Set parameter LogToConsole to value 0
augmented lagrangean iteration 2
Set parameter LogToConsole to value 1
Set parameter LogToConsole to value 0
Set parameter LogToConsole to value 1
Set parameter LogToConsole to value 0
Set parameter LogToConsole to value 1
Set parameter LogToConsole to value 0
Set parameter LogToConsole to value 1
Set parameter LogToConsole to value 0
        37      2148.26      2160.23   -1127.8358   -1126.4218   0.1255%
Set parameter LogToConsole to value 1
Set parameter LogToConsole to value 0
Set parameter LogToConsole to value 1
Set parameter LogToConsole to value 0
Set parameter LogToConsole to value 1
Set parameter LogToConsole to value 0
augmented lagrangean iteration 0
Set parameter LogToConsole to value 1
Set parameter LogToConsole to value 0
Set parameter LogToConsole to value 1
Set parameter LogToConsole to value 0
Set parameter LogToConsole to value 1
Set parameter LogToConsole to value 0
augmented lagrangean iteration 1
Set parameter LogToConsole to value 1
Set parameter LogToConsole to value 0
Set parameter LogToConsole to value 1
Set parameter LogToConsole to value 0
Set parameter LogToConsole to value 1
Set parameter LogToConsole to value 0
augmented lagrangean iteration 2
Set parameter LogToConsole to value 1
Set parameter LogToConsole to value 0
Set parameter LogToConsole to value 1
Set parameter LogToConsole to value 0
Set parameter LogToConsole to value 1
Set parameter LogToConsole to value 0
Set parameter LogToConsole to value 1
Set parameter LogToConsole to value 0
Set parameter LogToConsole to value 1
Set parameter LogToConsole to value 0
Set parameter LogToConsole to value 1
Set parameter LogToConsole to value 0
Set parameter LogToConsole to value 1
Set parameter LogToConsole to value 0
augmented lagrangean iteration 0
Set parameter LogToConsole to value 1
Set parameter LogToConsole to value 0
Set parameter LogToConsole to value 1
Set parameter LogToConsole to value 0
Set parameter LogToConsole to value 1
Set parameter LogToConsole to value 0
augmented lagrangean iteration 1
Set parameter LogToConsole to value 1
Set parameter LogToConsole to value 0
Set parameter LogToConsole to value 1
Set parameter LogToConsole to value 0
Set parameter LogToConsole to value 1
Set parameter LogToConsole to value 0
augmented lagrangean iteration 2
Set parameter LogToConsole to value 1
Set parameter LogToConsole to value 0
Set parameter LogToConsole to value 1
Set parameter LogToConsole to value 0
Set parameter LogToConsole to value 1
Set parameter LogToConsole to value 0
Set parameter LogToConsole to value 1
Set parameter LogToConsole to value 0
        38      2212.65      2224.75   -1127.8341   -1126.4218   0.1254%
Set parameter LogToConsole to value 1
Set parameter LogToConsole to value 0
Set parameter LogToConsole to value 1
Set parameter LogToConsole to value 0
Set parameter LogToConsole to value 1
Set parameter LogToConsole to value 0
augmented lagrangean iteration 0
Set parameter LogToConsole to value 1
Set parameter LogToConsole to value 0
Set parameter LogToConsole to value 1
Set parameter LogToConsole to value 0
Set parameter LogToConsole to value 1
Set parameter LogToConsole to value 0
augmented lagrangean iteration 1
Set parameter LogToConsole to value 1
Set parameter LogToConsole to value 0
Set parameter LogToConsole to value 1
Set parameter LogToConsole to value 0
Set parameter LogToConsole to value 1
Set parameter LogToConsole to value 0
augmented lagrangean iteration 2
Set parameter LogToConsole to value 1
Set parameter LogToConsole to value 0
Set parameter LogToConsole to value 1
Set parameter LogToConsole to value 0
Set parameter LogToConsole to value 1
Set parameter LogToConsole to value 0
Set parameter LogToConsole to value 1
Set parameter LogToConsole to value 0
Set parameter LogToConsole to value 1
Set parameter LogToConsole to value 0
Set parameter LogToConsole to value 1
Set parameter LogToConsole to value 0
Set parameter LogToConsole to value 1
Set parameter LogToConsole to value 0
augmented lagrangean iteration 0
Set parameter LogToConsole to value 1
Set parameter LogToConsole to value 0
Set parameter LogToConsole to value 1
Set parameter LogToConsole to value 0
Set parameter LogToConsole to value 1
Set parameter LogToConsole to value 0
augmented lagrangean iteration 1
Set parameter LogToConsole to value 1
Set parameter LogToConsole to value 0
Set parameter LogToConsole to value 1
Set parameter LogToConsole to value 0
Set parameter LogToConsole to value 1
Set parameter LogToConsole to value 0
augmented lagrangean iteration 2
Set parameter LogToConsole to value 1
Set parameter LogToConsole to value 0
Set parameter LogToConsole to value 1
Set parameter LogToConsole to value 0
Set parameter LogToConsole to value 1
Set parameter LogToConsole to value 0
Set parameter LogToConsole to value 1
Set parameter LogToConsole to value 0
        39      2268.84      2281.07   -1127.8318   -1126.4218   0.1252%
Set parameter LogToConsole to value 1
Set parameter LogToConsole to value 0
Set parameter LogToConsole to value 1
Set parameter LogToConsole to value 0
Set parameter LogToConsole to value 1
Set parameter LogToConsole to value 0
augmented lagrangean iteration 0
Set parameter LogToConsole to value 1
Set parameter LogToConsole to value 0
Set parameter LogToConsole to value 1
Set parameter LogToConsole to value 0
Set parameter LogToConsole to value 1
Set parameter LogToConsole to value 0
augmented lagrangean iteration 1
Set parameter LogToConsole to value 1
Set parameter LogToConsole to value 0
Set parameter LogToConsole to value 1
Set parameter LogToConsole to value 0
Set parameter LogToConsole to value 1
Set parameter LogToConsole to value 0
augmented lagrangean iteration 2
Set parameter LogToConsole to value 1
Set parameter LogToConsole to value 0
Set parameter LogToConsole to value 1
Set parameter LogToConsole to value 0
Set parameter LogToConsole to value 1
Set parameter LogToConsole to value 0
Set parameter LogToConsole to value 1
Set parameter LogToConsole to value 0
Set parameter LogToConsole to value 1
Set parameter LogToConsole to value 0
Set parameter LogToConsole to value 1
Set parameter LogToConsole to value 0
Set parameter LogToConsole to value 1
Set parameter LogToConsole to value 0
augmented lagrangean iteration 0
Set parameter LogToConsole to value 1
Set parameter LogToConsole to value 0
Set parameter LogToConsole to value 1
Set parameter LogToConsole to value 0
Set parameter LogToConsole to value 1
Set parameter LogToConsole to value 0
augmented lagrangean iteration 1
Set parameter LogToConsole to value 1
Set parameter LogToConsole to value 0
Set parameter LogToConsole to value 1
Set parameter LogToConsole to value 0
Set parameter LogToConsole to value 1
Set parameter LogToConsole to value 0
augmented lagrangean iteration 2
Set parameter LogToConsole to value 1
Set parameter LogToConsole to value 0
Set parameter LogToConsole to value 1
Set parameter LogToConsole to value 0
Set parameter LogToConsole to value 1
Set parameter LogToConsole to value 0
Set parameter LogToConsole to value 1
Set parameter LogToConsole to value 0
        40      2324.52      2336.88   -1127.8285   -1126.4218   0.1249%
Set parameter LogToConsole to value 1
Set parameter LogToConsole to value 0
Set parameter LogToConsole to value 1
Set parameter LogToConsole to value 0
Set parameter LogToConsole to value 1
Set parameter LogToConsole to value 0
augmented lagrangean iteration 0
Set parameter LogToConsole to value 1
Set parameter LogToConsole to value 0
Set parameter LogToConsole to value 1
Set parameter LogToConsole to value 0
Set parameter LogToConsole to value 1
Set parameter LogToConsole to value 0
augmented lagrangean iteration 1
Set parameter LogToConsole to value 1
Set parameter LogToConsole to value 0
Set parameter LogToConsole to value 1
Set parameter LogToConsole to value 0
Set parameter LogToConsole to value 1
Set parameter LogToConsole to value 0
augmented lagrangean iteration 2
Set parameter LogToConsole to value 1
Set parameter LogToConsole to value 0
Set parameter LogToConsole to value 1
Set parameter LogToConsole to value 0
Set parameter LogToConsole to value 1
Set parameter LogToConsole to value 0
Set parameter LogToConsole to value 1
Set parameter LogToConsole to value 0
Set parameter LogToConsole to value 1
Set parameter LogToConsole to value 0
Set parameter LogToConsole to value 1
Set parameter LogToConsole to value 0
        41      2359.40      2372.72   -1127.8280   -1126.4218   0.1248%
Set parameter LogToConsole to value 1
Set parameter LogToConsole to value 0
Set parameter LogToConsole to value 1
Set parameter LogToConsole to value 0
Set parameter LogToConsole to value 1
Set parameter LogToConsole to value 0
augmented lagrangean iteration 0
Set parameter LogToConsole to value 1
Set parameter LogToConsole to value 0
Set parameter LogToConsole to value 1
Set parameter LogToConsole to value 0
Set parameter LogToConsole to value 1
Set parameter LogToConsole to value 0
augmented lagrangean iteration 1
Set parameter LogToConsole to value 1
Set parameter LogToConsole to value 0
Set parameter LogToConsole to value 1
Set parameter LogToConsole to value 0
Set parameter LogToConsole to value 1
Set parameter LogToConsole to value 0
augmented lagrangean iteration 2
Set parameter LogToConsole to value 1
Set parameter LogToConsole to value 0
Set parameter LogToConsole to value 1
Set parameter LogToConsole to value 0
Set parameter LogToConsole to value 1
Set parameter LogToConsole to value 0
Set parameter LogToConsole to value 1
Set parameter LogToConsole to value 0
Set parameter LogToConsole to value 1
Set parameter LogToConsole to value 0
Set parameter LogToConsole to value 1
Set parameter LogToConsole to value 0
Set parameter LogToConsole to value 1
Set parameter LogToConsole to value 0
augmented lagrangean iteration 0
Set parameter LogToConsole to value 1
Set parameter LogToConsole to value 0
Set parameter LogToConsole to value 1
Set parameter LogToConsole to value 0
Set parameter LogToConsole to value 1
Set parameter LogToConsole to value 0
augmented lagrangean iteration 1
Set parameter LogToConsole to value 1
Set parameter LogToConsole to value 0
Set parameter LogToConsole to value 1
Set parameter LogToConsole to value 0
Set parameter LogToConsole to value 1
Set parameter LogToConsole to value 0
augmented lagrangean iteration 2
Set parameter LogToConsole to value 1
Set parameter LogToConsole to value 0
Set parameter LogToConsole to value 1
Set parameter LogToConsole to value 0
Set parameter LogToConsole to value 1
Set parameter LogToConsole to value 0
Set parameter LogToConsole to value 1
Set parameter LogToConsole to value 0
        42      2425.88      2439.33   -1127.8257   -1126.4218   0.1246%
Set parameter LogToConsole to value 1
Set parameter LogToConsole to value 0
Set parameter LogToConsole to value 1
Set parameter LogToConsole to value 0
Set parameter LogToConsole to value 1
Set parameter LogToConsole to value 0
augmented lagrangean iteration 0
Set parameter LogToConsole to value 1
Set parameter LogToConsole to value 0
Set parameter LogToConsole to value 1
Set parameter LogToConsole to value 0
Set parameter LogToConsole to value 1
Set parameter LogToConsole to value 0
augmented lagrangean iteration 1
Set parameter LogToConsole to value 1
Set parameter LogToConsole to value 0
Set parameter LogToConsole to value 1
Set parameter LogToConsole to value 0
Set parameter LogToConsole to value 1
Set parameter LogToConsole to value 0
augmented lagrangean iteration 2
Set parameter LogToConsole to value 1
Set parameter LogToConsole to value 0
Set parameter LogToConsole to value 1
Set parameter LogToConsole to value 0
Set parameter LogToConsole to value 1
Set parameter LogToConsole to value 0
Set parameter LogToConsole to value 1
Set parameter LogToConsole to value 0
Set parameter LogToConsole to value 1
Set parameter LogToConsole to value 0
Set parameter LogToConsole to value 1
Set parameter LogToConsole to value 0
        43      2459.92      2474.33   -1127.8254   -1126.4218   0.1246%
Set parameter LogToConsole to value 1
Set parameter LogToConsole to value 0
Set parameter LogToConsole to value 1
Set parameter LogToConsole to value 0
Set parameter LogToConsole to value 1
Set parameter LogToConsole to value 0
augmented lagrangean iteration 0
Set parameter LogToConsole to value 1
Set parameter LogToConsole to value 0
Set parameter LogToConsole to value 1
Set parameter LogToConsole to value 0
Set parameter LogToConsole to value 1
Set parameter LogToConsole to value 0
augmented lagrangean iteration 1
Set parameter LogToConsole to value 1
Set parameter LogToConsole to value 0
Set parameter LogToConsole to value 1
Set parameter LogToConsole to value 0
Set parameter LogToConsole to value 1
Set parameter LogToConsole to value 0
augmented lagrangean iteration 2
Set parameter LogToConsole to value 1
Set parameter LogToConsole to value 0
Set parameter LogToConsole to value 1
Set parameter LogToConsole to value 0
Set parameter LogToConsole to value 1
Set parameter LogToConsole to value 0
Set parameter LogToConsole to value 1
Set parameter LogToConsole to value 0
Set parameter LogToConsole to value 1
Set parameter LogToConsole to value 0
Set parameter LogToConsole to value 1
Set parameter LogToConsole to value 0
        44      2494.97      2510.33   -1127.8202   -1126.4218   0.1241%
Set parameter LogToConsole to value 1
Set parameter LogToConsole to value 0
Set parameter LogToConsole to value 1
Set parameter LogToConsole to value 0
Set parameter LogToConsole to value 1
Set parameter LogToConsole to value 0
augmented lagrangean iteration 0
Set parameter LogToConsole to value 1
Set parameter LogToConsole to value 0
Set parameter LogToConsole to value 1
Set parameter LogToConsole to value 0
Set parameter LogToConsole to value 1
Set parameter LogToConsole to value 0
augmented lagrangean iteration 1
Set parameter LogToConsole to value 1
Set parameter LogToConsole to value 0
Set parameter LogToConsole to value 1
Set parameter LogToConsole to value 0
Set parameter LogToConsole to value 1
Set parameter LogToConsole to value 0
augmented lagrangean iteration 2
Set parameter LogToConsole to value 1
Set parameter LogToConsole to value 0
Set parameter LogToConsole to value 1
Set parameter LogToConsole to value 0
Set parameter LogToConsole to value 1
Set parameter LogToConsole to value 0
Set parameter LogToConsole to value 1
Set parameter LogToConsole to value 0
Set parameter LogToConsole to value 1
Set parameter LogToConsole to value 0
Set parameter LogToConsole to value 1
Set parameter LogToConsole to value 0
Set parameter LogToConsole to value 1
Set parameter LogToConsole to value 0
augmented lagrangean iteration 0
Set parameter LogToConsole to value 1
Set parameter LogToConsole to value 0
Set parameter LogToConsole to value 1
Set parameter LogToConsole to value 0
Set parameter LogToConsole to value 1
Set parameter LogToConsole to value 0
augmented lagrangean iteration 1
Set parameter LogToConsole to value 1
Set parameter LogToConsole to value 0
Set parameter LogToConsole to value 1
Set parameter LogToConsole to value 0
Set parameter LogToConsole to value 1
Set parameter LogToConsole to value 0
augmented lagrangean iteration 2
Set parameter LogToConsole to value 1
Set parameter LogToConsole to value 0
Set parameter LogToConsole to value 1
Set parameter LogToConsole to value 0
Set parameter LogToConsole to value 1
Set parameter LogToConsole to value 0
Set parameter LogToConsole to value 1
Set parameter LogToConsole to value 0
        45      2555.70      2571.19   -1127.8121   -1126.4218   0.1234%
Set parameter LogToConsole to value 1
Set parameter LogToConsole to value 0
Set parameter LogToConsole to value 1
Set parameter LogToConsole to value 0
Set parameter LogToConsole to value 1
Set parameter LogToConsole to value 0
augmented lagrangean iteration 0
Set parameter LogToConsole to value 1
Set parameter LogToConsole to value 0
Set parameter LogToConsole to value 1
Set parameter LogToConsole to value 0
Set parameter LogToConsole to value 1
Set parameter LogToConsole to value 0
augmented lagrangean iteration 1
Set parameter LogToConsole to value 1
Set parameter LogToConsole to value 0
Set parameter LogToConsole to value 1
Set parameter LogToConsole to value 0
Set parameter LogToConsole to value 1
Set parameter LogToConsole to value 0
augmented lagrangean iteration 2
Set parameter LogToConsole to value 1
Set parameter LogToConsole to value 0
Set parameter LogToConsole to value 1
Set parameter LogToConsole to value 0
Set parameter LogToConsole to value 1
Set parameter LogToConsole to value 0
Set parameter LogToConsole to value 1
Set parameter LogToConsole to value 0
Set parameter LogToConsole to value 1
Set parameter LogToConsole to value 0
Set parameter LogToConsole to value 1
Set parameter LogToConsole to value 0
        46      2590.75      2607.20   -1127.8099   -1126.4218   0.1232%
Set parameter LogToConsole to value 1
Set parameter LogToConsole to value 0
Set parameter LogToConsole to value 1
Set parameter LogToConsole to value 0
Set parameter LogToConsole to value 1
Set parameter LogToConsole to value 0
augmented lagrangean iteration 0
Set parameter LogToConsole to value 1
Set parameter LogToConsole to value 0
Set parameter LogToConsole to value 1
Set parameter LogToConsole to value 0
Set parameter LogToConsole to value 1
Set parameter LogToConsole to value 0
augmented lagrangean iteration 1
Set parameter LogToConsole to value 1
Set parameter LogToConsole to value 0
Set parameter LogToConsole to value 1
Set parameter LogToConsole to value 0
Set parameter LogToConsole to value 1
Set parameter LogToConsole to value 0
augmented lagrangean iteration 2
Set parameter LogToConsole to value 1
Set parameter LogToConsole to value 0
Set parameter LogToConsole to value 1
Set parameter LogToConsole to value 0
Set parameter LogToConsole to value 1
Set parameter LogToConsole to value 0
Set parameter LogToConsole to value 1
Set parameter LogToConsole to value 0
Set parameter LogToConsole to value 1
Set parameter LogToConsole to value 0
Set parameter LogToConsole to value 1
Set parameter LogToConsole to value 0
Set parameter LogToConsole to value 1
Set parameter LogToConsole to value 0
augmented lagrangean iteration 0
Set parameter LogToConsole to value 1
Set parameter LogToConsole to value 0
Set parameter LogToConsole to value 1
Set parameter LogToConsole to value 0
Set parameter LogToConsole to value 1
Set parameter LogToConsole to value 0
augmented lagrangean iteration 1
Set parameter LogToConsole to value 1
Set parameter LogToConsole to value 0
Set parameter LogToConsole to value 1
Set parameter LogToConsole to value 0
Set parameter LogToConsole to value 1
Set parameter LogToConsole to value 0
augmented lagrangean iteration 2
Set parameter LogToConsole to value 1
Set parameter LogToConsole to value 0
Set parameter LogToConsole to value 1
Set parameter LogToConsole to value 0
Set parameter LogToConsole to value 1
Set parameter LogToConsole to value 0
Set parameter LogToConsole to value 1
Set parameter LogToConsole to value 0
        47      2645.85      2662.43   -1127.8098   -1126.4218   0.1232%
Set parameter LogToConsole to value 1
Set parameter LogToConsole to value 0
Set parameter LogToConsole to value 1
Set parameter LogToConsole to value 0
Set parameter LogToConsole to value 1
Set parameter LogToConsole to value 0
augmented lagrangean iteration 0
Set parameter LogToConsole to value 1
Set parameter LogToConsole to value 0
Set parameter LogToConsole to value 1
Set parameter LogToConsole to value 0
Set parameter LogToConsole to value 1
Set parameter LogToConsole to value 0
augmented lagrangean iteration 1
Set parameter LogToConsole to value 1
Set parameter LogToConsole to value 0
Set parameter LogToConsole to value 1
Set parameter LogToConsole to value 0
Set parameter LogToConsole to value 1
Set parameter LogToConsole to value 0
augmented lagrangean iteration 2
Set parameter LogToConsole to value 1
Set parameter LogToConsole to value 0
Set parameter LogToConsole to value 1
Set parameter LogToConsole to value 0
Set parameter LogToConsole to value 1
Set parameter LogToConsole to value 0
Set parameter LogToConsole to value 1
Set parameter LogToConsole to value 0
Set parameter LogToConsole to value 1
Set parameter LogToConsole to value 0
Set parameter LogToConsole to value 1
Set parameter LogToConsole to value 0
Set parameter LogToConsole to value 1
Set parameter LogToConsole to value 0
augmented lagrangean iteration 0
Set parameter LogToConsole to value 1
Set parameter LogToConsole to value 0
Set parameter LogToConsole to value 1
Set parameter LogToConsole to value 0
Set parameter LogToConsole to value 1
Set parameter LogToConsole to value 0
augmented lagrangean iteration 1
Set parameter LogToConsole to value 1
Set parameter LogToConsole to value 0
Set parameter LogToConsole to value 1
Set parameter LogToConsole to value 0
Set parameter LogToConsole to value 1
Set parameter LogToConsole to value 0
augmented lagrangean iteration 2
Set parameter LogToConsole to value 1
Set parameter LogToConsole to value 0
Set parameter LogToConsole to value 1
Set parameter LogToConsole to value 0
Set parameter LogToConsole to value 1
Set parameter LogToConsole to value 0
Set parameter LogToConsole to value 1
Set parameter LogToConsole to value 0
        48      2702.21      2718.92   -1127.8097   -1126.4218   0.1232%
Set parameter LogToConsole to value 1
Set parameter LogToConsole to value 0
Set parameter LogToConsole to value 1
Set parameter LogToConsole to value 0
Set parameter LogToConsole to value 1
Set parameter LogToConsole to value 0
augmented lagrangean iteration 0
Set parameter LogToConsole to value 1
Set parameter LogToConsole to value 0
Set parameter LogToConsole to value 1
Set parameter LogToConsole to value 0
Set parameter LogToConsole to value 1
Set parameter LogToConsole to value 0
augmented lagrangean iteration 1
Set parameter LogToConsole to value 1
Set parameter LogToConsole to value 0
Set parameter LogToConsole to value 1
Set parameter LogToConsole to value 0
Set parameter LogToConsole to value 1
Set parameter LogToConsole to value 0
augmented lagrangean iteration 2
Set parameter LogToConsole to value 1
Set parameter LogToConsole to value 0
Set parameter LogToConsole to value 1
Set parameter LogToConsole to value 0
Set parameter LogToConsole to value 1
Set parameter LogToConsole to value 0
Set parameter LogToConsole to value 1
Set parameter LogToConsole to value 0
Set parameter LogToConsole to value 1
Set parameter LogToConsole to value 0
Set parameter LogToConsole to value 1
Set parameter LogToConsole to value 0
Set parameter LogToConsole to value 1
Set parameter LogToConsole to value 0
augmented lagrangean iteration 0
Set parameter LogToConsole to value 1
Set parameter LogToConsole to value 0
Set parameter LogToConsole to value 1
Set parameter LogToConsole to value 0
Set parameter LogToConsole to value 1
Set parameter LogToConsole to value 0
augmented lagrangean iteration 1
Set parameter LogToConsole to value 1
Set parameter LogToConsole to value 0
Set parameter LogToConsole to value 1
Set parameter LogToConsole to value 0
Set parameter LogToConsole to value 1
Set parameter LogToConsole to value 0
augmented lagrangean iteration 2
Set parameter LogToConsole to value 1
Set parameter LogToConsole to value 0
Set parameter LogToConsole to value 1
Set parameter LogToConsole to value 0
Set parameter LogToConsole to value 1
Set parameter LogToConsole to value 0
Set parameter LogToConsole to value 1
Set parameter LogToConsole to value 0
        49      2753.38      2770.22   -1127.8081   -1126.4218   0.1231%
Set parameter LogToConsole to value 1
Set parameter LogToConsole to value 0
Set parameter LogToConsole to value 1
Set parameter LogToConsole to value 0
Set parameter LogToConsole to value 1
Set parameter LogToConsole to value 0
augmented lagrangean iteration 0
Set parameter LogToConsole to value 1
Set parameter LogToConsole to value 0
Set parameter LogToConsole to value 1
Set parameter LogToConsole to value 0
Set parameter LogToConsole to value 1
Set parameter LogToConsole to value 0
augmented lagrangean iteration 1
Set parameter LogToConsole to value 1
Set parameter LogToConsole to value 0
Set parameter LogToConsole to value 1
Set parameter LogToConsole to value 0
Set parameter LogToConsole to value 1
Set parameter LogToConsole to value 0
augmented lagrangean iteration 2
Set parameter LogToConsole to value 1
Set parameter LogToConsole to value 0
Set parameter LogToConsole to value 1
Set parameter LogToConsole to value 0
Set parameter LogToConsole to value 1
Set parameter LogToConsole to value 0
Set parameter LogToConsole to value 1
Set parameter LogToConsole to value 0
Set parameter LogToConsole to value 1
Set parameter LogToConsole to value 0
Set parameter LogToConsole to value 1
Set parameter LogToConsole to value 0
Set parameter LogToConsole to value 1
Set parameter LogToConsole to value 0
augmented lagrangean iteration 0
Set parameter LogToConsole to value 1
Set parameter LogToConsole to value 0
Set parameter LogToConsole to value 1
Set parameter LogToConsole to value 0
Set parameter LogToConsole to value 1
Set parameter LogToConsole to value 0
augmented lagrangean iteration 1
Set parameter LogToConsole to value 1
Set parameter LogToConsole to value 0
Set parameter LogToConsole to value 1
Set parameter LogToConsole to value 0
Set parameter LogToConsole to value 1
Set parameter LogToConsole to value 0
augmented lagrangean iteration 2
Set parameter LogToConsole to value 1
Set parameter LogToConsole to value 0
Set parameter LogToConsole to value 1
Set parameter LogToConsole to value 0
Set parameter LogToConsole to value 1
Set parameter LogToConsole to value 0
Set parameter LogToConsole to value 1
Set parameter LogToConsole to value 0
        50      2803.65      2820.62   -1127.8020   -1126.4218   0.1225%
Set parameter LogToConsole to value 1
Set parameter LogToConsole to value 0
Set parameter LogToConsole to value 1
Set parameter LogToConsole to value 0
Set parameter LogToConsole to value 1
Set parameter LogToConsole to value 0
augmented lagrangean iteration 0
Set parameter LogToConsole to value 1
Set parameter LogToConsole to value 0
Set parameter LogToConsole to value 1
Set parameter LogToConsole to value 0
Set parameter LogToConsole to value 1
Set parameter LogToConsole to value 0
augmented lagrangean iteration 1
Set parameter LogToConsole to value 1
Set parameter LogToConsole to value 0
Set parameter LogToConsole to value 1
Set parameter LogToConsole to value 0
Set parameter LogToConsole to value 1
Set parameter LogToConsole to value 0
augmented lagrangean iteration 2
Set parameter LogToConsole to value 1
Set parameter LogToConsole to value 0
Set parameter LogToConsole to value 1
Set parameter LogToConsole to value 0
Set parameter LogToConsole to value 1
Set parameter LogToConsole to value 0
Set parameter LogToConsole to value 1
Set parameter LogToConsole to value 0
Set parameter LogToConsole to value 1
Set parameter LogToConsole to value 0
Set parameter LogToConsole to value 1
Set parameter LogToConsole to value 0
Set parameter LogToConsole to value 1
Set parameter LogToConsole to value 0
augmented lagrangean iteration 0
Set parameter LogToConsole to value 1
Set parameter LogToConsole to value 0
Set parameter LogToConsole to value 1
Set parameter LogToConsole to value 0
Set parameter LogToConsole to value 1
Set parameter LogToConsole to value 0
augmented lagrangean iteration 1
Set parameter LogToConsole to value 1
Set parameter LogToConsole to value 0
Set parameter LogToConsole to value 1
Set parameter LogToConsole to value 0
Set parameter LogToConsole to value 1
Set parameter LogToConsole to value 0
augmented lagrangean iteration 2
Set parameter LogToConsole to value 1
Set parameter LogToConsole to value 0
Set parameter LogToConsole to value 1
Set parameter LogToConsole to value 0
Set parameter LogToConsole to value 1
Set parameter LogToConsole to value 0
Set parameter LogToConsole to value 1
Set parameter LogToConsole to value 0
        51      2861.24      2878.34   -1127.8019   -1126.4218   0.1225%
Set parameter LogToConsole to value 1
Set parameter LogToConsole to value 0
Set parameter LogToConsole to value 1
Set parameter LogToConsole to value 0
Set parameter LogToConsole to value 1
Set parameter LogToConsole to value 0
augmented lagrangean iteration 0
Set parameter LogToConsole to value 1
Set parameter LogToConsole to value 0
Set parameter LogToConsole to value 1
Set parameter LogToConsole to value 0
Set parameter LogToConsole to value 1
Set parameter LogToConsole to value 0
augmented lagrangean iteration 1
Set parameter LogToConsole to value 1
Set parameter LogToConsole to value 0
Set parameter LogToConsole to value 1
Set parameter LogToConsole to value 0
Set parameter LogToConsole to value 1
Set parameter LogToConsole to value 0
augmented lagrangean iteration 2
Set parameter LogToConsole to value 1
Set parameter LogToConsole to value 0
Set parameter LogToConsole to value 1
Set parameter LogToConsole to value 0
Set parameter LogToConsole to value 1
Set parameter LogToConsole to value 0
Set parameter LogToConsole to value 1
Set parameter LogToConsole to value 0
Set parameter LogToConsole to value 1
Set parameter LogToConsole to value 0
Set parameter LogToConsole to value 1
Set parameter LogToConsole to value 0
Set parameter LogToConsole to value 1
Set parameter LogToConsole to value 0
augmented lagrangean iteration 0
Set parameter LogToConsole to value 1
Set parameter LogToConsole to value 0
Set parameter LogToConsole to value 1
Set parameter LogToConsole to value 0
Set parameter LogToConsole to value 1
Set parameter LogToConsole to value 0
augmented lagrangean iteration 1
Set parameter LogToConsole to value 1
Set parameter LogToConsole to value 0
Set parameter LogToConsole to value 1
Set parameter LogToConsole to value 0
Set parameter LogToConsole to value 1
Set parameter LogToConsole to value 0
augmented lagrangean iteration 2
Set parameter LogToConsole to value 1
Set parameter LogToConsole to value 0
Set parameter LogToConsole to value 1
Set parameter LogToConsole to value 0
Set parameter LogToConsole to value 1
Set parameter LogToConsole to value 0
Set parameter LogToConsole to value 1
Set parameter LogToConsole to value 0
        52      2912.04      2929.27   -1127.8010   -1126.4218   0.1224%
Set parameter LogToConsole to value 1
Set parameter LogToConsole to value 0
Set parameter LogToConsole to value 1
Set parameter LogToConsole to value 0
Set parameter LogToConsole to value 1
Set parameter LogToConsole to value 0
augmented lagrangean iteration 0
Set parameter LogToConsole to value 1
Set parameter LogToConsole to value 0
Set parameter LogToConsole to value 1
Set parameter LogToConsole to value 0
Set parameter LogToConsole to value 1
Set parameter LogToConsole to value 0
augmented lagrangean iteration 1
Set parameter LogToConsole to value 1
Set parameter LogToConsole to value 0
Set parameter LogToConsole to value 1
Set parameter LogToConsole to value 0
Set parameter LogToConsole to value 1
Set parameter LogToConsole to value 0
augmented lagrangean iteration 2
Set parameter LogToConsole to value 1
Set parameter LogToConsole to value 0
Set parameter LogToConsole to value 1
Set parameter LogToConsole to value 0
Set parameter LogToConsole to value 1
Set parameter LogToConsole to value 0
Set parameter LogToConsole to value 1
Set parameter LogToConsole to value 0
Set parameter LogToConsole to value 1
Set parameter LogToConsole to value 0
Set parameter LogToConsole to value 1
Set parameter LogToConsole to value 0
Set parameter LogToConsole to value 1
Set parameter LogToConsole to value 0
augmented lagrangean iteration 0
Set parameter LogToConsole to value 1
Set parameter LogToConsole to value 0
Set parameter LogToConsole to value 1
Set parameter LogToConsole to value 0
Set parameter LogToConsole to value 1
Set parameter LogToConsole to value 0
augmented lagrangean iteration 1
Set parameter LogToConsole to value 1
Set parameter LogToConsole to value 0
Set parameter LogToConsole to value 1
Set parameter LogToConsole to value 0
Set parameter LogToConsole to value 1
Set parameter LogToConsole to value 0
augmented lagrangean iteration 2
Set parameter LogToConsole to value 1
Set parameter LogToConsole to value 0
Set parameter LogToConsole to value 1
Set parameter LogToConsole to value 0
Set parameter LogToConsole to value 1
Set parameter LogToConsole to value 0
Set parameter LogToConsole to value 1
Set parameter LogToConsole to value 0
        53      2967.84      2985.20   -1127.8003   -1126.4218   0.1224%
Set parameter LogToConsole to value 1
Set parameter LogToConsole to value 0
Set parameter LogToConsole to value 1
Set parameter LogToConsole to value 0
Set parameter LogToConsole to value 1
Set parameter LogToConsole to value 0
augmented lagrangean iteration 0
Set parameter LogToConsole to value 1
Set parameter LogToConsole to value 0
Set parameter LogToConsole to value 1
Set parameter LogToConsole to value 0
Set parameter LogToConsole to value 1
Set parameter LogToConsole to value 0
augmented lagrangean iteration 1
Set parameter LogToConsole to value 1
Set parameter LogToConsole to value 0
Set parameter LogToConsole to value 1
Set parameter LogToConsole to value 0
Set parameter LogToConsole to value 1
Set parameter LogToConsole to value 0
augmented lagrangean iteration 2
Set parameter LogToConsole to value 1
Set parameter LogToConsole to value 0
Set parameter LogToConsole to value 1
Set parameter LogToConsole to value 0
Set parameter LogToConsole to value 1
Set parameter LogToConsole to value 0
Set parameter LogToConsole to value 1
Set parameter LogToConsole to value 0
Set parameter LogToConsole to value 1
Set parameter LogToConsole to value 0
Set parameter LogToConsole to value 1
Set parameter LogToConsole to value 0
Set parameter LogToConsole to value 1
Set parameter LogToConsole to value 0
augmented lagrangean iteration 0
Set parameter LogToConsole to value 1
Set parameter LogToConsole to value 0
Set parameter LogToConsole to value 1
Set parameter LogToConsole to value 0
Set parameter LogToConsole to value 1
Set parameter LogToConsole to value 0
augmented lagrangean iteration 1
Set parameter LogToConsole to value 1
Set parameter LogToConsole to value 0
Set parameter LogToConsole to value 1
Set parameter LogToConsole to value 0
Set parameter LogToConsole to value 1
Set parameter LogToConsole to value 0
augmented lagrangean iteration 2
Set parameter LogToConsole to value 1
Set parameter LogToConsole to value 0
Set parameter LogToConsole to value 1
Set parameter LogToConsole to value 0
Set parameter LogToConsole to value 1
Set parameter LogToConsole to value 0
Set parameter LogToConsole to value 1
Set parameter LogToConsole to value 0
        54      3017.24      3034.72   -1127.7996   -1126.4218   0.1223%
Set parameter LogToConsole to value 1
Set parameter LogToConsole to value 0
Set parameter LogToConsole to value 1
Set parameter LogToConsole to value 0
Set parameter LogToConsole to value 1
Set parameter LogToConsole to value 0
augmented lagrangean iteration 0
Set parameter LogToConsole to value 1
Set parameter LogToConsole to value 0
Set parameter LogToConsole to value 1
Set parameter LogToConsole to value 0
Set parameter LogToConsole to value 1
Set parameter LogToConsole to value 0
augmented lagrangean iteration 1
Set parameter LogToConsole to value 1
Set parameter LogToConsole to value 0
Set parameter LogToConsole to value 1
Set parameter LogToConsole to value 0
Set parameter LogToConsole to value 1
Set parameter LogToConsole to value 0
augmented lagrangean iteration 2
Set parameter LogToConsole to value 1
Set parameter LogToConsole to value 0
Set parameter LogToConsole to value 1
Set parameter LogToConsole to value 0
Set parameter LogToConsole to value 1
Set parameter LogToConsole to value 0
Set parameter LogToConsole to value 1
Set parameter LogToConsole to value 0
Set parameter LogToConsole to value 1
Set parameter LogToConsole to value 0
Set parameter LogToConsole to value 1
Set parameter LogToConsole to value 0
Set parameter LogToConsole to value 1
Set parameter LogToConsole to value 0
augmented lagrangean iteration 0
Set parameter LogToConsole to value 1
Set parameter LogToConsole to value 0
Set parameter LogToConsole to value 1
Set parameter LogToConsole to value 0
Set parameter LogToConsole to value 1
Set parameter LogToConsole to value 0
augmented lagrangean iteration 1
Set parameter LogToConsole to value 1
Set parameter LogToConsole to value 0
Set parameter LogToConsole to value 1
Set parameter LogToConsole to value 0
Set parameter LogToConsole to value 1
Set parameter LogToConsole to value 0
augmented lagrangean iteration 2
Set parameter LogToConsole to value 1
Set parameter LogToConsole to value 0
Set parameter LogToConsole to value 1
Set parameter LogToConsole to value 0
Set parameter LogToConsole to value 1
Set parameter LogToConsole to value 0
Set parameter LogToConsole to value 1
Set parameter LogToConsole to value 0
        55      3075.08      3092.70   -1127.7981   -1126.4218   0.1222%
Set parameter LogToConsole to value 1
Set parameter LogToConsole to value 0
Set parameter LogToConsole to value 1
Set parameter LogToConsole to value 0
Set parameter LogToConsole to value 1
Set parameter LogToConsole to value 0
augmented lagrangean iteration 0
Set parameter LogToConsole to value 1
Set parameter LogToConsole to value 0
Set parameter LogToConsole to value 1
Set parameter LogToConsole to value 0
Set parameter LogToConsole to value 1
Set parameter LogToConsole to value 0
augmented lagrangean iteration 1
Set parameter LogToConsole to value 1
Set parameter LogToConsole to value 0
Set parameter LogToConsole to value 1
Set parameter LogToConsole to value 0
Set parameter LogToConsole to value 1
Set parameter LogToConsole to value 0
augmented lagrangean iteration 2
Set parameter LogToConsole to value 1
Set parameter LogToConsole to value 0
Set parameter LogToConsole to value 1
Set parameter LogToConsole to value 0
Set parameter LogToConsole to value 1
Set parameter LogToConsole to value 0
Set parameter LogToConsole to value 1
Set parameter LogToConsole to value 0
Set parameter LogToConsole to value 1
Set parameter LogToConsole to value 0
Set parameter LogToConsole to value 1
Set parameter LogToConsole to value 0
Set parameter LogToConsole to value 1
Set parameter LogToConsole to value 0
augmented lagrangean iteration 0
Set parameter LogToConsole to value 1
Set parameter LogToConsole to value 0
Set parameter LogToConsole to value 1
Set parameter LogToConsole to value 0
Set parameter LogToConsole to value 1
Set parameter LogToConsole to value 0
augmented lagrangean iteration 1
Set parameter LogToConsole to value 1
Set parameter LogToConsole to value 0
Set parameter LogToConsole to value 1
Set parameter LogToConsole to value 0
Set parameter LogToConsole to value 1
Set parameter LogToConsole to value 0
augmented lagrangean iteration 2
Set parameter LogToConsole to value 1
Set parameter LogToConsole to value 0
Set parameter LogToConsole to value 1
Set parameter LogToConsole to value 0
Set parameter LogToConsole to value 1
Set parameter LogToConsole to value 0
Set parameter LogToConsole to value 1
Set parameter LogToConsole to value 0
        56      3133.82      3151.62   -1127.7967   -1126.4218   0.1221%
Set parameter LogToConsole to value 1
Set parameter LogToConsole to value 0
Set parameter LogToConsole to value 1
Set parameter LogToConsole to value 0
Set parameter LogToConsole to value 1
Set parameter LogToConsole to value 0
augmented lagrangean iteration 0
Set parameter LogToConsole to value 1
Set parameter LogToConsole to value 0
Set parameter LogToConsole to value 1
Set parameter LogToConsole to value 0
Set parameter LogToConsole to value 1
Set parameter LogToConsole to value 0
augmented lagrangean iteration 1
Set parameter LogToConsole to value 1
Set parameter LogToConsole to value 0
Set parameter LogToConsole to value 1
Set parameter LogToConsole to value 0
Set parameter LogToConsole to value 1
Set parameter LogToConsole to value 0
augmented lagrangean iteration 2
Set parameter LogToConsole to value 1
Set parameter LogToConsole to value 0
Set parameter LogToConsole to value 1
Set parameter LogToConsole to value 0
Set parameter LogToConsole to value 1
Set parameter LogToConsole to value 0
Set parameter LogToConsole to value 1
Set parameter LogToConsole to value 0
Set parameter LogToConsole to value 1
Set parameter LogToConsole to value 0
Set parameter LogToConsole to value 1
Set parameter LogToConsole to value 0
Set parameter LogToConsole to value 1
Set parameter LogToConsole to value 0
augmented lagrangean iteration 0
Set parameter LogToConsole to value 1
Set parameter LogToConsole to value 0
Set parameter LogToConsole to value 1
Set parameter LogToConsole to value 0
Set parameter LogToConsole to value 1
Set parameter LogToConsole to value 0
augmented lagrangean iteration 1
Set parameter LogToConsole to value 1
Set parameter LogToConsole to value 0
Set parameter LogToConsole to value 1
Set parameter LogToConsole to value 0
Set parameter LogToConsole to value 1
Set parameter LogToConsole to value 0
augmented lagrangean iteration 2
Set parameter LogToConsole to value 1
Set parameter LogToConsole to value 0
Set parameter LogToConsole to value 1
Set parameter LogToConsole to value 0
Set parameter LogToConsole to value 1
Set parameter LogToConsole to value 0
Set parameter LogToConsole to value 1
Set parameter LogToConsole to value 0
        57      3193.18      3211.10   -1127.7941   -1126.4218   0.1218%
Set parameter LogToConsole to value 1
Set parameter LogToConsole to value 0
Set parameter LogToConsole to value 1
Set parameter LogToConsole to value 0
Set parameter LogToConsole to value 1
Set parameter LogToConsole to value 0
augmented lagrangean iteration 0
Set parameter LogToConsole to value 1
Set parameter LogToConsole to value 0
Set parameter LogToConsole to value 1
Set parameter LogToConsole to value 0
Set parameter LogToConsole to value 1
Set parameter LogToConsole to value 0
augmented lagrangean iteration 1
Set parameter LogToConsole to value 1
Set parameter LogToConsole to value 0
Set parameter LogToConsole to value 1
Set parameter LogToConsole to value 0
Set parameter LogToConsole to value 1
Set parameter LogToConsole to value 0
augmented lagrangean iteration 2
Set parameter LogToConsole to value 1
Set parameter LogToConsole to value 0
Set parameter LogToConsole to value 1
Set parameter LogToConsole to value 0
Set parameter LogToConsole to value 1
Set parameter LogToConsole to value 0
Set parameter LogToConsole to value 1
Set parameter LogToConsole to value 0
Set parameter LogToConsole to value 1
Set parameter LogToConsole to value 0
Set parameter LogToConsole to value 1
Set parameter LogToConsole to value 0
Set parameter LogToConsole to value 1
Set parameter LogToConsole to value 0
augmented lagrangean iteration 0
Set parameter LogToConsole to value 1
Set parameter LogToConsole to value 0
Set parameter LogToConsole to value 1
Set parameter LogToConsole to value 0
Set parameter LogToConsole to value 1
Set parameter LogToConsole to value 0
augmented lagrangean iteration 1
Set parameter LogToConsole to value 1
Set parameter LogToConsole to value 0
Set parameter LogToConsole to value 1
Set parameter LogToConsole to value 0
Set parameter LogToConsole to value 1
Set parameter LogToConsole to value 0
augmented lagrangean iteration 2
Set parameter LogToConsole to value 1
Set parameter LogToConsole to value 0
Set parameter LogToConsole to value 1
Set parameter LogToConsole to value 0
Set parameter LogToConsole to value 1
Set parameter LogToConsole to value 0
Set parameter LogToConsole to value 1
Set parameter LogToConsole to value 0
        58      3243.42      3261.47   -1127.7925   -1126.4218   0.1217%
Set parameter LogToConsole to value 1
Set parameter LogToConsole to value 0
Set parameter LogToConsole to value 1
Set parameter LogToConsole to value 0
Set parameter LogToConsole to value 1
Set parameter LogToConsole to value 0
augmented lagrangean iteration 0
Set parameter LogToConsole to value 1
Set parameter LogToConsole to value 0
Set parameter LogToConsole to value 1
Set parameter LogToConsole to value 0
Set parameter LogToConsole to value 1
Set parameter LogToConsole to value 0
augmented lagrangean iteration 1
Set parameter LogToConsole to value 1
Set parameter LogToConsole to value 0
Set parameter LogToConsole to value 1
Set parameter LogToConsole to value 0
Set parameter LogToConsole to value 1
Set parameter LogToConsole to value 0
augmented lagrangean iteration 2
Set parameter LogToConsole to value 1
Set parameter LogToConsole to value 0
Set parameter LogToConsole to value 1
Set parameter LogToConsole to value 0
Set parameter LogToConsole to value 1
Set parameter LogToConsole to value 0
Set parameter LogToConsole to value 1
Set parameter LogToConsole to value 0
Set parameter LogToConsole to value 1
Set parameter LogToConsole to value 0
Set parameter LogToConsole to value 1
Set parameter LogToConsole to value 0
Set parameter LogToConsole to value 1
Set parameter LogToConsole to value 0
augmented lagrangean iteration 0
Set parameter LogToConsole to value 1
Set parameter LogToConsole to value 0
Set parameter LogToConsole to value 1
Set parameter LogToConsole to value 0
Set parameter LogToConsole to value 1
Set parameter LogToConsole to value 0
augmented lagrangean iteration 1
Set parameter LogToConsole to value 1
Set parameter LogToConsole to value 0
Set parameter LogToConsole to value 1
Set parameter LogToConsole to value 0
Set parameter LogToConsole to value 1
Set parameter LogToConsole to value 0
augmented lagrangean iteration 2
Set parameter LogToConsole to value 1
Set parameter LogToConsole to value 0
Set parameter LogToConsole to value 1
Set parameter LogToConsole to value 0
Set parameter LogToConsole to value 1
Set parameter LogToConsole to value 0
Set parameter LogToConsole to value 1
Set parameter LogToConsole to value 0
        59      3294.49      3312.67   -1127.7910   -1126.4218   0.1216%
Set parameter LogToConsole to value 1
Set parameter LogToConsole to value 0
Set parameter LogToConsole to value 1
Set parameter LogToConsole to value 0
Set parameter LogToConsole to value 1
Set parameter LogToConsole to value 0
augmented lagrangean iteration 0
Set parameter LogToConsole to value 1
Set parameter LogToConsole to value 0
Set parameter LogToConsole to value 1
Set parameter LogToConsole to value 0
Set parameter LogToConsole to value 1
Set parameter LogToConsole to value 0
augmented lagrangean iteration 1
Set parameter LogToConsole to value 1
Set parameter LogToConsole to value 0
Set parameter LogToConsole to value 1
Set parameter LogToConsole to value 0
Set parameter LogToConsole to value 1
Set parameter LogToConsole to value 0
augmented lagrangean iteration 2
Set parameter LogToConsole to value 1
Set parameter LogToConsole to value 0
Set parameter LogToConsole to value 1
Set parameter LogToConsole to value 0
Set parameter LogToConsole to value 1
Set parameter LogToConsole to value 0
Set parameter LogToConsole to value 1
Set parameter LogToConsole to value 0
Set parameter LogToConsole to value 1
Set parameter LogToConsole to value 0
Set parameter LogToConsole to value 1
Set parameter LogToConsole to value 0
Set parameter LogToConsole to value 1
Set parameter LogToConsole to value 0
augmented lagrangean iteration 0
Set parameter LogToConsole to value 1
Set parameter LogToConsole to value 0
Set parameter LogToConsole to value 1
Set parameter LogToConsole to value 0
Set parameter LogToConsole to value 1
Set parameter LogToConsole to value 0
augmented lagrangean iteration 1
Set parameter LogToConsole to value 1
Set parameter LogToConsole to value 0
Set parameter LogToConsole to value 1
Set parameter LogToConsole to value 0
Set parameter LogToConsole to value 1
Set parameter LogToConsole to value 0
augmented lagrangean iteration 2
Set parameter LogToConsole to value 1
Set parameter LogToConsole to value 0
Set parameter LogToConsole to value 1
Set parameter LogToConsole to value 0
Set parameter LogToConsole to value 1
Set parameter LogToConsole to value 0
Set parameter LogToConsole to value 1
Set parameter LogToConsole to value 0
        60      3345.84      3364.14   -1127.7887   -1126.4218   0.1214%
Set parameter LogToConsole to value 1
Set parameter LogToConsole to value 0
Set parameter LogToConsole to value 1
Set parameter LogToConsole to value 0
Set parameter LogToConsole to value 1
Set parameter LogToConsole to value 0
augmented lagrangean iteration 0
Set parameter LogToConsole to value 1
Set parameter LogToConsole to value 0
Set parameter LogToConsole to value 1
Set parameter LogToConsole to value 0
Set parameter LogToConsole to value 1
Set parameter LogToConsole to value 0
augmented lagrangean iteration 1
Set parameter LogToConsole to value 1
Set parameter LogToConsole to value 0
Set parameter LogToConsole to value 1
Set parameter LogToConsole to value 0
Set parameter LogToConsole to value 1
Set parameter LogToConsole to value 0
augmented lagrangean iteration 2
Set parameter LogToConsole to value 1
Set parameter LogToConsole to value 0
Set parameter LogToConsole to value 1
Set parameter LogToConsole to value 0
Set parameter LogToConsole to value 1
Set parameter LogToConsole to value 0
Set parameter LogToConsole to value 1
Set parameter LogToConsole to value 0
Set parameter LogToConsole to value 1
Set parameter LogToConsole to value 0
Set parameter LogToConsole to value 1
Set parameter LogToConsole to value 0
Set parameter LogToConsole to value 1
Set parameter LogToConsole to value 0
augmented lagrangean iteration 0
Set parameter LogToConsole to value 1
Set parameter LogToConsole to value 0
Set parameter LogToConsole to value 1
Set parameter LogToConsole to value 0
Set parameter LogToConsole to value 1
Set parameter LogToConsole to value 0
augmented lagrangean iteration 1
Set parameter LogToConsole to value 1
Set parameter LogToConsole to value 0
Set parameter LogToConsole to value 1
Set parameter LogToConsole to value 0
Set parameter LogToConsole to value 1
Set parameter LogToConsole to value 0
augmented lagrangean iteration 2
Set parameter LogToConsole to value 1
Set parameter LogToConsole to value 0
Set parameter LogToConsole to value 1
Set parameter LogToConsole to value 0
Set parameter LogToConsole to value 1
Set parameter LogToConsole to value 0
Set parameter LogToConsole to value 1
Set parameter LogToConsole to value 0
        61      3408.72      3427.15   -1127.7886   -1126.4218   0.1213%
Set parameter LogToConsole to value 1
Set parameter LogToConsole to value 0
Set parameter LogToConsole to value 1
Set parameter LogToConsole to value 0
Set parameter LogToConsole to value 1
Set parameter LogToConsole to value 0
augmented lagrangean iteration 0
Set parameter LogToConsole to value 1
Set parameter LogToConsole to value 0
Set parameter LogToConsole to value 1
Set parameter LogToConsole to value 0
Set parameter LogToConsole to value 1
Set parameter LogToConsole to value 0
augmented lagrangean iteration 1
Set parameter LogToConsole to value 1
Set parameter LogToConsole to value 0
Set parameter LogToConsole to value 1
Set parameter LogToConsole to value 0
Set parameter LogToConsole to value 1
Set parameter LogToConsole to value 0
augmented lagrangean iteration 2
Set parameter LogToConsole to value 1
Set parameter LogToConsole to value 0
Set parameter LogToConsole to value 1
Set parameter LogToConsole to value 0
Set parameter LogToConsole to value 1
Set parameter LogToConsole to value 0
Set parameter LogToConsole to value 1
Set parameter LogToConsole to value 0
Set parameter LogToConsole to value 1
Set parameter LogToConsole to value 0
Set parameter LogToConsole to value 1
Set parameter LogToConsole to value 0
Set parameter LogToConsole to value 1
Set parameter LogToConsole to value 0
augmented lagrangean iteration 0
Set parameter LogToConsole to value 1
Set parameter LogToConsole to value 0
Set parameter LogToConsole to value 1
Set parameter LogToConsole to value 0
Set parameter LogToConsole to value 1
Set parameter LogToConsole to value 0
augmented lagrangean iteration 1
Set parameter LogToConsole to value 1
Set parameter LogToConsole to value 0
Set parameter LogToConsole to value 1
Set parameter LogToConsole to value 0
Set parameter LogToConsole to value 1
Set parameter LogToConsole to value 0
augmented lagrangean iteration 2
Set parameter LogToConsole to value 1
Set parameter LogToConsole to value 0
Set parameter LogToConsole to value 1
Set parameter LogToConsole to value 0
Set parameter LogToConsole to value 1
Set parameter LogToConsole to value 0
Set parameter LogToConsole to value 1
Set parameter LogToConsole to value 0
        62      3461.55      3480.11   -1127.7865   -1126.4218   0.1211%
Set parameter LogToConsole to value 1
Set parameter LogToConsole to value 0
Set parameter LogToConsole to value 1
Set parameter LogToConsole to value 0
Set parameter LogToConsole to value 1
Set parameter LogToConsole to value 0
augmented lagrangean iteration 0
Set parameter LogToConsole to value 1
Set parameter LogToConsole to value 0
Set parameter LogToConsole to value 1
Set parameter LogToConsole to value 0
Set parameter LogToConsole to value 1
Set parameter LogToConsole to value 0
augmented lagrangean iteration 1
Set parameter LogToConsole to value 1
Set parameter LogToConsole to value 0
Set parameter LogToConsole to value 1
Set parameter LogToConsole to value 0
Set parameter LogToConsole to value 1
Set parameter LogToConsole to value 0
augmented lagrangean iteration 2
Set parameter LogToConsole to value 1
Set parameter LogToConsole to value 0
Set parameter LogToConsole to value 1
Set parameter LogToConsole to value 0
Set parameter LogToConsole to value 1
Set parameter LogToConsole to value 0
Set parameter LogToConsole to value 1
Set parameter LogToConsole to value 0
Set parameter LogToConsole to value 1
Set parameter LogToConsole to value 0
Set parameter LogToConsole to value 1
Set parameter LogToConsole to value 0
Set parameter LogToConsole to value 1
Set parameter LogToConsole to value 0
augmented lagrangean iteration 0
Set parameter LogToConsole to value 1
Set parameter LogToConsole to value 0
Set parameter LogToConsole to value 1
Set parameter LogToConsole to value 0
Set parameter LogToConsole to value 1
Set parameter LogToConsole to value 0
augmented lagrangean iteration 1
Set parameter LogToConsole to value 1
Set parameter LogToConsole to value 0
Set parameter LogToConsole to value 1
Set parameter LogToConsole to value 0
Set parameter LogToConsole to value 1
Set parameter LogToConsole to value 0
augmented lagrangean iteration 2
Set parameter LogToConsole to value 1
Set parameter LogToConsole to value 0
Set parameter LogToConsole to value 1
Set parameter LogToConsole to value 0
Set parameter LogToConsole to value 1
Set parameter LogToConsole to value 0
Set parameter LogToConsole to value 1
Set parameter LogToConsole to value 0
        63      3518.59      3537.28   -1127.7862   -1126.4218   0.1211%
Set parameter LogToConsole to value 1
Set parameter LogToConsole to value 0
Set parameter LogToConsole to value 1
Set parameter LogToConsole to value 0
Set parameter LogToConsole to value 1
Set parameter LogToConsole to value 0
augmented lagrangean iteration 0
Set parameter LogToConsole to value 1
Set parameter LogToConsole to value 0
Set parameter LogToConsole to value 1
Set parameter LogToConsole to value 0
Set parameter LogToConsole to value 1
Set parameter LogToConsole to value 0
augmented lagrangean iteration 1
Set parameter LogToConsole to value 1
Set parameter LogToConsole to value 0
Set parameter LogToConsole to value 1
Set parameter LogToConsole to value 0
Set parameter LogToConsole to value 1
Set parameter LogToConsole to value 0
augmented lagrangean iteration 2
Set parameter LogToConsole to value 1
Set parameter LogToConsole to value 0
Set parameter LogToConsole to value 1
Set parameter LogToConsole to value 0
Set parameter LogToConsole to value 1
Set parameter LogToConsole to value 0
Set parameter LogToConsole to value 1
Set parameter LogToConsole to value 0
Set parameter LogToConsole to value 1
Set parameter LogToConsole to value 0
Set parameter LogToConsole to value 1
Set parameter LogToConsole to value 0
Set parameter LogToConsole to value 1
Set parameter LogToConsole to value 0
augmented lagrangean iteration 0
Set parameter LogToConsole to value 1
Set parameter LogToConsole to value 0
Set parameter LogToConsole to value 1
Set parameter LogToConsole to value 0
Set parameter LogToConsole to value 1
Set parameter LogToConsole to value 0
augmented lagrangean iteration 1
Set parameter LogToConsole to value 1
Set parameter LogToConsole to value 0
Set parameter LogToConsole to value 1
Set parameter LogToConsole to value 0
Set parameter LogToConsole to value 1
Set parameter LogToConsole to value 0
augmented lagrangean iteration 2
Set parameter LogToConsole to value 1
Set parameter LogToConsole to value 0
Set parameter LogToConsole to value 1
Set parameter LogToConsole to value 0
Set parameter LogToConsole to value 1
Set parameter LogToConsole to value 0
Set parameter LogToConsole to value 1
Set parameter LogToConsole to value 0
        64      3570.09      3588.90   -1127.7854   -1126.4218   0.1211%
Set parameter LogToConsole to value 1
Set parameter LogToConsole to value 0
Set parameter LogToConsole to value 1
Set parameter LogToConsole to value 0
Set parameter LogToConsole to value 1
Set parameter LogToConsole to value 0
augmented lagrangean iteration 0
Set parameter LogToConsole to value 1
Set parameter LogToConsole to value 0
Set parameter LogToConsole to value 1
Set parameter LogToConsole to value 0
Set parameter LogToConsole to value 1
Set parameter LogToConsole to value 0
augmented lagrangean iteration 1
Set parameter LogToConsole to value 1
Set parameter LogToConsole to value 0
Set parameter LogToConsole to value 1
Set parameter LogToConsole to value 0
Set parameter LogToConsole to value 1
Set parameter LogToConsole to value 0
augmented lagrangean iteration 2
Set parameter LogToConsole to value 1
Set parameter LogToConsole to value 0
Set parameter LogToConsole to value 1
Set parameter LogToConsole to value 0
Set parameter LogToConsole to value 1
Set parameter LogToConsole to value 0
Set parameter LogToConsole to value 1
Set parameter LogToConsole to value 0
Set parameter LogToConsole to value 1
Set parameter LogToConsole to value 0
Set parameter LogToConsole to value 1
Set parameter LogToConsole to value 0
Set parameter LogToConsole to value 1
Set parameter LogToConsole to value 0
augmented lagrangean iteration 0
Set parameter LogToConsole to value 1
Set parameter LogToConsole to value 0
Set parameter LogToConsole to value 1
Set parameter LogToConsole to value 0
Set parameter LogToConsole to value 1
Set parameter LogToConsole to value 0
augmented lagrangean iteration 1
Set parameter LogToConsole to value 1
Set parameter LogToConsole to value 0
Set parameter LogToConsole to value 1
Set parameter LogToConsole to value 0
Set parameter LogToConsole to value 1
Set parameter LogToConsole to value 0
augmented lagrangean iteration 2
Set parameter LogToConsole to value 1
Set parameter LogToConsole to value 0
Set parameter LogToConsole to value 1
Set parameter LogToConsole to value 0
Set parameter LogToConsole to value 1
Set parameter LogToConsole to value 0
Set parameter LogToConsole to value 1
Set parameter LogToConsole to value 0
        65      3627.15      3646.09   -1127.7847   -1126.4218   0.1210%
Set parameter LogToConsole to value 1
Set parameter LogToConsole to value 0
Set parameter LogToConsole to value 1
Set parameter LogToConsole to value 0
Set parameter LogToConsole to value 1
Set parameter LogToConsole to value 0
augmented lagrangean iteration 0
Set parameter LogToConsole to value 1
Set parameter LogToConsole to value 0
Set parameter LogToConsole to value 1
Set parameter LogToConsole to value 0
Set parameter LogToConsole to value 1
Set parameter LogToConsole to value 0
augmented lagrangean iteration 1
Set parameter LogToConsole to value 1
Set parameter LogToConsole to value 0
Set parameter LogToConsole to value 1
Set parameter LogToConsole to value 0
Set parameter LogToConsole to value 1
Set parameter LogToConsole to value 0
augmented lagrangean iteration 2
Set parameter LogToConsole to value 1
Set parameter LogToConsole to value 0
Set parameter LogToConsole to value 1
Set parameter LogToConsole to value 0
Set parameter LogToConsole to value 1
Set parameter LogToConsole to value 0
Set parameter LogToConsole to value 1
Set parameter LogToConsole to value 0
Set parameter LogToConsole to value 1
Set parameter LogToConsole to value 0
Set parameter LogToConsole to value 1
Set parameter LogToConsole to value 0
Set parameter LogToConsole to value 1
Set parameter LogToConsole to value 0
augmented lagrangean iteration 0
Set parameter LogToConsole to value 1
Set parameter LogToConsole to value 0
Set parameter LogToConsole to value 1
Set parameter LogToConsole to value 0
Set parameter LogToConsole to value 1
Set parameter LogToConsole to value 0
augmented lagrangean iteration 1
Set parameter LogToConsole to value 1
Set parameter LogToConsole to value 0
Set parameter LogToConsole to value 1
Set parameter LogToConsole to value 0
Set parameter LogToConsole to value 1
Set parameter LogToConsole to value 0
augmented lagrangean iteration 2
Set parameter LogToConsole to value 1
Set parameter LogToConsole to value 0
Set parameter LogToConsole to value 1
Set parameter LogToConsole to value 0
Set parameter LogToConsole to value 1
Set parameter LogToConsole to value 0
Set parameter LogToConsole to value 1
Set parameter LogToConsole to value 0
        66      3679.26      3698.33   -1127.7843   -1126.4218   0.1210%
Set parameter LogToConsole to value 1
Set parameter LogToConsole to value 0
Set parameter LogToConsole to value 1
Set parameter LogToConsole to value 0
Set parameter LogToConsole to value 1
Set parameter LogToConsole to value 0
augmented lagrangean iteration 0
Set parameter LogToConsole to value 1
Set parameter LogToConsole to value 0
Set parameter LogToConsole to value 1
Set parameter LogToConsole to value 0
Set parameter LogToConsole to value 1
Set parameter LogToConsole to value 0
augmented lagrangean iteration 1
Set parameter LogToConsole to value 1
Set parameter LogToConsole to value 0
Set parameter LogToConsole to value 1
Set parameter LogToConsole to value 0
Set parameter LogToConsole to value 1
Set parameter LogToConsole to value 0
augmented lagrangean iteration 2
Set parameter LogToConsole to value 1
Set parameter LogToConsole to value 0
Set parameter LogToConsole to value 1
Set parameter LogToConsole to value 0
Set parameter LogToConsole to value 1
Set parameter LogToConsole to value 0
Set parameter LogToConsole to value 1
Set parameter LogToConsole to value 0
Set parameter LogToConsole to value 1
Set parameter LogToConsole to value 0
Set parameter LogToConsole to value 1
Set parameter LogToConsole to value 0
Set parameter LogToConsole to value 1
Set parameter LogToConsole to value 0
augmented lagrangean iteration 0
Set parameter LogToConsole to value 1
Set parameter LogToConsole to value 0
Set parameter LogToConsole to value 1
Set parameter LogToConsole to value 0
Set parameter LogToConsole to value 1
Set parameter LogToConsole to value 0
augmented lagrangean iteration 1
Set parameter LogToConsole to value 1
Set parameter LogToConsole to value 0
Set parameter LogToConsole to value 1
Set parameter LogToConsole to value 0
Set parameter LogToConsole to value 1
Set parameter LogToConsole to value 0
augmented lagrangean iteration 2
Set parameter LogToConsole to value 1
Set parameter LogToConsole to value 0
Set parameter LogToConsole to value 1
Set parameter LogToConsole to value 0
Set parameter LogToConsole to value 1
Set parameter LogToConsole to value 0
Set parameter LogToConsole to value 1
Set parameter LogToConsole to value 0
        67      3729.57      3748.78   -1127.7821   -1126.4218   0.1208%
Set parameter LogToConsole to value 1
Set parameter LogToConsole to value 0
Set parameter LogToConsole to value 1
Set parameter LogToConsole to value 0
Set parameter LogToConsole to value 1
Set parameter LogToConsole to value 0
augmented lagrangean iteration 0
Set parameter LogToConsole to value 1
Set parameter LogToConsole to value 0
Set parameter LogToConsole to value 1
Set parameter LogToConsole to value 0
Set parameter LogToConsole to value 1
Set parameter LogToConsole to value 0
augmented lagrangean iteration 1
Set parameter LogToConsole to value 1
Set parameter LogToConsole to value 0
Set parameter LogToConsole to value 1
Set parameter LogToConsole to value 0
Set parameter LogToConsole to value 1
Set parameter LogToConsole to value 0
augmented lagrangean iteration 2
Set parameter LogToConsole to value 1
Set parameter LogToConsole to value 0
Set parameter LogToConsole to value 1
Set parameter LogToConsole to value 0
Set parameter LogToConsole to value 1
Set parameter LogToConsole to value 0
Set parameter LogToConsole to value 1
Set parameter LogToConsole to value 0
Set parameter LogToConsole to value 1
Set parameter LogToConsole to value 0
Set parameter LogToConsole to value 1
Set parameter LogToConsole to value 0
Set parameter LogToConsole to value 1
Set parameter LogToConsole to value 0
augmented lagrangean iteration 0
Set parameter LogToConsole to value 1
Set parameter LogToConsole to value 0
Set parameter LogToConsole to value 1
Set parameter LogToConsole to value 0
Set parameter LogToConsole to value 1
Set parameter LogToConsole to value 0
augmented lagrangean iteration 1
Set parameter LogToConsole to value 1
Set parameter LogToConsole to value 0
Set parameter LogToConsole to value 1
Set parameter LogToConsole to value 0
Set parameter LogToConsole to value 1
Set parameter LogToConsole to value 0
augmented lagrangean iteration 2
Set parameter LogToConsole to value 1
Set parameter LogToConsole to value 0
Set parameter LogToConsole to value 1
Set parameter LogToConsole to value 0
Set parameter LogToConsole to value 1
Set parameter LogToConsole to value 0
Set parameter LogToConsole to value 1
Set parameter LogToConsole to value 0
        68      3779.56      3798.90   -1127.7820   -1126.4218   0.1208%
Set parameter LogToConsole to value 1
Set parameter LogToConsole to value 0
Set parameter LogToConsole to value 1
Set parameter LogToConsole to value 0
Set parameter LogToConsole to value 1
Set parameter LogToConsole to value 0
augmented lagrangean iteration 0
Set parameter LogToConsole to value 1
Set parameter LogToConsole to value 0
Set parameter LogToConsole to value 1
Set parameter LogToConsole to value 0
Set parameter LogToConsole to value 1
Set parameter LogToConsole to value 0
augmented lagrangean iteration 1
Set parameter LogToConsole to value 1
Set parameter LogToConsole to value 0
Set parameter LogToConsole to value 1
Set parameter LogToConsole to value 0
Set parameter LogToConsole to value 1
Set parameter LogToConsole to value 0
augmented lagrangean iteration 2
Set parameter LogToConsole to value 1
Set parameter LogToConsole to value 0
Set parameter LogToConsole to value 1
Set parameter LogToConsole to value 0
Set parameter LogToConsole to value 1
Set parameter LogToConsole to value 0
Set parameter LogToConsole to value 1
Set parameter LogToConsole to value 0
Set parameter LogToConsole to value 1
Set parameter LogToConsole to value 0
Set parameter LogToConsole to value 1
Set parameter LogToConsole to value 0
Set parameter LogToConsole to value 1
Set parameter LogToConsole to value 0
augmented lagrangean iteration 0
Set parameter LogToConsole to value 1
Set parameter LogToConsole to value 0
Set parameter LogToConsole to value 1
Set parameter LogToConsole to value 0
Set parameter LogToConsole to value 1
Set parameter LogToConsole to value 0
augmented lagrangean iteration 1
Set parameter LogToConsole to value 1
Set parameter LogToConsole to value 0
Set parameter LogToConsole to value 1
Set parameter LogToConsole to value 0
Set parameter LogToConsole to value 1
Set parameter LogToConsole to value 0
augmented lagrangean iteration 2
Set parameter LogToConsole to value 1
Set parameter LogToConsole to value 0
Set parameter LogToConsole to value 1
Set parameter LogToConsole to value 0
Set parameter LogToConsole to value 1
Set parameter LogToConsole to value 0
Set parameter LogToConsole to value 1
Set parameter LogToConsole to value 0
        69      3835.30      3854.78   -1127.7792   -1126.4218   0.1205%
Set parameter LogToConsole to value 1
Set parameter LogToConsole to value 0
Set parameter LogToConsole to value 1
Set parameter LogToConsole to value 0
Set parameter LogToConsole to value 1
Set parameter LogToConsole to value 0
augmented lagrangean iteration 0
Set parameter LogToConsole to value 1
Set parameter LogToConsole to value 0
Set parameter LogToConsole to value 1
Set parameter LogToConsole to value 0
Set parameter LogToConsole to value 1
Set parameter LogToConsole to value 0
augmented lagrangean iteration 1
Set parameter LogToConsole to value 1
Set parameter LogToConsole to value 0
Set parameter LogToConsole to value 1
Set parameter LogToConsole to value 0
Set parameter LogToConsole to value 1
Set parameter LogToConsole to value 0
augmented lagrangean iteration 2
Set parameter LogToConsole to value 1
Set parameter LogToConsole to value 0
Set parameter LogToConsole to value 1
Set parameter LogToConsole to value 0
Set parameter LogToConsole to value 1
Set parameter LogToConsole to value 0
Set parameter LogToConsole to value 1
Set parameter LogToConsole to value 0
Set parameter LogToConsole to value 1
Set parameter LogToConsole to value 0
Set parameter LogToConsole to value 1
Set parameter LogToConsole to value 0
Set parameter LogToConsole to value 1
Set parameter LogToConsole to value 0
augmented lagrangean iteration 0
Set parameter LogToConsole to value 1
Set parameter LogToConsole to value 0
Set parameter LogToConsole to value 1
Set parameter LogToConsole to value 0
Set parameter LogToConsole to value 1
Set parameter LogToConsole to value 0
augmented lagrangean iteration 1
Set parameter LogToConsole to value 1
Set parameter LogToConsole to value 0
Set parameter LogToConsole to value 1
Set parameter LogToConsole to value 0
Set parameter LogToConsole to value 1
Set parameter LogToConsole to value 0
augmented lagrangean iteration 2
Set parameter LogToConsole to value 1
Set parameter LogToConsole to value 0
Set parameter LogToConsole to value 1
Set parameter LogToConsole to value 0
Set parameter LogToConsole to value 1
Set parameter LogToConsole to value 0
Set parameter LogToConsole to value 1
Set parameter LogToConsole to value 0
        70      3893.27      3912.88   -1127.7773   -1126.4218   0.1203%
Set parameter LogToConsole to value 1
Set parameter LogToConsole to value 0
Set parameter LogToConsole to value 1
Set parameter LogToConsole to value 0
Set parameter LogToConsole to value 1
Set parameter LogToConsole to value 0
augmented lagrangean iteration 0
Set parameter LogToConsole to value 1
Set parameter LogToConsole to value 0
Set parameter LogToConsole to value 1
Set parameter LogToConsole to value 0
Set parameter LogToConsole to value 1
Set parameter LogToConsole to value 0
augmented lagrangean iteration 1
Set parameter LogToConsole to value 1
Set parameter LogToConsole to value 0
Set parameter LogToConsole to value 1
Set parameter LogToConsole to value 0
Set parameter LogToConsole to value 1
Set parameter LogToConsole to value 0
augmented lagrangean iteration 2
Set parameter LogToConsole to value 1
Set parameter LogToConsole to value 0
Set parameter LogToConsole to value 1
Set parameter LogToConsole to value 0
Set parameter LogToConsole to value 1
Set parameter LogToConsole to value 0
Set parameter LogToConsole to value 1
Set parameter LogToConsole to value 0
Set parameter LogToConsole to value 1
Set parameter LogToConsole to value 0
Set parameter LogToConsole to value 1
Set parameter LogToConsole to value 0
Set parameter LogToConsole to value 1
Set parameter LogToConsole to value 0
augmented lagrangean iteration 0
Set parameter LogToConsole to value 1
Set parameter LogToConsole to value 0
Set parameter LogToConsole to value 1
Set parameter LogToConsole to value 0
Set parameter LogToConsole to value 1
Set parameter LogToConsole to value 0
augmented lagrangean iteration 1
Set parameter LogToConsole to value 1
Set parameter LogToConsole to value 0
Set parameter LogToConsole to value 1
Set parameter LogToConsole to value 0
Set parameter LogToConsole to value 1
Set parameter LogToConsole to value 0
augmented lagrangean iteration 2
Set parameter LogToConsole to value 1
Set parameter LogToConsole to value 0
Set parameter LogToConsole to value 1
Set parameter LogToConsole to value 0
Set parameter LogToConsole to value 1
Set parameter LogToConsole to value 0
Set parameter LogToConsole to value 1
Set parameter LogToConsole to value 0
        71      3954.29      3974.02   -1127.7766   -1126.4218   0.1203%
Set parameter LogToConsole to value 1
Set parameter LogToConsole to value 0
Set parameter LogToConsole to value 1
Set parameter LogToConsole to value 0
Set parameter LogToConsole to value 1
Set parameter LogToConsole to value 0
augmented lagrangean iteration 0
Set parameter LogToConsole to value 1
Set parameter LogToConsole to value 0
Set parameter LogToConsole to value 1
Set parameter LogToConsole to value 0
Set parameter LogToConsole to value 1
Set parameter LogToConsole to value 0
augmented lagrangean iteration 1
Set parameter LogToConsole to value 1
Set parameter LogToConsole to value 0
Set parameter LogToConsole to value 1
Set parameter LogToConsole to value 0
Set parameter LogToConsole to value 1
Set parameter LogToConsole to value 0
augmented lagrangean iteration 2
Set parameter LogToConsole to value 1
Set parameter LogToConsole to value 0
Set parameter LogToConsole to value 1
Set parameter LogToConsole to value 0
Set parameter LogToConsole to value 1
Set parameter LogToConsole to value 0
Set parameter LogToConsole to value 1
Set parameter LogToConsole to value 0
Set parameter LogToConsole to value 1
Set parameter LogToConsole to value 0
Set parameter LogToConsole to value 1
Set parameter LogToConsole to value 0
Set parameter LogToConsole to value 1
Set parameter LogToConsole to value 0
augmented lagrangean iteration 0
Set parameter LogToConsole to value 1
Set parameter LogToConsole to value 0
Set parameter LogToConsole to value 1
Set parameter LogToConsole to value 0
Set parameter LogToConsole to value 1
Set parameter LogToConsole to value 0
augmented lagrangean iteration 1
Set parameter LogToConsole to value 1
Set parameter LogToConsole to value 0
Set parameter LogToConsole to value 1
Set parameter LogToConsole to value 0
Set parameter LogToConsole to value 1
Set parameter LogToConsole to value 0
augmented lagrangean iteration 2
Set parameter LogToConsole to value 1
Set parameter LogToConsole to value 0
Set parameter LogToConsole to value 1
Set parameter LogToConsole to value 0
Set parameter LogToConsole to value 1
Set parameter LogToConsole to value 0
Set parameter LogToConsole to value 1
Set parameter LogToConsole to value 0
        72      4004.00      4023.87   -1127.7749   -1126.4218   0.1201%
Set parameter LogToConsole to value 1
Set parameter LogToConsole to value 0
Set parameter LogToConsole to value 1
Set parameter LogToConsole to value 0
Set parameter LogToConsole to value 1
Set parameter LogToConsole to value 0
augmented lagrangean iteration 0
Set parameter LogToConsole to value 1
Set parameter LogToConsole to value 0
Set parameter LogToConsole to value 1
Set parameter LogToConsole to value 0
Set parameter LogToConsole to value 1
Set parameter LogToConsole to value 0
augmented lagrangean iteration 1
Set parameter LogToConsole to value 1
Set parameter LogToConsole to value 0
Set parameter LogToConsole to value 1
Set parameter LogToConsole to value 0
Set parameter LogToConsole to value 1
Set parameter LogToConsole to value 0
augmented lagrangean iteration 2
Set parameter LogToConsole to value 1
Set parameter LogToConsole to value 0
Set parameter LogToConsole to value 1
Set parameter LogToConsole to value 0
Set parameter LogToConsole to value 1
Set parameter LogToConsole to value 0
Set parameter LogToConsole to value 1
Set parameter LogToConsole to value 0
Set parameter LogToConsole to value 1
Set parameter LogToConsole to value 0
Set parameter LogToConsole to value 1
Set parameter LogToConsole to value 0
Set parameter LogToConsole to value 1
Set parameter LogToConsole to value 0
augmented lagrangean iteration 0
Set parameter LogToConsole to value 1
Set parameter LogToConsole to value 0
Set parameter LogToConsole to value 1
Set parameter LogToConsole to value 0
Set parameter LogToConsole to value 1
Set parameter LogToConsole to value 0
augmented lagrangean iteration 1
Set parameter LogToConsole to value 1
Set parameter LogToConsole to value 0
Set parameter LogToConsole to value 1
Set parameter LogToConsole to value 0
Set parameter LogToConsole to value 1
Set parameter LogToConsole to value 0
augmented lagrangean iteration 2
Set parameter LogToConsole to value 1
Set parameter LogToConsole to value 0
Set parameter LogToConsole to value 1
Set parameter LogToConsole to value 0
Set parameter LogToConsole to value 1
Set parameter LogToConsole to value 0
Set parameter LogToConsole to value 1
Set parameter LogToConsole to value 0
        73      4053.50      4073.50   -1127.7737   -1126.4218   0.1200%
Set parameter LogToConsole to value 1
Set parameter LogToConsole to value 0
Set parameter LogToConsole to value 1
Set parameter LogToConsole to value 0
Set parameter LogToConsole to value 1
Set parameter LogToConsole to value 0
augmented lagrangean iteration 0
Set parameter LogToConsole to value 1
Set parameter LogToConsole to value 0
Set parameter LogToConsole to value 1
Set parameter LogToConsole to value 0
Set parameter LogToConsole to value 1
Set parameter LogToConsole to value 0
augmented lagrangean iteration 1
Set parameter LogToConsole to value 1
Set parameter LogToConsole to value 0
Set parameter LogToConsole to value 1
Set parameter LogToConsole to value 0
Set parameter LogToConsole to value 1
Set parameter LogToConsole to value 0
augmented lagrangean iteration 2
Set parameter LogToConsole to value 1
Set parameter LogToConsole to value 0
Set parameter LogToConsole to value 1
Set parameter LogToConsole to value 0
Set parameter LogToConsole to value 1
Set parameter LogToConsole to value 0
Set parameter LogToConsole to value 1
Set parameter LogToConsole to value 0
Set parameter LogToConsole to value 1
Set parameter LogToConsole to value 0
Set parameter LogToConsole to value 1
Set parameter LogToConsole to value 0
Set parameter LogToConsole to value 1
Set parameter LogToConsole to value 0
augmented lagrangean iteration 0
Set parameter LogToConsole to value 1
Set parameter LogToConsole to value 0
Set parameter LogToConsole to value 1
Set parameter LogToConsole to value 0
Set parameter LogToConsole to value 1
Set parameter LogToConsole to value 0
augmented lagrangean iteration 1
Set parameter LogToConsole to value 1
Set parameter LogToConsole to value 0
Set parameter LogToConsole to value 1
Set parameter LogToConsole to value 0
Set parameter LogToConsole to value 1
Set parameter LogToConsole to value 0
augmented lagrangean iteration 2
Set parameter LogToConsole to value 1
Set parameter LogToConsole to value 0
Set parameter LogToConsole to value 1
Set parameter LogToConsole to value 0
Set parameter LogToConsole to value 1
Set parameter LogToConsole to value 0
Set parameter LogToConsole to value 1
Set parameter LogToConsole to value 0
        74      4115.90      4136.02   -1127.7701   -1126.4218   0.1197%
Set parameter LogToConsole to value 1
Set parameter LogToConsole to value 0
Set parameter LogToConsole to value 1
Set parameter LogToConsole to value 0
Set parameter LogToConsole to value 1
Set parameter LogToConsole to value 0
augmented lagrangean iteration 0
Set parameter LogToConsole to value 1
Set parameter LogToConsole to value 0
Set parameter LogToConsole to value 1
Set parameter LogToConsole to value 0
Set parameter LogToConsole to value 1
Set parameter LogToConsole to value 0
augmented lagrangean iteration 1
Set parameter LogToConsole to value 1
Set parameter LogToConsole to value 0
Set parameter LogToConsole to value 1
Set parameter LogToConsole to value 0
Set parameter LogToConsole to value 1
Set parameter LogToConsole to value 0
augmented lagrangean iteration 2
Set parameter LogToConsole to value 1
Set parameter LogToConsole to value 0
Set parameter LogToConsole to value 1
Set parameter LogToConsole to value 0
Set parameter LogToConsole to value 1
Set parameter LogToConsole to value 0
Set parameter LogToConsole to value 1
Set parameter LogToConsole to value 0
Set parameter LogToConsole to value 1
Set parameter LogToConsole to value 0
Set parameter LogToConsole to value 1
Set parameter LogToConsole to value 0
Set parameter LogToConsole to value 1
Set parameter LogToConsole to value 0
augmented lagrangean iteration 0
Set parameter LogToConsole to value 1
Set parameter LogToConsole to value 0
Set parameter LogToConsole to value 1
Set parameter LogToConsole to value 0
Set parameter LogToConsole to value 1
Set parameter LogToConsole to value 0
augmented lagrangean iteration 1
Set parameter LogToConsole to value 1
Set parameter LogToConsole to value 0
Set parameter LogToConsole to value 1
Set parameter LogToConsole to value 0
Set parameter LogToConsole to value 1
Set parameter LogToConsole to value 0
augmented lagrangean iteration 2
Set parameter LogToConsole to value 1
Set parameter LogToConsole to value 0
Set parameter LogToConsole to value 1
Set parameter LogToConsole to value 0
Set parameter LogToConsole to value 1
Set parameter LogToConsole to value 0
Set parameter LogToConsole to value 1
Set parameter LogToConsole to value 0
        75      4177.33      4197.58   -1127.7688   -1126.4218   0.1196%
Set parameter LogToConsole to value 1
Set parameter LogToConsole to value 0
Set parameter LogToConsole to value 1
Set parameter LogToConsole to value 0
Set parameter LogToConsole to value 1
Set parameter LogToConsole to value 0
augmented lagrangean iteration 0
Set parameter LogToConsole to value 1
Set parameter LogToConsole to value 0
Set parameter LogToConsole to value 1
Set parameter LogToConsole to value 0
Set parameter LogToConsole to value 1
Set parameter LogToConsole to value 0
augmented lagrangean iteration 1
Set parameter LogToConsole to value 1
Set parameter LogToConsole to value 0
Set parameter LogToConsole to value 1
Set parameter LogToConsole to value 0
Set parameter LogToConsole to value 1
Set parameter LogToConsole to value 0
augmented lagrangean iteration 2
Set parameter LogToConsole to value 1
Set parameter LogToConsole to value 0
Set parameter LogToConsole to value 1
Set parameter LogToConsole to value 0
Set parameter LogToConsole to value 1
Set parameter LogToConsole to value 0
Set parameter LogToConsole to value 1
Set parameter LogToConsole to value 0
Set parameter LogToConsole to value 1
Set parameter LogToConsole to value 0
Set parameter LogToConsole to value 1
Set parameter LogToConsole to value 0
Set parameter LogToConsole to value 1
Set parameter LogToConsole to value 0
augmented lagrangean iteration 0
Set parameter LogToConsole to value 1
Set parameter LogToConsole to value 0
Set parameter LogToConsole to value 1
Set parameter LogToConsole to value 0
Set parameter LogToConsole to value 1
Set parameter LogToConsole to value 0
augmented lagrangean iteration 1
Set parameter LogToConsole to value 1
Set parameter LogToConsole to value 0
Set parameter LogToConsole to value 1
Set parameter LogToConsole to value 0
Set parameter LogToConsole to value 1
Set parameter LogToConsole to value 0
augmented lagrangean iteration 2
Set parameter LogToConsole to value 1
Set parameter LogToConsole to value 0
Set parameter LogToConsole to value 1
Set parameter LogToConsole to value 0
Set parameter LogToConsole to value 1
Set parameter LogToConsole to value 0
Set parameter LogToConsole to value 1
Set parameter LogToConsole to value 0
        76      4228.07      4248.45   -1127.7672   -1126.4218   0.1194%
Set parameter LogToConsole to value 1
Set parameter LogToConsole to value 0
Set parameter LogToConsole to value 1
Set parameter LogToConsole to value 0
Set parameter LogToConsole to value 1
Set parameter LogToConsole to value 0
augmented lagrangean iteration 0
Set parameter LogToConsole to value 1
Set parameter LogToConsole to value 0
Set parameter LogToConsole to value 1
Set parameter LogToConsole to value 0
Set parameter LogToConsole to value 1
Set parameter LogToConsole to value 0
augmented lagrangean iteration 1
Set parameter LogToConsole to value 1
Set parameter LogToConsole to value 0
Set parameter LogToConsole to value 1
Set parameter LogToConsole to value 0
Set parameter LogToConsole to value 1
Set parameter LogToConsole to value 0
augmented lagrangean iteration 2
Set parameter LogToConsole to value 1
Set parameter LogToConsole to value 0
Set parameter LogToConsole to value 1
Set parameter LogToConsole to value 0
Set parameter LogToConsole to value 1
Set parameter LogToConsole to value 0
Set parameter LogToConsole to value 1
Set parameter LogToConsole to value 0
Set parameter LogToConsole to value 1
Set parameter LogToConsole to value 0
Set parameter LogToConsole to value 1
Set parameter LogToConsole to value 0
Set parameter LogToConsole to value 1
Set parameter LogToConsole to value 0
augmented lagrangean iteration 0
Set parameter LogToConsole to value 1
Set parameter LogToConsole to value 0
Set parameter LogToConsole to value 1
Set parameter LogToConsole to value 0
Set parameter LogToConsole to value 1
Set parameter LogToConsole to value 0
augmented lagrangean iteration 1
Set parameter LogToConsole to value 1
Set parameter LogToConsole to value 0
Set parameter LogToConsole to value 1
Set parameter LogToConsole to value 0
Set parameter LogToConsole to value 1
Set parameter LogToConsole to value 0
augmented lagrangean iteration 2
Set parameter LogToConsole to value 1
Set parameter LogToConsole to value 0
Set parameter LogToConsole to value 1
Set parameter LogToConsole to value 0
Set parameter LogToConsole to value 1
Set parameter LogToConsole to value 0
Set parameter LogToConsole to value 1
Set parameter LogToConsole to value 0
        77      4279.62      4300.13   -1127.7668   -1126.4218   0.1194%
Set parameter LogToConsole to value 1
Set parameter LogToConsole to value 0
Set parameter LogToConsole to value 1
Set parameter LogToConsole to value 0
Set parameter LogToConsole to value 1
Set parameter LogToConsole to value 0
augmented lagrangean iteration 0
Set parameter LogToConsole to value 1
Set parameter LogToConsole to value 0
Set parameter LogToConsole to value 1
Set parameter LogToConsole to value 0
Set parameter LogToConsole to value 1
Set parameter LogToConsole to value 0
augmented lagrangean iteration 1
Set parameter LogToConsole to value 1
Set parameter LogToConsole to value 0
Set parameter LogToConsole to value 1
Set parameter LogToConsole to value 0
Set parameter LogToConsole to value 1
Set parameter LogToConsole to value 0
augmented lagrangean iteration 2
Set parameter LogToConsole to value 1
Set parameter LogToConsole to value 0
Set parameter LogToConsole to value 1
Set parameter LogToConsole to value 0
Set parameter LogToConsole to value 1
Set parameter LogToConsole to value 0
Set parameter LogToConsole to value 1
Set parameter LogToConsole to value 0
Set parameter LogToConsole to value 1
Set parameter LogToConsole to value 0
Set parameter LogToConsole to value 1
Set parameter LogToConsole to value 0
Set parameter LogToConsole to value 1
Set parameter LogToConsole to value 0
augmented lagrangean iteration 0
Set parameter LogToConsole to value 1
Set parameter LogToConsole to value 0
Set parameter LogToConsole to value 1
Set parameter LogToConsole to value 0
Set parameter LogToConsole to value 1
Set parameter LogToConsole to value 0
augmented lagrangean iteration 1
Set parameter LogToConsole to value 1
Set parameter LogToConsole to value 0
Set parameter LogToConsole to value 1
Set parameter LogToConsole to value 0
Set parameter LogToConsole to value 1
Set parameter LogToConsole to value 0
augmented lagrangean iteration 2
Set parameter LogToConsole to value 1
Set parameter LogToConsole to value 0
Set parameter LogToConsole to value 1
Set parameter LogToConsole to value 0
Set parameter LogToConsole to value 1
Set parameter LogToConsole to value 0
Set parameter LogToConsole to value 1
Set parameter LogToConsole to value 0
        78      4338.76      4359.40   -1127.7575   -1126.4218   0.1186%
Set parameter LogToConsole to value 1
Set parameter LogToConsole to value 0
Set parameter LogToConsole to value 1
Set parameter LogToConsole to value 0
Set parameter LogToConsole to value 1
Set parameter LogToConsole to value 0
augmented lagrangean iteration 0
Set parameter LogToConsole to value 1
Set parameter LogToConsole to value 0
Set parameter LogToConsole to value 1
Set parameter LogToConsole to value 0
Set parameter LogToConsole to value 1
Set parameter LogToConsole to value 0
augmented lagrangean iteration 1
Set parameter LogToConsole to value 1
Set parameter LogToConsole to value 0
Set parameter LogToConsole to value 1
Set parameter LogToConsole to value 0
Set parameter LogToConsole to value 1
Set parameter LogToConsole to value 0
augmented lagrangean iteration 2
Set parameter LogToConsole to value 1
Set parameter LogToConsole to value 0
Set parameter LogToConsole to value 1
Set parameter LogToConsole to value 0
Set parameter LogToConsole to value 1
Set parameter LogToConsole to value 0
Set parameter LogToConsole to value 1
Set parameter LogToConsole to value 0
Set parameter LogToConsole to value 1
Set parameter LogToConsole to value 0
Set parameter LogToConsole to value 1
Set parameter LogToConsole to value 0
Set parameter LogToConsole to value 1
Set parameter LogToConsole to value 0
augmented lagrangean iteration 0
Set parameter LogToConsole to value 1
Set parameter LogToConsole to value 0
Set parameter LogToConsole to value 1
Set parameter LogToConsole to value 0
Set parameter LogToConsole to value 1
Set parameter LogToConsole to value 0
augmented lagrangean iteration 1
Set parameter LogToConsole to value 1
Set parameter LogToConsole to value 0
Set parameter LogToConsole to value 1
Set parameter LogToConsole to value 0
Set parameter LogToConsole to value 1
Set parameter LogToConsole to value 0
augmented lagrangean iteration 2
Set parameter LogToConsole to value 1
Set parameter LogToConsole to value 0
Set parameter LogToConsole to value 1
Set parameter LogToConsole to value 0
Set parameter LogToConsole to value 1
Set parameter LogToConsole to value 0
Set parameter LogToConsole to value 1
Set parameter LogToConsole to value 0
        79      4393.58      4414.35   -1127.7537   -1126.4218   0.1182%
Set parameter LogToConsole to value 1
Set parameter LogToConsole to value 0
Set parameter LogToConsole to value 1
Set parameter LogToConsole to value 0
Set parameter LogToConsole to value 1
Set parameter LogToConsole to value 0
augmented lagrangean iteration 0
Set parameter LogToConsole to value 1
Set parameter LogToConsole to value 0
Set parameter LogToConsole to value 1
Set parameter LogToConsole to value 0
Set parameter LogToConsole to value 1
Set parameter LogToConsole to value 0
augmented lagrangean iteration 1
Set parameter LogToConsole to value 1
Set parameter LogToConsole to value 0
Set parameter LogToConsole to value 1
Set parameter LogToConsole to value 0
Set parameter LogToConsole to value 1
Set parameter LogToConsole to value 0
augmented lagrangean iteration 2
Set parameter LogToConsole to value 1
Set parameter LogToConsole to value 0
Set parameter LogToConsole to value 1
Set parameter LogToConsole to value 0
Set parameter LogToConsole to value 1
Set parameter LogToConsole to value 0
Set parameter LogToConsole to value 1
Set parameter LogToConsole to value 0
Set parameter LogToConsole to value 1
Set parameter LogToConsole to value 0
Set parameter LogToConsole to value 1
Set parameter LogToConsole to value 0
Set parameter LogToConsole to value 1
Set parameter LogToConsole to value 0
augmented lagrangean iteration 0
Set parameter LogToConsole to value 1
Set parameter LogToConsole to value 0
Set parameter LogToConsole to value 1
Set parameter LogToConsole to value 0
Set parameter LogToConsole to value 1
Set parameter LogToConsole to value 0
augmented lagrangean iteration 1
Set parameter LogToConsole to value 1
Set parameter LogToConsole to value 0
Set parameter LogToConsole to value 1
Set parameter LogToConsole to value 0
Set parameter LogToConsole to value 1
Set parameter LogToConsole to value 0
augmented lagrangean iteration 2
Set parameter LogToConsole to value 1
Set parameter LogToConsole to value 0
Set parameter LogToConsole to value 1
Set parameter LogToConsole to value 0
Set parameter LogToConsole to value 1
Set parameter LogToConsole to value 0
Set parameter LogToConsole to value 1
Set parameter LogToConsole to value 0
        80      4451.61      4472.51   -1127.7500   -1126.4218   0.1179%
Set parameter LogToConsole to value 1
Set parameter LogToConsole to value 0
Set parameter LogToConsole to value 1
Set parameter LogToConsole to value 0
Set parameter LogToConsole to value 1
Set parameter LogToConsole to value 0
augmented lagrangean iteration 0
Set parameter LogToConsole to value 1
Set parameter LogToConsole to value 0
Set parameter LogToConsole to value 1
Set parameter LogToConsole to value 0
Set parameter LogToConsole to value 1
Set parameter LogToConsole to value 0
augmented lagrangean iteration 1
Set parameter LogToConsole to value 1
Set parameter LogToConsole to value 0
Set parameter LogToConsole to value 1
Set parameter LogToConsole to value 0
Set parameter LogToConsole to value 1
Set parameter LogToConsole to value 0
augmented lagrangean iteration 2
Set parameter LogToConsole to value 1
Set parameter LogToConsole to value 0
Set parameter LogToConsole to value 1
Set parameter LogToConsole to value 0
Set parameter LogToConsole to value 1
Set parameter LogToConsole to value 0
Set parameter LogToConsole to value 1
Set parameter LogToConsole to value 0
Set parameter LogToConsole to value 1
Set parameter LogToConsole to value 0
Set parameter LogToConsole to value 1
Set parameter LogToConsole to value 0
        81      4485.16      4507.02   -1127.7494   -1126.4218   0.1179%
Set parameter LogToConsole to value 1
Set parameter LogToConsole to value 0
Set parameter LogToConsole to value 1
Set parameter LogToConsole to value 0
Set parameter LogToConsole to value 1
Set parameter LogToConsole to value 0
augmented lagrangean iteration 0
Set parameter LogToConsole to value 1
Set parameter LogToConsole to value 0
Set parameter LogToConsole to value 1
Set parameter LogToConsole to value 0
Set parameter LogToConsole to value 1
Set parameter LogToConsole to value 0
augmented lagrangean iteration 1
Set parameter LogToConsole to value 1
Set parameter LogToConsole to value 0
Set parameter LogToConsole to value 1
Set parameter LogToConsole to value 0
Set parameter LogToConsole to value 1
Set parameter LogToConsole to value 0
augmented lagrangean iteration 2
Set parameter LogToConsole to value 1
Set parameter LogToConsole to value 0
Set parameter LogToConsole to value 1
Set parameter LogToConsole to value 0
Set parameter LogToConsole to value 1
Set parameter LogToConsole to value 0
Set parameter LogToConsole to value 1
Set parameter LogToConsole to value 0
Set parameter LogToConsole to value 1
Set parameter LogToConsole to value 0
Set parameter LogToConsole to value 1
Set parameter LogToConsole to value 0
        82      4518.60      4541.42   -1127.7437   -1126.4218   0.1174%
Set parameter LogToConsole to value 1
Set parameter LogToConsole to value 0
Set parameter LogToConsole to value 1
Set parameter LogToConsole to value 0
Set parameter LogToConsole to value 1
Set parameter LogToConsole to value 0
augmented lagrangean iteration 0
Set parameter LogToConsole to value 1
Set parameter LogToConsole to value 0
Set parameter LogToConsole to value 1
Set parameter LogToConsole to value 0
Set parameter LogToConsole to value 1
Set parameter LogToConsole to value 0
augmented lagrangean iteration 1
Set parameter LogToConsole to value 1
Set parameter LogToConsole to value 0
Set parameter LogToConsole to value 1
Set parameter LogToConsole to value 0
Set parameter LogToConsole to value 1
Set parameter LogToConsole to value 0
augmented lagrangean iteration 2
Set parameter LogToConsole to value 1
Set parameter LogToConsole to value 0
Set parameter LogToConsole to value 1
Set parameter LogToConsole to value 0
Set parameter LogToConsole to value 1
Set parameter LogToConsole to value 0
Set parameter LogToConsole to value 1
Set parameter LogToConsole to value 0
Set parameter LogToConsole to value 1
Set parameter LogToConsole to value 0
Set parameter LogToConsole to value 1
Set parameter LogToConsole to value 0
        83      4553.32      4577.10   -1127.7430   -1126.4218   0.1173%
Set parameter LogToConsole to value 1
Set parameter LogToConsole to value 0
Set parameter LogToConsole to value 1
Set parameter LogToConsole to value 0
Set parameter LogToConsole to value 1
Set parameter LogToConsole to value 0
augmented lagrangean iteration 0
Set parameter LogToConsole to value 1
Set parameter LogToConsole to value 0
Set parameter LogToConsole to value 1
Set parameter LogToConsole to value 0
Set parameter LogToConsole to value 1
Set parameter LogToConsole to value 0
augmented lagrangean iteration 1
Set parameter LogToConsole to value 1
Set parameter LogToConsole to value 0
Set parameter LogToConsole to value 1
Set parameter LogToConsole to value 0
Set parameter LogToConsole to value 1
Set parameter LogToConsole to value 0
augmented lagrangean iteration 2
Set parameter LogToConsole to value 1
Set parameter LogToConsole to value 0
Set parameter LogToConsole to value 1
Set parameter LogToConsole to value 0
Set parameter LogToConsole to value 1
Set parameter LogToConsole to value 0
Set parameter LogToConsole to value 1
Set parameter LogToConsole to value 0
Set parameter LogToConsole to value 1
Set parameter LogToConsole to value 0
Set parameter LogToConsole to value 1
Set parameter LogToConsole to value 0
Set parameter LogToConsole to value 1
Set parameter LogToConsole to value 0
augmented lagrangean iteration 0
Set parameter LogToConsole to value 1
Set parameter LogToConsole to value 0
Set parameter LogToConsole to value 1
Set parameter LogToConsole to value 0
Set parameter LogToConsole to value 1
Set parameter LogToConsole to value 0
augmented lagrangean iteration 1
Set parameter LogToConsole to value 1
Set parameter LogToConsole to value 0
Set parameter LogToConsole to value 1
Set parameter LogToConsole to value 0
Set parameter LogToConsole to value 1
Set parameter LogToConsole to value 0
augmented lagrangean iteration 2
Set parameter LogToConsole to value 1
Set parameter LogToConsole to value 0
Set parameter LogToConsole to value 1
Set parameter LogToConsole to value 0
Set parameter LogToConsole to value 1
Set parameter LogToConsole to value 0
Set parameter LogToConsole to value 1
Set parameter LogToConsole to value 0
        84      4613.17      4637.08   -1127.7403   -1126.4218   0.1170%
Set parameter LogToConsole to value 1
Set parameter LogToConsole to value 0
Set parameter LogToConsole to value 1
Set parameter LogToConsole to value 0
Set parameter LogToConsole to value 1
Set parameter LogToConsole to value 0
augmented lagrangean iteration 0
Set parameter LogToConsole to value 1
Set parameter LogToConsole to value 0
Set parameter LogToConsole to value 1
Set parameter LogToConsole to value 0
Set parameter LogToConsole to value 1
Set parameter LogToConsole to value 0
augmented lagrangean iteration 1
Set parameter LogToConsole to value 1
Set parameter LogToConsole to value 0
Set parameter LogToConsole to value 1
Set parameter LogToConsole to value 0
Set parameter LogToConsole to value 1
Set parameter LogToConsole to value 0
augmented lagrangean iteration 2
Set parameter LogToConsole to value 1
Set parameter LogToConsole to value 0
Set parameter LogToConsole to value 1
Set parameter LogToConsole to value 0
Set parameter LogToConsole to value 1
Set parameter LogToConsole to value 0
Set parameter LogToConsole to value 1
Set parameter LogToConsole to value 0
Set parameter LogToConsole to value 1
Set parameter LogToConsole to value 0
Set parameter LogToConsole to value 1
Set parameter LogToConsole to value 0
Set parameter LogToConsole to value 1
Set parameter LogToConsole to value 0
augmented lagrangean iteration 0
Set parameter LogToConsole to value 1
Set parameter LogToConsole to value 0
Set parameter LogToConsole to value 1
Set parameter LogToConsole to value 0
Set parameter LogToConsole to value 1
Set parameter LogToConsole to value 0
augmented lagrangean iteration 1
Set parameter LogToConsole to value 1
Set parameter LogToConsole to value 0
Set parameter LogToConsole to value 1
Set parameter LogToConsole to value 0
Set parameter LogToConsole to value 1
Set parameter LogToConsole to value 0
augmented lagrangean iteration 2
Set parameter LogToConsole to value 1
Set parameter LogToConsole to value 0
Set parameter LogToConsole to value 1
Set parameter LogToConsole to value 0
Set parameter LogToConsole to value 1
Set parameter LogToConsole to value 0
Set parameter LogToConsole to value 1
Set parameter LogToConsole to value 0
        85      4672.27      4696.31   -1127.7375   -1126.4218   0.1168%
Set parameter LogToConsole to value 1
Set parameter LogToConsole to value 0
Set parameter LogToConsole to value 1
Set parameter LogToConsole to value 0
Set parameter LogToConsole to value 1
Set parameter LogToConsole to value 0
augmented lagrangean iteration 0
Set parameter LogToConsole to value 1
Set parameter LogToConsole to value 0
Set parameter LogToConsole to value 1
Set parameter LogToConsole to value 0
Set parameter LogToConsole to value 1
Set parameter LogToConsole to value 0
augmented lagrangean iteration 1
Set parameter LogToConsole to value 1
Set parameter LogToConsole to value 0
Set parameter LogToConsole to value 1
Set parameter LogToConsole to value 0
Set parameter LogToConsole to value 1
Set parameter LogToConsole to value 0
augmented lagrangean iteration 2
Set parameter LogToConsole to value 1
Set parameter LogToConsole to value 0
Set parameter LogToConsole to value 1
Set parameter LogToConsole to value 0
Set parameter LogToConsole to value 1
Set parameter LogToConsole to value 0
Set parameter LogToConsole to value 1
Set parameter LogToConsole to value 0
Set parameter LogToConsole to value 1
Set parameter LogToConsole to value 0
Set parameter LogToConsole to value 1
Set parameter LogToConsole to value 0
Set parameter LogToConsole to value 1
Set parameter LogToConsole to value 0
augmented lagrangean iteration 0
Set parameter LogToConsole to value 1
Set parameter LogToConsole to value 0
Set parameter LogToConsole to value 1
Set parameter LogToConsole to value 0
Set parameter LogToConsole to value 1
Set parameter LogToConsole to value 0
augmented lagrangean iteration 1
Set parameter LogToConsole to value 1
Set parameter LogToConsole to value 0
Set parameter LogToConsole to value 1
Set parameter LogToConsole to value 0
Set parameter LogToConsole to value 1
Set parameter LogToConsole to value 0
augmented lagrangean iteration 2
Set parameter LogToConsole to value 1
Set parameter LogToConsole to value 0
Set parameter LogToConsole to value 1
Set parameter LogToConsole to value 0
Set parameter LogToConsole to value 1
Set parameter LogToConsole to value 0
Set parameter LogToConsole to value 1
Set parameter LogToConsole to value 0
        86      4730.37      4754.55   -1127.7351   -1126.4218   0.1166%
Set parameter LogToConsole to value 1
Set parameter LogToConsole to value 0
Set parameter LogToConsole to value 1
Set parameter LogToConsole to value 0
Set parameter LogToConsole to value 1
Set parameter LogToConsole to value 0
augmented lagrangean iteration 0
Set parameter LogToConsole to value 1
Set parameter LogToConsole to value 0
Set parameter LogToConsole to value 1
Set parameter LogToConsole to value 0
Set parameter LogToConsole to value 1
Set parameter LogToConsole to value 0
augmented lagrangean iteration 1
Set parameter LogToConsole to value 1
Set parameter LogToConsole to value 0
Set parameter LogToConsole to value 1
Set parameter LogToConsole to value 0
Set parameter LogToConsole to value 1
Set parameter LogToConsole to value 0
augmented lagrangean iteration 2
Set parameter LogToConsole to value 1
Set parameter LogToConsole to value 0
Set parameter LogToConsole to value 1
Set parameter LogToConsole to value 0
Set parameter LogToConsole to value 1
Set parameter LogToConsole to value 0
Set parameter LogToConsole to value 1
Set parameter LogToConsole to value 0
Set parameter LogToConsole to value 1
Set parameter LogToConsole to value 0
Set parameter LogToConsole to value 1
Set parameter LogToConsole to value 0
        87      4756.92      4781.17   -1127.7348   -1126.4218   0.1166%
Set parameter LogToConsole to value 1
Set parameter LogToConsole to value 0
Set parameter LogToConsole to value 1
Set parameter LogToConsole to value 0
Set parameter LogToConsole to value 1
Set parameter LogToConsole to value 0
augmented lagrangean iteration 0
Set parameter LogToConsole to value 1
Set parameter LogToConsole to value 0
Set parameter LogToConsole to value 1
Set parameter LogToConsole to value 0
Set parameter LogToConsole to value 1
Set parameter LogToConsole to value 0
augmented lagrangean iteration 1
Set parameter LogToConsole to value 1
Set parameter LogToConsole to value 0
Set parameter LogToConsole to value 1
Set parameter LogToConsole to value 0
Set parameter LogToConsole to value 1
Set parameter LogToConsole to value 0
augmented lagrangean iteration 2
Set parameter LogToConsole to value 1
Set parameter LogToConsole to value 0
Set parameter LogToConsole to value 1
Set parameter LogToConsole to value 0
Set parameter LogToConsole to value 1
Set parameter LogToConsole to value 0
Set parameter LogToConsole to value 1
Set parameter LogToConsole to value 0
Set parameter LogToConsole to value 1
Set parameter LogToConsole to value 0
Set parameter LogToConsole to value 1
Set parameter LogToConsole to value 0
Set parameter LogToConsole to value 1
Set parameter LogToConsole to value 0
augmented lagrangean iteration 0
Set parameter LogToConsole to value 1
Set parameter LogToConsole to value 0
Set parameter LogToConsole to value 1
Set parameter LogToConsole to value 0
Set parameter LogToConsole to value 1
Set parameter LogToConsole to value 0
augmented lagrangean iteration 1
Set parameter LogToConsole to value 1
Set parameter LogToConsole to value 0
Set parameter LogToConsole to value 1
Set parameter LogToConsole to value 0
Set parameter LogToConsole to value 1
Set parameter LogToConsole to value 0
augmented lagrangean iteration 2
Set parameter LogToConsole to value 1
Set parameter LogToConsole to value 0
Set parameter LogToConsole to value 1
Set parameter LogToConsole to value 0
Set parameter LogToConsole to value 1
Set parameter LogToConsole to value 0
Set parameter LogToConsole to value 1
Set parameter LogToConsole to value 0
        88      4813.86      4838.24   -1127.7323   -1126.4218   0.1163%
Set parameter LogToConsole to value 1
Set parameter LogToConsole to value 0
Set parameter LogToConsole to value 1
Set parameter LogToConsole to value 0
Set parameter LogToConsole to value 1
Set parameter LogToConsole to value 0
augmented lagrangean iteration 0
Set parameter LogToConsole to value 1
Set parameter LogToConsole to value 0
Set parameter LogToConsole to value 1
Set parameter LogToConsole to value 0
Set parameter LogToConsole to value 1
Set parameter LogToConsole to value 0
augmented lagrangean iteration 1
Set parameter LogToConsole to value 1
Set parameter LogToConsole to value 0
Set parameter LogToConsole to value 1
Set parameter LogToConsole to value 0
Set parameter LogToConsole to value 1
Set parameter LogToConsole to value 0
augmented lagrangean iteration 2
Set parameter LogToConsole to value 1
Set parameter LogToConsole to value 0
Set parameter LogToConsole to value 1
Set parameter LogToConsole to value 0
Set parameter LogToConsole to value 1
Set parameter LogToConsole to value 0
Set parameter LogToConsole to value 1
Set parameter LogToConsole to value 0
Set parameter LogToConsole to value 1
Set parameter LogToConsole to value 0
Set parameter LogToConsole to value 1
Set parameter LogToConsole to value 0
        89      4841.67      4866.12   -1127.7297   -1126.4218   0.1161%
Set parameter LogToConsole to value 1
Set parameter LogToConsole to value 0
Set parameter LogToConsole to value 1
Set parameter LogToConsole to value 0
Set parameter LogToConsole to value 1
Set parameter LogToConsole to value 0
augmented lagrangean iteration 0
Set parameter LogToConsole to value 1
Set parameter LogToConsole to value 0
Set parameter LogToConsole to value 1
Set parameter LogToConsole to value 0
Set parameter LogToConsole to value 1
Set parameter LogToConsole to value 0
augmented lagrangean iteration 1
Set parameter LogToConsole to value 1
Set parameter LogToConsole to value 0
Set parameter LogToConsole to value 1
Set parameter LogToConsole to value 0
Set parameter LogToConsole to value 1
Set parameter LogToConsole to value 0
augmented lagrangean iteration 2
Set parameter LogToConsole to value 1
Set parameter LogToConsole to value 0
Set parameter LogToConsole to value 1
Set parameter LogToConsole to value 0
Set parameter LogToConsole to value 1
Set parameter LogToConsole to value 0
Set parameter LogToConsole to value 1
Set parameter LogToConsole to value 0
Set parameter LogToConsole to value 1
Set parameter LogToConsole to value 0
Set parameter LogToConsole to value 1
Set parameter LogToConsole to value 0
Set parameter LogToConsole to value 1
Set parameter LogToConsole to value 0
augmented lagrangean iteration 0
Set parameter LogToConsole to value 1
Set parameter LogToConsole to value 0
Set parameter LogToConsole to value 1
Set parameter LogToConsole to value 0
Set parameter LogToConsole to value 1
Set parameter LogToConsole to value 0
augmented lagrangean iteration 1
Set parameter LogToConsole to value 1
Set parameter LogToConsole to value 0
Set parameter LogToConsole to value 1
Set parameter LogToConsole to value 0
Set parameter LogToConsole to value 1
Set parameter LogToConsole to value 0
augmented lagrangean iteration 2
Set parameter LogToConsole to value 1
Set parameter LogToConsole to value 0
Set parameter LogToConsole to value 1
Set parameter LogToConsole to value 0
Set parameter LogToConsole to value 1
Set parameter LogToConsole to value 0
Set parameter LogToConsole to value 1
Set parameter LogToConsole to value 0
        90      4899.06      4923.64   -1127.7295   -1126.4218   0.1161%
Set parameter LogToConsole to value 1
Set parameter LogToConsole to value 0
Set parameter LogToConsole to value 1
Set parameter LogToConsole to value 0
Set parameter LogToConsole to value 1
Set parameter LogToConsole to value 0
augmented lagrangean iteration 0
Set parameter LogToConsole to value 1
Set parameter LogToConsole to value 0
Set parameter LogToConsole to value 1
Set parameter LogToConsole to value 0
Set parameter LogToConsole to value 1
Set parameter LogToConsole to value 0
augmented lagrangean iteration 1
Set parameter LogToConsole to value 1
Set parameter LogToConsole to value 0
Set parameter LogToConsole to value 1
Set parameter LogToConsole to value 0
Set parameter LogToConsole to value 1
Set parameter LogToConsole to value 0
augmented lagrangean iteration 2
Set parameter LogToConsole to value 1
Set parameter LogToConsole to value 0
Set parameter LogToConsole to value 1
Set parameter LogToConsole to value 0
Set parameter LogToConsole to value 1
Set parameter LogToConsole to value 0
Set parameter LogToConsole to value 1
Set parameter LogToConsole to value 0
Set parameter LogToConsole to value 1
Set parameter LogToConsole to value 0
Set parameter LogToConsole to value 1
Set parameter LogToConsole to value 0
Set parameter LogToConsole to value 1
Set parameter LogToConsole to value 0
augmented lagrangean iteration 0
Set parameter LogToConsole to value 1
Set parameter LogToConsole to value 0
Set parameter LogToConsole to value 1
Set parameter LogToConsole to value 0
Set parameter LogToConsole to value 1
Set parameter LogToConsole to value 0
augmented lagrangean iteration 1
Set parameter LogToConsole to value 1
Set parameter LogToConsole to value 0
Set parameter LogToConsole to value 1
Set parameter LogToConsole to value 0
Set parameter LogToConsole to value 1
Set parameter LogToConsole to value 0
augmented lagrangean iteration 2
Set parameter LogToConsole to value 1
Set parameter LogToConsole to value 0
Set parameter LogToConsole to value 1
Set parameter LogToConsole to value 0
Set parameter LogToConsole to value 1
Set parameter LogToConsole to value 0
Set parameter LogToConsole to value 1
Set parameter LogToConsole to value 0
        91      4951.45      4976.15   -1127.7295   -1126.4218   0.1161%
Set parameter LogToConsole to value 1
Set parameter LogToConsole to value 0
Set parameter LogToConsole to value 1
Set parameter LogToConsole to value 0
Set parameter LogToConsole to value 1
Set parameter LogToConsole to value 0
augmented lagrangean iteration 0
Set parameter LogToConsole to value 1
Set parameter LogToConsole to value 0
Set parameter LogToConsole to value 1
Set parameter LogToConsole to value 0
Set parameter LogToConsole to value 1
Set parameter LogToConsole to value 0
augmented lagrangean iteration 1
Set parameter LogToConsole to value 1
Set parameter LogToConsole to value 0
Set parameter LogToConsole to value 1
Set parameter LogToConsole to value 0
Set parameter LogToConsole to value 1
Set parameter LogToConsole to value 0
augmented lagrangean iteration 2
Set parameter LogToConsole to value 1
Set parameter LogToConsole to value 0
Set parameter LogToConsole to value 1
Set parameter LogToConsole to value 0
Set parameter LogToConsole to value 1
Set parameter LogToConsole to value 0
Set parameter LogToConsole to value 1
Set parameter LogToConsole to value 0
Set parameter LogToConsole to value 1
Set parameter LogToConsole to value 0
Set parameter LogToConsole to value 1
Set parameter LogToConsole to value 0
Set parameter LogToConsole to value 1
Set parameter LogToConsole to value 0
augmented lagrangean iteration 0
Set parameter LogToConsole to value 1
Set parameter LogToConsole to value 0
Set parameter LogToConsole to value 1
Set parameter LogToConsole to value 0
Set parameter LogToConsole to value 1
Set parameter LogToConsole to value 0
augmented lagrangean iteration 1
Set parameter LogToConsole to value 1
Set parameter LogToConsole to value 0
Set parameter LogToConsole to value 1
Set parameter LogToConsole to value 0
Set parameter LogToConsole to value 1
Set parameter LogToConsole to value 0
augmented lagrangean iteration 2
Set parameter LogToConsole to value 1
Set parameter LogToConsole to value 0
Set parameter LogToConsole to value 1
Set parameter LogToConsole to value 0
Set parameter LogToConsole to value 1
Set parameter LogToConsole to value 0
Set parameter LogToConsole to value 1
Set parameter LogToConsole to value 0
        92      5002.00      5026.83   -1127.7290   -1126.4218   0.1160%
Set parameter LogToConsole to value 1
Set parameter LogToConsole to value 0
Set parameter LogToConsole to value 1
Set parameter LogToConsole to value 0
Set parameter LogToConsole to value 1
Set parameter LogToConsole to value 0
augmented lagrangean iteration 0
Set parameter LogToConsole to value 1
Set parameter LogToConsole to value 0
Set parameter LogToConsole to value 1
Set parameter LogToConsole to value 0
Set parameter LogToConsole to value 1
Set parameter LogToConsole to value 0
augmented lagrangean iteration 1
Set parameter LogToConsole to value 1
Set parameter LogToConsole to value 0
Set parameter LogToConsole to value 1
Set parameter LogToConsole to value 0
Set parameter LogToConsole to value 1
Set parameter LogToConsole to value 0
augmented lagrangean iteration 2
Set parameter LogToConsole to value 1
Set parameter LogToConsole to value 0
Set parameter LogToConsole to value 1
Set parameter LogToConsole to value 0
Set parameter LogToConsole to value 1
Set parameter LogToConsole to value 0
Set parameter LogToConsole to value 1
Set parameter LogToConsole to value 0
Set parameter LogToConsole to value 1
Set parameter LogToConsole to value 0
Set parameter LogToConsole to value 1
Set parameter LogToConsole to value 0
Set parameter LogToConsole to value 1
Set parameter LogToConsole to value 0
augmented lagrangean iteration 0
Set parameter LogToConsole to value 1
Set parameter LogToConsole to value 0
Set parameter LogToConsole to value 1
Set parameter LogToConsole to value 0
Set parameter LogToConsole to value 1
Set parameter LogToConsole to value 0
augmented lagrangean iteration 1
Set parameter LogToConsole to value 1
Set parameter LogToConsole to value 0
Set parameter LogToConsole to value 1
Set parameter LogToConsole to value 0
Set parameter LogToConsole to value 1
Set parameter LogToConsole to value 0
augmented lagrangean iteration 2
Set parameter LogToConsole to value 1
Set parameter LogToConsole to value 0
Set parameter LogToConsole to value 1
Set parameter LogToConsole to value 0
Set parameter LogToConsole to value 1
Set parameter LogToConsole to value 0
Set parameter LogToConsole to value 1
Set parameter LogToConsole to value 0
        93      5052.92      5077.89   -1127.7286   -1126.4218   0.1160%
Set parameter LogToConsole to value 1
Set parameter LogToConsole to value 0
Set parameter LogToConsole to value 1
Set parameter LogToConsole to value 0
Set parameter LogToConsole to value 1
Set parameter LogToConsole to value 0
augmented lagrangean iteration 0
Set parameter LogToConsole to value 1
Set parameter LogToConsole to value 0
Set parameter LogToConsole to value 1
Set parameter LogToConsole to value 0
Set parameter LogToConsole to value 1
Set parameter LogToConsole to value 0
augmented lagrangean iteration 1
Set parameter LogToConsole to value 1
Set parameter LogToConsole to value 0
Set parameter LogToConsole to value 1
Set parameter LogToConsole to value 0
Set parameter LogToConsole to value 1
Set parameter LogToConsole to value 0
augmented lagrangean iteration 2
Set parameter LogToConsole to value 1
Set parameter LogToConsole to value 0
Set parameter LogToConsole to value 1
Set parameter LogToConsole to value 0
Set parameter LogToConsole to value 1
Set parameter LogToConsole to value 0
Set parameter LogToConsole to value 1
Set parameter LogToConsole to value 0
Set parameter LogToConsole to value 1
Set parameter LogToConsole to value 0
Set parameter LogToConsole to value 1
Set parameter LogToConsole to value 0
        94      5089.74      5115.66   -1127.7277   -1126.4218   0.1159%
Set parameter LogToConsole to value 1
Set parameter LogToConsole to value 0
Set parameter LogToConsole to value 1
Set parameter LogToConsole to value 0
Set parameter LogToConsole to value 1
Set parameter LogToConsole to value 0
augmented lagrangean iteration 0
Set parameter LogToConsole to value 1
Set parameter LogToConsole to value 0
Set parameter LogToConsole to value 1
Set parameter LogToConsole to value 0
Set parameter LogToConsole to value 1
Set parameter LogToConsole to value 0
augmented lagrangean iteration 1
Set parameter LogToConsole to value 1
Set parameter LogToConsole to value 0
Set parameter LogToConsole to value 1
Set parameter LogToConsole to value 0
Set parameter LogToConsole to value 1
Set parameter LogToConsole to value 0
augmented lagrangean iteration 2
Set parameter LogToConsole to value 1
Set parameter LogToConsole to value 0
Set parameter LogToConsole to value 1
Set parameter LogToConsole to value 0
Set parameter LogToConsole to value 1
Set parameter LogToConsole to value 0
Set parameter LogToConsole to value 1
Set parameter LogToConsole to value 0
Set parameter LogToConsole to value 1
Set parameter LogToConsole to value 0
Set parameter LogToConsole to value 1
Set parameter LogToConsole to value 0
Set parameter LogToConsole to value 1
Set parameter LogToConsole to value 0
augmented lagrangean iteration 0
Set parameter LogToConsole to value 1
Set parameter LogToConsole to value 0
Set parameter LogToConsole to value 1
Set parameter LogToConsole to value 0
Set parameter LogToConsole to value 1
Set parameter LogToConsole to value 0
augmented lagrangean iteration 1
Set parameter LogToConsole to value 1
Set parameter LogToConsole to value 0
Set parameter LogToConsole to value 1
Set parameter LogToConsole to value 0
Set parameter LogToConsole to value 1
Set parameter LogToConsole to value 0
augmented lagrangean iteration 2
Set parameter LogToConsole to value 1
Set parameter LogToConsole to value 0
Set parameter LogToConsole to value 1
Set parameter LogToConsole to value 0
Set parameter LogToConsole to value 1
Set parameter LogToConsole to value 0
Set parameter LogToConsole to value 1
Set parameter LogToConsole to value 0
        95      5141.98      5168.04   -1127.7277   -1126.4218   0.1159%
Set parameter LogToConsole to value 1
Set parameter LogToConsole to value 0
Set parameter LogToConsole to value 1
Set parameter LogToConsole to value 0
Set parameter LogToConsole to value 1
Set parameter LogToConsole to value 0
augmented lagrangean iteration 0
Set parameter LogToConsole to value 1
Set parameter LogToConsole to value 0
Set parameter LogToConsole to value 1
Set parameter LogToConsole to value 0
Set parameter LogToConsole to value 1
Set parameter LogToConsole to value 0
augmented lagrangean iteration 1
Set parameter LogToConsole to value 1
Set parameter LogToConsole to value 0
Set parameter LogToConsole to value 1
Set parameter LogToConsole to value 0
Set parameter LogToConsole to value 1
Set parameter LogToConsole to value 0
augmented lagrangean iteration 2
Set parameter LogToConsole to value 1
Set parameter LogToConsole to value 0
Set parameter LogToConsole to value 1
Set parameter LogToConsole to value 0
Set parameter LogToConsole to value 1
Set parameter LogToConsole to value 0
Set parameter LogToConsole to value 1
Set parameter LogToConsole to value 0
Set parameter LogToConsole to value 1
Set parameter LogToConsole to value 0
Set parameter LogToConsole to value 1
Set parameter LogToConsole to value 0
Set parameter LogToConsole to value 1
Set parameter LogToConsole to value 0
augmented lagrangean iteration 0
Set parameter LogToConsole to value 1
Set parameter LogToConsole to value 0
Set parameter LogToConsole to value 1
Set parameter LogToConsole to value 0
Set parameter LogToConsole to value 1
Set parameter LogToConsole to value 0
augmented lagrangean iteration 1
Set parameter LogToConsole to value 1
Set parameter LogToConsole to value 0
Set parameter LogToConsole to value 1
Set parameter LogToConsole to value 0
Set parameter LogToConsole to value 1
Set parameter LogToConsole to value 0
augmented lagrangean iteration 2
Set parameter LogToConsole to value 1
Set parameter LogToConsole to value 0
Set parameter LogToConsole to value 1
Set parameter LogToConsole to value 0
Set parameter LogToConsole to value 1
Set parameter LogToConsole to value 0
Set parameter LogToConsole to value 1
Set parameter LogToConsole to value 0
        96      5193.72      5219.91   -1127.7263   -1126.4218   0.1158%
Set parameter LogToConsole to value 1
Set parameter LogToConsole to value 0
Set parameter LogToConsole to value 1
Set parameter LogToConsole to value 0
Set parameter LogToConsole to value 1
Set parameter LogToConsole to value 0
augmented lagrangean iteration 0
Set parameter LogToConsole to value 1
Set parameter LogToConsole to value 0
Set parameter LogToConsole to value 1
Set parameter LogToConsole to value 0
Set parameter LogToConsole to value 1
Set parameter LogToConsole to value 0
augmented lagrangean iteration 1
Set parameter LogToConsole to value 1
Set parameter LogToConsole to value 0
Set parameter LogToConsole to value 1
Set parameter LogToConsole to value 0
Set parameter LogToConsole to value 1
Set parameter LogToConsole to value 0
augmented lagrangean iteration 2
Set parameter LogToConsole to value 1
Set parameter LogToConsole to value 0
Set parameter LogToConsole to value 1
Set parameter LogToConsole to value 0
Set parameter LogToConsole to value 1
Set parameter LogToConsole to value 0
Set parameter LogToConsole to value 1
Set parameter LogToConsole to value 0
Set parameter LogToConsole to value 1
Set parameter LogToConsole to value 0
Set parameter LogToConsole to value 1
Set parameter LogToConsole to value 0
Set parameter LogToConsole to value 1
Set parameter LogToConsole to value 0
augmented lagrangean iteration 0
Set parameter LogToConsole to value 1
Set parameter LogToConsole to value 0
Set parameter LogToConsole to value 1
Set parameter LogToConsole to value 0
Set parameter LogToConsole to value 1
Set parameter LogToConsole to value 0
augmented lagrangean iteration 1
Set parameter LogToConsole to value 1
Set parameter LogToConsole to value 0
Set parameter LogToConsole to value 1
Set parameter LogToConsole to value 0
Set parameter LogToConsole to value 1
Set parameter LogToConsole to value 0
augmented lagrangean iteration 2
Set parameter LogToConsole to value 1
Set parameter LogToConsole to value 0
Set parameter LogToConsole to value 1
Set parameter LogToConsole to value 0
Set parameter LogToConsole to value 1
Set parameter LogToConsole to value 0
Set parameter LogToConsole to value 1
Set parameter LogToConsole to value 0
        97      5245.42      5271.75   -1127.7257   -1126.4218   0.1158%
Set parameter LogToConsole to value 1
Set parameter LogToConsole to value 0
Set parameter LogToConsole to value 1
Set parameter LogToConsole to value 0
Set parameter LogToConsole to value 1
Set parameter LogToConsole to value 0
augmented lagrangean iteration 0
Set parameter LogToConsole to value 1
Set parameter LogToConsole to value 0
Set parameter LogToConsole to value 1
Set parameter LogToConsole to value 0
Set parameter LogToConsole to value 1
Set parameter LogToConsole to value 0
augmented lagrangean iteration 1
Set parameter LogToConsole to value 1
Set parameter LogToConsole to value 0
Set parameter LogToConsole to value 1
Set parameter LogToConsole to value 0
Set parameter LogToConsole to value 1
Set parameter LogToConsole to value 0
augmented lagrangean iteration 2
Set parameter LogToConsole to value 1
Set parameter LogToConsole to value 0
Set parameter LogToConsole to value 1
Set parameter LogToConsole to value 0
Set parameter LogToConsole to value 1
Set parameter LogToConsole to value 0
Set parameter LogToConsole to value 1
Set parameter LogToConsole to value 0
Set parameter LogToConsole to value 1
Set parameter LogToConsole to value 0
Set parameter LogToConsole to value 1
Set parameter LogToConsole to value 0
Set parameter LogToConsole to value 1
Set parameter LogToConsole to value 0
augmented lagrangean iteration 0
Set parameter LogToConsole to value 1
Set parameter LogToConsole to value 0
Set parameter LogToConsole to value 1
Set parameter LogToConsole to value 0
Set parameter LogToConsole to value 1
Set parameter LogToConsole to value 0
augmented lagrangean iteration 1
Set parameter LogToConsole to value 1
Set parameter LogToConsole to value 0
Set parameter LogToConsole to value 1
Set parameter LogToConsole to value 0
Set parameter LogToConsole to value 1
Set parameter LogToConsole to value 0
augmented lagrangean iteration 2
Set parameter LogToConsole to value 1
Set parameter LogToConsole to value 0
Set parameter LogToConsole to value 1
Set parameter LogToConsole to value 0
Set parameter LogToConsole to value 1
Set parameter LogToConsole to value 0
Set parameter LogToConsole to value 1
Set parameter LogToConsole to value 0
        98      5298.42      5324.88   -1127.7257   -1126.4218   0.1158%
Set parameter LogToConsole to value 1
Set parameter LogToConsole to value 0
Set parameter LogToConsole to value 1
Set parameter LogToConsole to value 0
Set parameter LogToConsole to value 1
Set parameter LogToConsole to value 0
augmented lagrangean iteration 0
Set parameter LogToConsole to value 1
Set parameter LogToConsole to value 0
Set parameter LogToConsole to value 1
Set parameter LogToConsole to value 0
Set parameter LogToConsole to value 1
Set parameter LogToConsole to value 0
augmented lagrangean iteration 1
Set parameter LogToConsole to value 1
Set parameter LogToConsole to value 0
Set parameter LogToConsole to value 1
Set parameter LogToConsole to value 0
Set parameter LogToConsole to value 1
Set parameter LogToConsole to value 0
augmented lagrangean iteration 2
Set parameter LogToConsole to value 1
Set parameter LogToConsole to value 0
Set parameter LogToConsole to value 1
Set parameter LogToConsole to value 0
Set parameter LogToConsole to value 1
Set parameter LogToConsole to value 0
Set parameter LogToConsole to value 1
Set parameter LogToConsole to value 0
Set parameter LogToConsole to value 1
Set parameter LogToConsole to value 0
Set parameter LogToConsole to value 1
Set parameter LogToConsole to value 0
Set parameter LogToConsole to value 1
Set parameter LogToConsole to value 0
augmented lagrangean iteration 0
Set parameter LogToConsole to value 1
Set parameter LogToConsole to value 0
Set parameter LogToConsole to value 1
Set parameter LogToConsole to value 0
Set parameter LogToConsole to value 1
Set parameter LogToConsole to value 0
augmented lagrangean iteration 1
Set parameter LogToConsole to value 1
Set parameter LogToConsole to value 0
Set parameter LogToConsole to value 1
Set parameter LogToConsole to value 0
Set parameter LogToConsole to value 1
Set parameter LogToConsole to value 0
augmented lagrangean iteration 2
Set parameter LogToConsole to value 1
Set parameter LogToConsole to value 0
Set parameter LogToConsole to value 1
Set parameter LogToConsole to value 0
Set parameter LogToConsole to value 1
Set parameter LogToConsole to value 0
Set parameter LogToConsole to value 1
Set parameter LogToConsole to value 0
        99      5349.14      5375.72   -1127.7240   -1126.4218   0.1156%
Set parameter LogToConsole to value 1
Set parameter LogToConsole to value 0
Set parameter LogToConsole to value 1
Set parameter LogToConsole to value 0
Set parameter LogToConsole to value 1
Set parameter LogToConsole to value 0
augmented lagrangean iteration 0
Set parameter LogToConsole to value 1
Set parameter LogToConsole to value 0
Set parameter LogToConsole to value 1
Set parameter LogToConsole to value 0
Set parameter LogToConsole to value 1
Set parameter LogToConsole to value 0
augmented lagrangean iteration 1
Set parameter LogToConsole to value 1
Set parameter LogToConsole to value 0
Set parameter LogToConsole to value 1
Set parameter LogToConsole to value 0
Set parameter LogToConsole to value 1
Set parameter LogToConsole to value 0
augmented lagrangean iteration 2
Set parameter LogToConsole to value 1
Set parameter LogToConsole to value 0
Set parameter LogToConsole to value 1
Set parameter LogToConsole to value 0
Set parameter LogToConsole to value 1
Set parameter LogToConsole to value 0
Set parameter LogToConsole to value 1
Set parameter LogToConsole to value 0
Set parameter LogToConsole to value 1
Set parameter LogToConsole to value 0
Set parameter LogToConsole to value 1
Set parameter LogToConsole to value 0
Set parameter LogToConsole to value 1
Set parameter LogToConsole to value 0
augmented lagrangean iteration 0
Set parameter LogToConsole to value 1
Set parameter LogToConsole to value 0
Set parameter LogToConsole to value 1
Set parameter LogToConsole to value 0
Set parameter LogToConsole to value 1
Set parameter LogToConsole to value 0
augmented lagrangean iteration 1
Set parameter LogToConsole to value 1
Set parameter LogToConsole to value 0
Set parameter LogToConsole to value 1
Set parameter LogToConsole to value 0
Set parameter LogToConsole to value 1
Set parameter LogToConsole to value 0
augmented lagrangean iteration 2
Set parameter LogToConsole to value 1
Set parameter LogToConsole to value 0
Set parameter LogToConsole to value 1
Set parameter LogToConsole to value 0
Set parameter LogToConsole to value 1
Set parameter LogToConsole to value 0
Set parameter LogToConsole to value 1
Set parameter LogToConsole to value 0
       100      5402.63      5429.34   -1127.7240   -1126.4218   0.1156%
Set parameter LogToConsole to value 1
Set parameter LogToConsole to value 0
Set parameter LogToConsole to value 1
Set parameter LogToConsole to value 0
Set parameter LogToConsole to value 1
Set parameter LogToConsole to value 0
augmented lagrangean iteration 0
Set parameter LogToConsole to value 1
Set parameter LogToConsole to value 0
Set parameter LogToConsole to value 1
Set parameter LogToConsole to value 0
Set parameter LogToConsole to value 1
Set parameter LogToConsole to value 0
augmented lagrangean iteration 1
Set parameter LogToConsole to value 1
Set parameter LogToConsole to value 0
Set parameter LogToConsole to value 1
Set parameter LogToConsole to value 0
Set parameter LogToConsole to value 1
Set parameter LogToConsole to value 0
augmented lagrangean iteration 2
Set parameter LogToConsole to value 1
Set parameter LogToConsole to value 0
Set parameter LogToConsole to value 1
Set parameter LogToConsole to value 0
Set parameter LogToConsole to value 1
Set parameter LogToConsole to value 0
Set parameter LogToConsole to value 1
Set parameter LogToConsole to value 0
Set parameter LogToConsole to value 1
Set parameter LogToConsole to value 0
Set parameter LogToConsole to value 1
Set parameter LogToConsole to value 0
Set parameter LogToConsole to value 1
Set parameter LogToConsole to value 0
augmented lagrangean iteration 0
Set parameter LogToConsole to value 1
Set parameter LogToConsole to value 0
Set parameter LogToConsole to value 1
Set parameter LogToConsole to value 0
Set parameter LogToConsole to value 1
Set parameter LogToConsole to value 0
augmented lagrangean iteration 1
Set parameter LogToConsole to value 1
Set parameter LogToConsole to value 0
Set parameter LogToConsole to value 1
Set parameter LogToConsole to value 0
Set parameter LogToConsole to value 1
Set parameter LogToConsole to value 0
augmented lagrangean iteration 2
Set parameter LogToConsole to value 1
Set parameter LogToConsole to value 0
Set parameter LogToConsole to value 1
Set parameter LogToConsole to value 0
Set parameter LogToConsole to value 1
Set parameter LogToConsole to value 0
Set parameter LogToConsole to value 1
Set parameter LogToConsole to value 0
       101      5451.14      5477.98   -1127.7220   -1126.4218   0.1154%
Set parameter LogToConsole to value 1
Set parameter LogToConsole to value 0
Set parameter LogToConsole to value 1
Set parameter LogToConsole to value 0
Set parameter LogToConsole to value 1
Set parameter LogToConsole to value 0
augmented lagrangean iteration 0
Set parameter LogToConsole to value 1
Set parameter LogToConsole to value 0
Set parameter LogToConsole to value 1
Set parameter LogToConsole to value 0
Set parameter LogToConsole to value 1
Set parameter LogToConsole to value 0
augmented lagrangean iteration 1
Set parameter LogToConsole to value 1
Set parameter LogToConsole to value 0
Set parameter LogToConsole to value 1
Set parameter LogToConsole to value 0
Set parameter LogToConsole to value 1
Set parameter LogToConsole to value 0
augmented lagrangean iteration 2
Set parameter LogToConsole to value 1
Set parameter LogToConsole to value 0
Set parameter LogToConsole to value 1
Set parameter LogToConsole to value 0
Set parameter LogToConsole to value 1
Set parameter LogToConsole to value 0
Set parameter LogToConsole to value 1
Set parameter LogToConsole to value 0
Set parameter LogToConsole to value 1
Set parameter LogToConsole to value 0
Set parameter LogToConsole to value 1
Set parameter LogToConsole to value 0
Set parameter LogToConsole to value 1
Set parameter LogToConsole to value 0
augmented lagrangean iteration 0
Set parameter LogToConsole to value 1
Set parameter LogToConsole to value 0
Set parameter LogToConsole to value 1
Set parameter LogToConsole to value 0
Set parameter LogToConsole to value 1
Set parameter LogToConsole to value 0
augmented lagrangean iteration 1
Set parameter LogToConsole to value 1
Set parameter LogToConsole to value 0
Set parameter LogToConsole to value 1
Set parameter LogToConsole to value 0
Set parameter LogToConsole to value 1
Set parameter LogToConsole to value 0
augmented lagrangean iteration 2
Set parameter LogToConsole to value 1
Set parameter LogToConsole to value 0
Set parameter LogToConsole to value 1
Set parameter LogToConsole to value 0
Set parameter LogToConsole to value 1
Set parameter LogToConsole to value 0
Set parameter LogToConsole to value 1
Set parameter LogToConsole to value 0
       102      5501.72      5528.76   -1127.7220   -1126.4218   0.1154%
Set parameter LogToConsole to value 1
Set parameter LogToConsole to value 0
Set parameter LogToConsole to value 1
Set parameter LogToConsole to value 0
Set parameter LogToConsole to value 1
Set parameter LogToConsole to value 0
augmented lagrangean iteration 0
Set parameter LogToConsole to value 1
Set parameter LogToConsole to value 0
Set parameter LogToConsole to value 1
Set parameter LogToConsole to value 0
Set parameter LogToConsole to value 1
Set parameter LogToConsole to value 0
augmented lagrangean iteration 1
Set parameter LogToConsole to value 1
Set parameter LogToConsole to value 0
Set parameter LogToConsole to value 1
Set parameter LogToConsole to value 0
Set parameter LogToConsole to value 1
Set parameter LogToConsole to value 0
augmented lagrangean iteration 2
Set parameter LogToConsole to value 1
Set parameter LogToConsole to value 0
Set parameter LogToConsole to value 1
Set parameter LogToConsole to value 0
Set parameter LogToConsole to value 1
Set parameter LogToConsole to value 0
Set parameter LogToConsole to value 1
Set parameter LogToConsole to value 0
Set parameter LogToConsole to value 1
Set parameter LogToConsole to value 0
Set parameter LogToConsole to value 1
Set parameter LogToConsole to value 0
Set parameter LogToConsole to value 1
Set parameter LogToConsole to value 0
augmented lagrangean iteration 0
Set parameter LogToConsole to value 1
Set parameter LogToConsole to value 0
Set parameter LogToConsole to value 1
Set parameter LogToConsole to value 0
Set parameter LogToConsole to value 1
Set parameter LogToConsole to value 0
augmented lagrangean iteration 1
Set parameter LogToConsole to value 1
Set parameter LogToConsole to value 0
Set parameter LogToConsole to value 1
Set parameter LogToConsole to value 0
Set parameter LogToConsole to value 1
Set parameter LogToConsole to value 0
augmented lagrangean iteration 2
Set parameter LogToConsole to value 1
Set parameter LogToConsole to value 0
Set parameter LogToConsole to value 1
Set parameter LogToConsole to value 0
Set parameter LogToConsole to value 1
Set parameter LogToConsole to value 0
Set parameter LogToConsole to value 1
Set parameter LogToConsole to value 0
       103      5553.69      5580.85   -1127.7213   -1126.4218   0.1154%
Set parameter LogToConsole to value 1
Set parameter LogToConsole to value 0
Set parameter LogToConsole to value 1
Set parameter LogToConsole to value 0
Set parameter LogToConsole to value 1
Set parameter LogToConsole to value 0
augmented lagrangean iteration 0
Set parameter LogToConsole to value 1
Set parameter LogToConsole to value 0
Set parameter LogToConsole to value 1
Set parameter LogToConsole to value 0
Set parameter LogToConsole to value 1
Set parameter LogToConsole to value 0
augmented lagrangean iteration 1
Set parameter LogToConsole to value 1
Set parameter LogToConsole to value 0
Set parameter LogToConsole to value 1
Set parameter LogToConsole to value 0
Set parameter LogToConsole to value 1
Set parameter LogToConsole to value 0
augmented lagrangean iteration 2
Set parameter LogToConsole to value 1
Set parameter LogToConsole to value 0
Set parameter LogToConsole to value 1
Set parameter LogToConsole to value 0
Set parameter LogToConsole to value 1
Set parameter LogToConsole to value 0
Set parameter LogToConsole to value 1
Set parameter LogToConsole to value 0
Set parameter LogToConsole to value 1
Set parameter LogToConsole to value 0
Set parameter LogToConsole to value 1
Set parameter LogToConsole to value 0
Set parameter LogToConsole to value 1
Set parameter LogToConsole to value 0
augmented lagrangean iteration 0
Set parameter LogToConsole to value 1
Set parameter LogToConsole to value 0
Set parameter LogToConsole to value 1
Set parameter LogToConsole to value 0
Set parameter LogToConsole to value 1
Set parameter LogToConsole to value 0
augmented lagrangean iteration 1
Set parameter LogToConsole to value 1
Set parameter LogToConsole to value 0
Set parameter LogToConsole to value 1
Set parameter LogToConsole to value 0
Set parameter LogToConsole to value 1
Set parameter LogToConsole to value 0
augmented lagrangean iteration 2
Set parameter LogToConsole to value 1
Set parameter LogToConsole to value 0
Set parameter LogToConsole to value 1
Set parameter LogToConsole to value 0
Set parameter LogToConsole to value 1
Set parameter LogToConsole to value 0
Set parameter LogToConsole to value 1
Set parameter LogToConsole to value 0
       104      5604.59      5631.88   -1127.7202   -1126.4218   0.1153%
Set parameter LogToConsole to value 1
Set parameter LogToConsole to value 0
Set parameter LogToConsole to value 1
Set parameter LogToConsole to value 0
Set parameter LogToConsole to value 1
Set parameter LogToConsole to value 0
augmented lagrangean iteration 0
Set parameter LogToConsole to value 1
Set parameter LogToConsole to value 0
Set parameter LogToConsole to value 1
Set parameter LogToConsole to value 0
Set parameter LogToConsole to value 1
Set parameter LogToConsole to value 0
augmented lagrangean iteration 1
Set parameter LogToConsole to value 1
Set parameter LogToConsole to value 0
Set parameter LogToConsole to value 1
Set parameter LogToConsole to value 0
Set parameter LogToConsole to value 1
Set parameter LogToConsole to value 0
augmented lagrangean iteration 2
Set parameter LogToConsole to value 1
Set parameter LogToConsole to value 0
Set parameter LogToConsole to value 1
Set parameter LogToConsole to value 0
Set parameter LogToConsole to value 1
Set parameter LogToConsole to value 0
Set parameter LogToConsole to value 1
Set parameter LogToConsole to value 0
Set parameter LogToConsole to value 1
Set parameter LogToConsole to value 0
Set parameter LogToConsole to value 1
Set parameter LogToConsole to value 0
Set parameter LogToConsole to value 1
Set parameter LogToConsole to value 0
augmented lagrangean iteration 0
Set parameter LogToConsole to value 1
Set parameter LogToConsole to value 0
Set parameter LogToConsole to value 1
Set parameter LogToConsole to value 0
Set parameter LogToConsole to value 1
Set parameter LogToConsole to value 0
augmented lagrangean iteration 1
Set parameter LogToConsole to value 1
Set parameter LogToConsole to value 0
Set parameter LogToConsole to value 1
Set parameter LogToConsole to value 0
Set parameter LogToConsole to value 1
Set parameter LogToConsole to value 0
augmented lagrangean iteration 2
Set parameter LogToConsole to value 1
Set parameter LogToConsole to value 0
Set parameter LogToConsole to value 1
Set parameter LogToConsole to value 0
Set parameter LogToConsole to value 1
Set parameter LogToConsole to value 0
Set parameter LogToConsole to value 1
Set parameter LogToConsole to value 0
       105      5657.35      5684.77   -1127.7202   -1126.4218   0.1153%
Set parameter LogToConsole to value 1
Set parameter LogToConsole to value 0
Set parameter LogToConsole to value 1
Set parameter LogToConsole to value 0
Set parameter LogToConsole to value 1
Set parameter LogToConsole to value 0
augmented lagrangean iteration 0
Set parameter LogToConsole to value 1
Set parameter LogToConsole to value 0
Set parameter LogToConsole to value 1
Set parameter LogToConsole to value 0
Set parameter LogToConsole to value 1
Set parameter LogToConsole to value 0
augmented lagrangean iteration 1
Set parameter LogToConsole to value 1
Set parameter LogToConsole to value 0
Set parameter LogToConsole to value 1
Set parameter LogToConsole to value 0
Set parameter LogToConsole to value 1
Set parameter LogToConsole to value 0
augmented lagrangean iteration 2
Set parameter LogToConsole to value 1
Set parameter LogToConsole to value 0
Set parameter LogToConsole to value 1
Set parameter LogToConsole to value 0
Set parameter LogToConsole to value 1
Set parameter LogToConsole to value 0
Set parameter LogToConsole to value 1
Set parameter LogToConsole to value 0
Set parameter LogToConsole to value 1
Set parameter LogToConsole to value 0
Set parameter LogToConsole to value 1
Set parameter LogToConsole to value 0
Set parameter LogToConsole to value 1
Set parameter LogToConsole to value 0
augmented lagrangean iteration 0
Set parameter LogToConsole to value 1
Set parameter LogToConsole to value 0
Set parameter LogToConsole to value 1
Set parameter LogToConsole to value 0
Set parameter LogToConsole to value 1
Set parameter LogToConsole to value 0
augmented lagrangean iteration 1
Set parameter LogToConsole to value 1
Set parameter LogToConsole to value 0
Set parameter LogToConsole to value 1
Set parameter LogToConsole to value 0
Set parameter LogToConsole to value 1
Set parameter LogToConsole to value 0
augmented lagrangean iteration 2
Set parameter LogToConsole to value 1
Set parameter LogToConsole to value 0
Set parameter LogToConsole to value 1
Set parameter LogToConsole to value 0
Set parameter LogToConsole to value 1
Set parameter LogToConsole to value 0
Set parameter LogToConsole to value 1
Set parameter LogToConsole to value 0
       106      5707.67      5735.21   -1127.7185   -1126.4218   0.1151%
Set parameter LogToConsole to value 1
Set parameter LogToConsole to value 0
Set parameter LogToConsole to value 1
Set parameter LogToConsole to value 0
Set parameter LogToConsole to value 1
Set parameter LogToConsole to value 0
augmented lagrangean iteration 0
Set parameter LogToConsole to value 1
Set parameter LogToConsole to value 0
Set parameter LogToConsole to value 1
Set parameter LogToConsole to value 0
Set parameter LogToConsole to value 1
Set parameter LogToConsole to value 0
augmented lagrangean iteration 1
Set parameter LogToConsole to value 1
Set parameter LogToConsole to value 0
Set parameter LogToConsole to value 1
Set parameter LogToConsole to value 0
Set parameter LogToConsole to value 1
Set parameter LogToConsole to value 0
augmented lagrangean iteration 2
Set parameter LogToConsole to value 1
Set parameter LogToConsole to value 0
Set parameter LogToConsole to value 1
Set parameter LogToConsole to value 0
Set parameter LogToConsole to value 1
Set parameter LogToConsole to value 0
Set parameter LogToConsole to value 1
Set parameter LogToConsole to value 0
Set parameter LogToConsole to value 1
Set parameter LogToConsole to value 0
Set parameter LogToConsole to value 1
Set parameter LogToConsole to value 0
Set parameter LogToConsole to value 1
Set parameter LogToConsole to value 0
augmented lagrangean iteration 0
Set parameter LogToConsole to value 1
Set parameter LogToConsole to value 0
Set parameter LogToConsole to value 1
Set parameter LogToConsole to value 0
Set parameter LogToConsole to value 1
Set parameter LogToConsole to value 0
augmented lagrangean iteration 1
Set parameter LogToConsole to value 1
Set parameter LogToConsole to value 0
Set parameter LogToConsole to value 1
Set parameter LogToConsole to value 0
Set parameter LogToConsole to value 1
Set parameter LogToConsole to value 0
augmented lagrangean iteration 2
Set parameter LogToConsole to value 1
Set parameter LogToConsole to value 0
Set parameter LogToConsole to value 1
Set parameter LogToConsole to value 0
Set parameter LogToConsole to value 1
Set parameter LogToConsole to value 0
Set parameter LogToConsole to value 1
Set parameter LogToConsole to value 0
       107      5755.86      5783.54   -1127.7184   -1126.4218   0.1151%
Set parameter LogToConsole to value 1
Set parameter LogToConsole to value 0
Set parameter LogToConsole to value 1
Set parameter LogToConsole to value 0
Set parameter LogToConsole to value 1
Set parameter LogToConsole to value 0
augmented lagrangean iteration 0
Set parameter LogToConsole to value 1
Set parameter LogToConsole to value 0
Set parameter LogToConsole to value 1
Set parameter LogToConsole to value 0
Set parameter LogToConsole to value 1
Set parameter LogToConsole to value 0
augmented lagrangean iteration 1
Set parameter LogToConsole to value 1
Set parameter LogToConsole to value 0
Set parameter LogToConsole to value 1
Set parameter LogToConsole to value 0
Set parameter LogToConsole to value 1
Set parameter LogToConsole to value 0
augmented lagrangean iteration 2
Set parameter LogToConsole to value 1
Set parameter LogToConsole to value 0
Set parameter LogToConsole to value 1
Set parameter LogToConsole to value 0
Set parameter LogToConsole to value 1
Set parameter LogToConsole to value 0
Set parameter LogToConsole to value 1
Set parameter LogToConsole to value 0
Set parameter LogToConsole to value 1
Set parameter LogToConsole to value 0
Set parameter LogToConsole to value 1
Set parameter LogToConsole to value 0
Set parameter LogToConsole to value 1
Set parameter LogToConsole to value 0
augmented lagrangean iteration 0
Set parameter LogToConsole to value 1
Set parameter LogToConsole to value 0
Set parameter LogToConsole to value 1
Set parameter LogToConsole to value 0
Set parameter LogToConsole to value 1
Set parameter LogToConsole to value 0
augmented lagrangean iteration 1
Set parameter LogToConsole to value 1
Set parameter LogToConsole to value 0
Set parameter LogToConsole to value 1
Set parameter LogToConsole to value 0
Set parameter LogToConsole to value 1
Set parameter LogToConsole to value 0
augmented lagrangean iteration 2
Set parameter LogToConsole to value 1
Set parameter LogToConsole to value 0
Set parameter LogToConsole to value 1
Set parameter LogToConsole to value 0
Set parameter LogToConsole to value 1
Set parameter LogToConsole to value 0
Set parameter LogToConsole to value 1
Set parameter LogToConsole to value 0
       108      5811.94      5839.74   -1127.7182   -1126.4218   0.1151%
Set parameter LogToConsole to value 1
Set parameter LogToConsole to value 0
Set parameter LogToConsole to value 1
Set parameter LogToConsole to value 0
Set parameter LogToConsole to value 1
Set parameter LogToConsole to value 0
augmented lagrangean iteration 0
Set parameter LogToConsole to value 1
Set parameter LogToConsole to value 0
Set parameter LogToConsole to value 1
Set parameter LogToConsole to value 0
Set parameter LogToConsole to value 1
Set parameter LogToConsole to value 0
augmented lagrangean iteration 1
Set parameter LogToConsole to value 1
Set parameter LogToConsole to value 0
Set parameter LogToConsole to value 1
Set parameter LogToConsole to value 0
Set parameter LogToConsole to value 1
Set parameter LogToConsole to value 0
augmented lagrangean iteration 2
Set parameter LogToConsole to value 1
Set parameter LogToConsole to value 0
Set parameter LogToConsole to value 1
Set parameter LogToConsole to value 0
Set parameter LogToConsole to value 1
Set parameter LogToConsole to value 0
Set parameter LogToConsole to value 1
Set parameter LogToConsole to value 0
Set parameter LogToConsole to value 1
Set parameter LogToConsole to value 0
Set parameter LogToConsole to value 1
Set parameter LogToConsole to value 0
Set parameter LogToConsole to value 1
Set parameter LogToConsole to value 0
augmented lagrangean iteration 0
Set parameter LogToConsole to value 1
Set parameter LogToConsole to value 0
Set parameter LogToConsole to value 1
Set parameter LogToConsole to value 0
Set parameter LogToConsole to value 1
Set parameter LogToConsole to value 0
augmented lagrangean iteration 1
Set parameter LogToConsole to value 1
Set parameter LogToConsole to value 0
Set parameter LogToConsole to value 1
Set parameter LogToConsole to value 0
Set parameter LogToConsole to value 1
Set parameter LogToConsole to value 0
augmented lagrangean iteration 2
Set parameter LogToConsole to value 1
Set parameter LogToConsole to value 0
Set parameter LogToConsole to value 1
Set parameter LogToConsole to value 0
Set parameter LogToConsole to value 1
Set parameter LogToConsole to value 0
Set parameter LogToConsole to value 1
Set parameter LogToConsole to value 0
       109      5861.57      5889.51   -1127.7176   -1126.4218   0.1150%
Set parameter LogToConsole to value 1
Set parameter LogToConsole to value 0
Set parameter LogToConsole to value 1
Set parameter LogToConsole to value 0
Set parameter LogToConsole to value 1
Set parameter LogToConsole to value 0
augmented lagrangean iteration 0
Set parameter LogToConsole to value 1
Set parameter LogToConsole to value 0
Set parameter LogToConsole to value 1
Set parameter LogToConsole to value 0
Set parameter LogToConsole to value 1
Set parameter LogToConsole to value 0
augmented lagrangean iteration 1
Set parameter LogToConsole to value 1
Set parameter LogToConsole to value 0
Set parameter LogToConsole to value 1
Set parameter LogToConsole to value 0
Set parameter LogToConsole to value 1
Set parameter LogToConsole to value 0
augmented lagrangean iteration 2
Set parameter LogToConsole to value 1
Set parameter LogToConsole to value 0
Set parameter LogToConsole to value 1
Set parameter LogToConsole to value 0
Set parameter LogToConsole to value 1
Set parameter LogToConsole to value 0
Set parameter LogToConsole to value 1
Set parameter LogToConsole to value 0
Set parameter LogToConsole to value 1
Set parameter LogToConsole to value 0
Set parameter LogToConsole to value 1
Set parameter LogToConsole to value 0
       110      5886.82      5914.83   -1127.7164   -1126.4218   0.1149%
Set parameter LogToConsole to value 1
Set parameter LogToConsole to value 0
Set parameter LogToConsole to value 1
Set parameter LogToConsole to value 0
Set parameter LogToConsole to value 1
Set parameter LogToConsole to value 0
augmented lagrangean iteration 0
Set parameter LogToConsole to value 1
Set parameter LogToConsole to value 0
Set parameter LogToConsole to value 1
Set parameter LogToConsole to value 0
Set parameter LogToConsole to value 1
Set parameter LogToConsole to value 0
augmented lagrangean iteration 1
Set parameter LogToConsole to value 1
Set parameter LogToConsole to value 0
Set parameter LogToConsole to value 1
Set parameter LogToConsole to value 0
Set parameter LogToConsole to value 1
Set parameter LogToConsole to value 0
augmented lagrangean iteration 2
Set parameter LogToConsole to value 1
Set parameter LogToConsole to value 0
Set parameter LogToConsole to value 1
Set parameter LogToConsole to value 0
Set parameter LogToConsole to value 1
Set parameter LogToConsole to value 0
Set parameter LogToConsole to value 1
Set parameter LogToConsole to value 0
Set parameter LogToConsole to value 1
Set parameter LogToConsole to value 0
Set parameter LogToConsole to value 1
Set parameter LogToConsole to value 0
Set parameter LogToConsole to value 1
Set parameter LogToConsole to value 0
augmented lagrangean iteration 0
Set parameter LogToConsole to value 1
Set parameter LogToConsole to value 0
Set parameter LogToConsole to value 1
Set parameter LogToConsole to value 0
Set parameter LogToConsole to value 1
Set parameter LogToConsole to value 0
augmented lagrangean iteration 1
Set parameter LogToConsole to value 1
Set parameter LogToConsole to value 0
Set parameter LogToConsole to value 1
Set parameter LogToConsole to value 0
Set parameter LogToConsole to value 1
Set parameter LogToConsole to value 0
augmented lagrangean iteration 2
Set parameter LogToConsole to value 1
Set parameter LogToConsole to value 0
Set parameter LogToConsole to value 1
Set parameter LogToConsole to value 0
Set parameter LogToConsole to value 1
Set parameter LogToConsole to value 0
Set parameter LogToConsole to value 1
Set parameter LogToConsole to value 0
       111      5939.50      5967.65   -1127.7149   -1126.4218   0.1148%
Set parameter LogToConsole to value 1
Set parameter LogToConsole to value 0
Set parameter LogToConsole to value 1
Set parameter LogToConsole to value 0
Set parameter LogToConsole to value 1
Set parameter LogToConsole to value 0
augmented lagrangean iteration 0
Set parameter LogToConsole to value 1
Set parameter LogToConsole to value 0
Set parameter LogToConsole to value 1
Set parameter LogToConsole to value 0
Set parameter LogToConsole to value 1
Set parameter LogToConsole to value 0
augmented lagrangean iteration 1
Set parameter LogToConsole to value 1
Set parameter LogToConsole to value 0
Set parameter LogToConsole to value 1
Set parameter LogToConsole to value 0
Set parameter LogToConsole to value 1
Set parameter LogToConsole to value 0
augmented lagrangean iteration 2
Set parameter LogToConsole to value 1
Set parameter LogToConsole to value 0
Set parameter LogToConsole to value 1
Set parameter LogToConsole to value 0
Set parameter LogToConsole to value 1
Set parameter LogToConsole to value 0
Set parameter LogToConsole to value 1
Set parameter LogToConsole to value 0
Set parameter LogToConsole to value 1
Set parameter LogToConsole to value 0
Set parameter LogToConsole to value 1
Set parameter LogToConsole to value 0
       112      5964.94      5993.16   -1127.7146   -1126.4218   0.1148%
Set parameter LogToConsole to value 1
Set parameter LogToConsole to value 0
Set parameter LogToConsole to value 1
Set parameter LogToConsole to value 0
Set parameter LogToConsole to value 1
Set parameter LogToConsole to value 0
augmented lagrangean iteration 0
Set parameter LogToConsole to value 1
Set parameter LogToConsole to value 0
Set parameter LogToConsole to value 1
Set parameter LogToConsole to value 0
Set parameter LogToConsole to value 1
Set parameter LogToConsole to value 0
augmented lagrangean iteration 1
Set parameter LogToConsole to value 1
Set parameter LogToConsole to value 0
Set parameter LogToConsole to value 1
Set parameter LogToConsole to value 0
Set parameter LogToConsole to value 1
Set parameter LogToConsole to value 0
augmented lagrangean iteration 2
Set parameter LogToConsole to value 1
Set parameter LogToConsole to value 0
Set parameter LogToConsole to value 1
Set parameter LogToConsole to value 0
Set parameter LogToConsole to value 1
Set parameter LogToConsole to value 0
Set parameter LogToConsole to value 1
Set parameter LogToConsole to value 0
Set parameter LogToConsole to value 1
Set parameter LogToConsole to value 0
Set parameter LogToConsole to value 1
Set parameter LogToConsole to value 0
Set parameter LogToConsole to value 1
Set parameter LogToConsole to value 0
augmented lagrangean iteration 0
Set parameter LogToConsole to value 1
Set parameter LogToConsole to value 0
Set parameter LogToConsole to value 1
Set parameter LogToConsole to value 0
Set parameter LogToConsole to value 1
Set parameter LogToConsole to value 0
augmented lagrangean iteration 1
Set parameter LogToConsole to value 1
Set parameter LogToConsole to value 0
Set parameter LogToConsole to value 1
Set parameter LogToConsole to value 0
Set parameter LogToConsole to value 1
Set parameter LogToConsole to value 0
augmented lagrangean iteration 2
Set parameter LogToConsole to value 1
Set parameter LogToConsole to value 0
Set parameter LogToConsole to value 1
Set parameter LogToConsole to value 0
Set parameter LogToConsole to value 1
Set parameter LogToConsole to value 0
Set parameter LogToConsole to value 1
Set parameter LogToConsole to value 0
       113      6014.49      6042.84   -1127.7136   -1126.4218   0.1147%
Set parameter LogToConsole to value 1
Set parameter LogToConsole to value 0
Set parameter LogToConsole to value 1
Set parameter LogToConsole to value 0
Set parameter LogToConsole to value 1
Set parameter LogToConsole to value 0
augmented lagrangean iteration 0
Set parameter LogToConsole to value 1
Set parameter LogToConsole to value 0
Set parameter LogToConsole to value 1
Set parameter LogToConsole to value 0
Set parameter LogToConsole to value 1
Set parameter LogToConsole to value 0
augmented lagrangean iteration 1
Set parameter LogToConsole to value 1
Set parameter LogToConsole to value 0
Set parameter LogToConsole to value 1
Set parameter LogToConsole to value 0
Set parameter LogToConsole to value 1
Set parameter LogToConsole to value 0
augmented lagrangean iteration 2
Set parameter LogToConsole to value 1
Set parameter LogToConsole to value 0
Set parameter LogToConsole to value 1
Set parameter LogToConsole to value 0
Set parameter LogToConsole to value 1
Set parameter LogToConsole to value 0
Set parameter LogToConsole to value 1
Set parameter LogToConsole to value 0
Set parameter LogToConsole to value 1
Set parameter LogToConsole to value 0
Set parameter LogToConsole to value 1
Set parameter LogToConsole to value 0
Set parameter LogToConsole to value 1
Set parameter LogToConsole to value 0
augmented lagrangean iteration 0
Set parameter LogToConsole to value 1
Set parameter LogToConsole to value 0
Set parameter LogToConsole to value 1
Set parameter LogToConsole to value 0
Set parameter LogToConsole to value 1
Set parameter LogToConsole to value 0
augmented lagrangean iteration 1
Set parameter LogToConsole to value 1
Set parameter LogToConsole to value 0
Set parameter LogToConsole to value 1
Set parameter LogToConsole to value 0
Set parameter LogToConsole to value 1
Set parameter LogToConsole to value 0
augmented lagrangean iteration 2
Set parameter LogToConsole to value 1
Set parameter LogToConsole to value 0
Set parameter LogToConsole to value 1
Set parameter LogToConsole to value 0
Set parameter LogToConsole to value 1
Set parameter LogToConsole to value 0
Set parameter LogToConsole to value 1
Set parameter LogToConsole to value 0
       114      6062.55      6091.04   -1127.7128   -1126.4218   0.1146%
Set parameter LogToConsole to value 1
Set parameter LogToConsole to value 0
Set parameter LogToConsole to value 1
Set parameter LogToConsole to value 0
Set parameter LogToConsole to value 1
Set parameter LogToConsole to value 0
augmented lagrangean iteration 0
Set parameter LogToConsole to value 1
Set parameter LogToConsole to value 0
Set parameter LogToConsole to value 1
Set parameter LogToConsole to value 0
Set parameter LogToConsole to value 1
Set parameter LogToConsole to value 0
augmented lagrangean iteration 1
Set parameter LogToConsole to value 1
Set parameter LogToConsole to value 0
Set parameter LogToConsole to value 1
Set parameter LogToConsole to value 0
Set parameter LogToConsole to value 1
Set parameter LogToConsole to value 0
augmented lagrangean iteration 2
Set parameter LogToConsole to value 1
Set parameter LogToConsole to value 0
Set parameter LogToConsole to value 1
Set parameter LogToConsole to value 0
Set parameter LogToConsole to value 1
Set parameter LogToConsole to value 0
Set parameter LogToConsole to value 1
Set parameter LogToConsole to value 0
Set parameter LogToConsole to value 1
Set parameter LogToConsole to value 0
Set parameter LogToConsole to value 1
Set parameter LogToConsole to value 0
Set parameter LogToConsole to value 1
Set parameter LogToConsole to value 0
augmented lagrangean iteration 0
Set parameter LogToConsole to value 1
Set parameter LogToConsole to value 0
Set parameter LogToConsole to value 1
Set parameter LogToConsole to value 0
Set parameter LogToConsole to value 1
Set parameter LogToConsole to value 0
augmented lagrangean iteration 1
Set parameter LogToConsole to value 1
Set parameter LogToConsole to value 0
Set parameter LogToConsole to value 1
Set parameter LogToConsole to value 0
Set parameter LogToConsole to value 1
Set parameter LogToConsole to value 0
augmented lagrangean iteration 2
Set parameter LogToConsole to value 1
Set parameter LogToConsole to value 0
Set parameter LogToConsole to value 1
Set parameter LogToConsole to value 0
Set parameter LogToConsole to value 1
Set parameter LogToConsole to value 0
Set parameter LogToConsole to value 1
Set parameter LogToConsole to value 0
       115      6114.93      6143.55   -1127.7108   -1126.4218   0.1144%
Set parameter LogToConsole to value 1
Set parameter LogToConsole to value 0
Set parameter LogToConsole to value 1
Set parameter LogToConsole to value 0
Set parameter LogToConsole to value 1
Set parameter LogToConsole to value 0
augmented lagrangean iteration 0
Set parameter LogToConsole to value 1
Set parameter LogToConsole to value 0
Set parameter LogToConsole to value 1
Set parameter LogToConsole to value 0
Set parameter LogToConsole to value 1
Set parameter LogToConsole to value 0
augmented lagrangean iteration 1
Set parameter LogToConsole to value 1
Set parameter LogToConsole to value 0
Set parameter LogToConsole to value 1
Set parameter LogToConsole to value 0
Set parameter LogToConsole to value 1
Set parameter LogToConsole to value 0
augmented lagrangean iteration 2
Set parameter LogToConsole to value 1
Set parameter LogToConsole to value 0
Set parameter LogToConsole to value 1
Set parameter LogToConsole to value 0
Set parameter LogToConsole to value 1
Set parameter LogToConsole to value 0
Set parameter LogToConsole to value 1
Set parameter LogToConsole to value 0
Set parameter LogToConsole to value 1
Set parameter LogToConsole to value 0
Set parameter LogToConsole to value 1
Set parameter LogToConsole to value 0
Set parameter LogToConsole to value 1
Set parameter LogToConsole to value 0
augmented lagrangean iteration 0
Set parameter LogToConsole to value 1
Set parameter LogToConsole to value 0
Set parameter LogToConsole to value 1
Set parameter LogToConsole to value 0
Set parameter LogToConsole to value 1
Set parameter LogToConsole to value 0
augmented lagrangean iteration 1
Set parameter LogToConsole to value 1
Set parameter LogToConsole to value 0
Set parameter LogToConsole to value 1
Set parameter LogToConsole to value 0
Set parameter LogToConsole to value 1
Set parameter LogToConsole to value 0
augmented lagrangean iteration 2
Set parameter LogToConsole to value 1
Set parameter LogToConsole to value 0
Set parameter LogToConsole to value 1
Set parameter LogToConsole to value 0
Set parameter LogToConsole to value 1
Set parameter LogToConsole to value 0
Set parameter LogToConsole to value 1
Set parameter LogToConsole to value 0
       116      6165.14      6193.89   -1127.7105   -1126.4218   0.1144%
Set parameter LogToConsole to value 1
Set parameter LogToConsole to value 0
Set parameter LogToConsole to value 1
Set parameter LogToConsole to value 0
Set parameter LogToConsole to value 1
Set parameter LogToConsole to value 0
augmented lagrangean iteration 0
Set parameter LogToConsole to value 1
Set parameter LogToConsole to value 0
Set parameter LogToConsole to value 1
Set parameter LogToConsole to value 0
Set parameter LogToConsole to value 1
Set parameter LogToConsole to value 0
augmented lagrangean iteration 1
Set parameter LogToConsole to value 1
Set parameter LogToConsole to value 0
Set parameter LogToConsole to value 1
Set parameter LogToConsole to value 0
Set parameter LogToConsole to value 1
Set parameter LogToConsole to value 0
augmented lagrangean iteration 2
Set parameter LogToConsole to value 1
Set parameter LogToConsole to value 0
Set parameter LogToConsole to value 1
Set parameter LogToConsole to value 0
Set parameter LogToConsole to value 1
Set parameter LogToConsole to value 0
Set parameter LogToConsole to value 1
Set parameter LogToConsole to value 0
Set parameter LogToConsole to value 1
Set parameter LogToConsole to value 0
Set parameter LogToConsole to value 1
Set parameter LogToConsole to value 0
       117      6191.65      6220.48   -1127.7078   -1126.4218   0.1142%
Set parameter LogToConsole to value 1
Set parameter LogToConsole to value 0
Set parameter LogToConsole to value 1
Set parameter LogToConsole to value 0
Set parameter LogToConsole to value 1
Set parameter LogToConsole to value 0
augmented lagrangean iteration 0
Set parameter LogToConsole to value 1
Set parameter LogToConsole to value 0
Set parameter LogToConsole to value 1
Set parameter LogToConsole to value 0
Set parameter LogToConsole to value 1
Set parameter LogToConsole to value 0
augmented lagrangean iteration 1
Set parameter LogToConsole to value 1
Set parameter LogToConsole to value 0
Set parameter LogToConsole to value 1
Set parameter LogToConsole to value 0
Set parameter LogToConsole to value 1
Set parameter LogToConsole to value 0
augmented lagrangean iteration 2
Set parameter LogToConsole to value 1
Set parameter LogToConsole to value 0
Set parameter LogToConsole to value 1
Set parameter LogToConsole to value 0
Set parameter LogToConsole to value 1
Set parameter LogToConsole to value 0
Set parameter LogToConsole to value 1
Set parameter LogToConsole to value 0
Set parameter LogToConsole to value 1
Set parameter LogToConsole to value 0
Set parameter LogToConsole to value 1
Set parameter LogToConsole to value 0
       118      6219.23      6248.14   -1127.7058   -1126.4218   0.1140%
Set parameter LogToConsole to value 1
Set parameter LogToConsole to value 0
Set parameter LogToConsole to value 1
Set parameter LogToConsole to value 0
Set parameter LogToConsole to value 1
Set parameter LogToConsole to value 0
augmented lagrangean iteration 0
Set parameter LogToConsole to value 1
Set parameter LogToConsole to value 0
Set parameter LogToConsole to value 1
Set parameter LogToConsole to value 0
Set parameter LogToConsole to value 1
Set parameter LogToConsole to value 0
augmented lagrangean iteration 1
Set parameter LogToConsole to value 1
Set parameter LogToConsole to value 0
Set parameter LogToConsole to value 1
Set parameter LogToConsole to value 0
Set parameter LogToConsole to value 1
Set parameter LogToConsole to value 0
augmented lagrangean iteration 2
Set parameter LogToConsole to value 1
Set parameter LogToConsole to value 0
Set parameter LogToConsole to value 1
Set parameter LogToConsole to value 0
Set parameter LogToConsole to value 1
Set parameter LogToConsole to value 0
Set parameter LogToConsole to value 1
Set parameter LogToConsole to value 0
Set parameter LogToConsole to value 1
Set parameter LogToConsole to value 0
Set parameter LogToConsole to value 1
Set parameter LogToConsole to value 0
Set parameter LogToConsole to value 1
Set parameter LogToConsole to value 0
augmented lagrangean iteration 0
Set parameter LogToConsole to value 1
Set parameter LogToConsole to value 0
Set parameter LogToConsole to value 1
Set parameter LogToConsole to value 0
Set parameter LogToConsole to value 1
Set parameter LogToConsole to value 0
augmented lagrangean iteration 1
Set parameter LogToConsole to value 1
Set parameter LogToConsole to value 0
Set parameter LogToConsole to value 1
Set parameter LogToConsole to value 0
Set parameter LogToConsole to value 1
Set parameter LogToConsole to value 0
augmented lagrangean iteration 2
Set parameter LogToConsole to value 1
Set parameter LogToConsole to value 0
Set parameter LogToConsole to value 1
Set parameter LogToConsole to value 0
Set parameter LogToConsole to value 1
Set parameter LogToConsole to value 0
Set parameter LogToConsole to value 1
Set parameter LogToConsole to value 0
       119      6268.99      6298.03   -1127.7050   -1126.4218   0.1139%
Set parameter LogToConsole to value 1
Set parameter LogToConsole to value 0
Set parameter LogToConsole to value 1
Set parameter LogToConsole to value 0
Set parameter LogToConsole to value 1
Set parameter LogToConsole to value 0
augmented lagrangean iteration 0
Set parameter LogToConsole to value 1
Set parameter LogToConsole to value 0
Set parameter LogToConsole to value 1
Set parameter LogToConsole to value 0
Set parameter LogToConsole to value 1
Set parameter LogToConsole to value 0
augmented lagrangean iteration 1
Set parameter LogToConsole to value 1
Set parameter LogToConsole to value 0
Set parameter LogToConsole to value 1
Set parameter LogToConsole to value 0
Set parameter LogToConsole to value 1
Set parameter LogToConsole to value 0
augmented lagrangean iteration 2
Set parameter LogToConsole to value 1
Set parameter LogToConsole to value 0
Set parameter LogToConsole to value 1
Set parameter LogToConsole to value 0
Set parameter LogToConsole to value 1
Set parameter LogToConsole to value 0
Set parameter LogToConsole to value 1
Set parameter LogToConsole to value 0
Set parameter LogToConsole to value 1
Set parameter LogToConsole to value 0
Set parameter LogToConsole to value 1
Set parameter LogToConsole to value 0
       120      6295.29      6324.40   -1127.7034   -1126.4218   0.1138%
Set parameter LogToConsole to value 1
Set parameter LogToConsole to value 0
Set parameter LogToConsole to value 1
Set parameter LogToConsole to value 0
Set parameter LogToConsole to value 1
Set parameter LogToConsole to value 0
augmented lagrangean iteration 0
Set parameter LogToConsole to value 1
Set parameter LogToConsole to value 0
Set parameter LogToConsole to value 1
Set parameter LogToConsole to value 0
Set parameter LogToConsole to value 1
Set parameter LogToConsole to value 0
augmented lagrangean iteration 1
Set parameter LogToConsole to value 1
Set parameter LogToConsole to value 0
Set parameter LogToConsole to value 1
Set parameter LogToConsole to value 0
Set parameter LogToConsole to value 1
Set parameter LogToConsole to value 0
augmented lagrangean iteration 2
Set parameter LogToConsole to value 1
Set parameter LogToConsole to value 0
Set parameter LogToConsole to value 1
Set parameter LogToConsole to value 0
Set parameter LogToConsole to value 1
Set parameter LogToConsole to value 0
Set parameter LogToConsole to value 1
Set parameter LogToConsole to value 0
Set parameter LogToConsole to value 1
Set parameter LogToConsole to value 0
Set parameter LogToConsole to value 1
Set parameter LogToConsole to value 0
       121      6321.98      6351.17   -1127.7030   -1126.4218   0.1137%
Set parameter LogToConsole to value 1
Set parameter LogToConsole to value 0
Set parameter LogToConsole to value 1
Set parameter LogToConsole to value 0
Set parameter LogToConsole to value 1
Set parameter LogToConsole to value 0
augmented lagrangean iteration 0
Set parameter LogToConsole to value 1
Set parameter LogToConsole to value 0
Set parameter LogToConsole to value 1
Set parameter LogToConsole to value 0
Set parameter LogToConsole to value 1
Set parameter LogToConsole to value 0
augmented lagrangean iteration 1
Set parameter LogToConsole to value 1
Set parameter LogToConsole to value 0
Set parameter LogToConsole to value 1
Set parameter LogToConsole to value 0
Set parameter LogToConsole to value 1
Set parameter LogToConsole to value 0
augmented lagrangean iteration 2
Set parameter LogToConsole to value 1
Set parameter LogToConsole to value 0
Set parameter LogToConsole to value 1
Set parameter LogToConsole to value 0
Set parameter LogToConsole to value 1
Set parameter LogToConsole to value 0
Set parameter LogToConsole to value 1
Set parameter LogToConsole to value 0
Set parameter LogToConsole to value 1
Set parameter LogToConsole to value 0
Set parameter LogToConsole to value 1
Set parameter LogToConsole to value 0
Set parameter LogToConsole to value 1
Set parameter LogToConsole to value 0
augmented lagrangean iteration 0
Set parameter LogToConsole to value 1
Set parameter LogToConsole to value 0
Set parameter LogToConsole to value 1
Set parameter LogToConsole to value 0
Set parameter LogToConsole to value 1
Set parameter LogToConsole to value 0
augmented lagrangean iteration 1
Set parameter LogToConsole to value 1
Set parameter LogToConsole to value 0
Set parameter LogToConsole to value 1
Set parameter LogToConsole to value 0
Set parameter LogToConsole to value 1
Set parameter LogToConsole to value 0
augmented lagrangean iteration 2
Set parameter LogToConsole to value 1
Set parameter LogToConsole to value 0
Set parameter LogToConsole to value 1
Set parameter LogToConsole to value 0
Set parameter LogToConsole to value 1
Set parameter LogToConsole to value 0
Set parameter LogToConsole to value 1
Set parameter LogToConsole to value 0
       122      6370.70      6400.03   -1127.7028   -1126.4218   0.1137%
Set parameter LogToConsole to value 1
Set parameter LogToConsole to value 0
Set parameter LogToConsole to value 1
Set parameter LogToConsole to value 0
Set parameter LogToConsole to value 1
Set parameter LogToConsole to value 0
augmented lagrangean iteration 0
Set parameter LogToConsole to value 1
Set parameter LogToConsole to value 0
Set parameter LogToConsole to value 1
Set parameter LogToConsole to value 0
Set parameter LogToConsole to value 1
Set parameter LogToConsole to value 0
augmented lagrangean iteration 1
Set parameter LogToConsole to value 1
Set parameter LogToConsole to value 0
Set parameter LogToConsole to value 1
Set parameter LogToConsole to value 0
Set parameter LogToConsole to value 1
Set parameter LogToConsole to value 0
augmented lagrangean iteration 2
Set parameter LogToConsole to value 1
Set parameter LogToConsole to value 0
Set parameter LogToConsole to value 1
Set parameter LogToConsole to value 0
Set parameter LogToConsole to value 1
Set parameter LogToConsole to value 0
Set parameter LogToConsole to value 1
Set parameter LogToConsole to value 0
Set parameter LogToConsole to value 1
Set parameter LogToConsole to value 0
Set parameter LogToConsole to value 1
Set parameter LogToConsole to value 0
       123      6397.54      6426.95   -1127.7020   -1126.4218   0.1136%
Set parameter LogToConsole to value 1
Set parameter LogToConsole to value 0
Set parameter LogToConsole to value 1
Set parameter LogToConsole to value 0
Set parameter LogToConsole to value 1
Set parameter LogToConsole to value 0
augmented lagrangean iteration 0
Set parameter LogToConsole to value 1
Set parameter LogToConsole to value 0
Set parameter LogToConsole to value 1
Set parameter LogToConsole to value 0
Set parameter LogToConsole to value 1
Set parameter LogToConsole to value 0
augmented lagrangean iteration 1
Set parameter LogToConsole to value 1
Set parameter LogToConsole to value 0
Set parameter LogToConsole to value 1
Set parameter LogToConsole to value 0
Set parameter LogToConsole to value 1
Set parameter LogToConsole to value 0
augmented lagrangean iteration 2
Set parameter LogToConsole to value 1
Set parameter LogToConsole to value 0
Set parameter LogToConsole to value 1
Set parameter LogToConsole to value 0
Set parameter LogToConsole to value 1
Set parameter LogToConsole to value 0
Set parameter LogToConsole to value 1
Set parameter LogToConsole to value 0
Set parameter LogToConsole to value 1
Set parameter LogToConsole to value 0
Set parameter LogToConsole to value 1
Set parameter LogToConsole to value 0
Set parameter LogToConsole to value 1
Set parameter LogToConsole to value 0
augmented lagrangean iteration 0
Set parameter LogToConsole to value 1
Set parameter LogToConsole to value 0
Set parameter LogToConsole to value 1
Set parameter LogToConsole to value 0
Set parameter LogToConsole to value 1
Set parameter LogToConsole to value 0
augmented lagrangean iteration 1
Set parameter LogToConsole to value 1
Set parameter LogToConsole to value 0
Set parameter LogToConsole to value 1
Set parameter LogToConsole to value 0
Set parameter LogToConsole to value 1
Set parameter LogToConsole to value 0
augmented lagrangean iteration 2
Set parameter LogToConsole to value 1
Set parameter LogToConsole to value 0
Set parameter LogToConsole to value 1
Set parameter LogToConsole to value 0
Set parameter LogToConsole to value 1
Set parameter LogToConsole to value 0
Set parameter LogToConsole to value 1
Set parameter LogToConsole to value 0
       124      6464.20      6493.74   -1127.7020   -1126.4218   0.1136%
Set parameter LogToConsole to value 1
Set parameter LogToConsole to value 0
Set parameter LogToConsole to value 1
Set parameter LogToConsole to value 0
Set parameter LogToConsole to value 1
Set parameter LogToConsole to value 0
augmented lagrangean iteration 0
Set parameter LogToConsole to value 1
Set parameter LogToConsole to value 0
Set parameter LogToConsole to value 1
Set parameter LogToConsole to value 0
Set parameter LogToConsole to value 1
Set parameter LogToConsole to value 0
augmented lagrangean iteration 1
Set parameter LogToConsole to value 1
Set parameter LogToConsole to value 0
Set parameter LogToConsole to value 1
Set parameter LogToConsole to value 0
Set parameter LogToConsole to value 1
Set parameter LogToConsole to value 0
augmented lagrangean iteration 2
Set parameter LogToConsole to value 1
Set parameter LogToConsole to value 0
Set parameter LogToConsole to value 1
Set parameter LogToConsole to value 0
Set parameter LogToConsole to value 1
Set parameter LogToConsole to value 0
Set parameter LogToConsole to value 1
Set parameter LogToConsole to value 0
Set parameter LogToConsole to value 1
Set parameter LogToConsole to value 0
Set parameter LogToConsole to value 1
Set parameter LogToConsole to value 0
Set parameter LogToConsole to value 1
Set parameter LogToConsole to value 0
augmented lagrangean iteration 0
Set parameter LogToConsole to value 1
Set parameter LogToConsole to value 0
Set parameter LogToConsole to value 1
Set parameter LogToConsole to value 0
Set parameter LogToConsole to value 1
Set parameter LogToConsole to value 0
augmented lagrangean iteration 1
Set parameter LogToConsole to value 1
Set parameter LogToConsole to value 0
Set parameter LogToConsole to value 1
Set parameter LogToConsole to value 0
Set parameter LogToConsole to value 1
Set parameter LogToConsole to value 0
augmented lagrangean iteration 2
Set parameter LogToConsole to value 1
Set parameter LogToConsole to value 0
Set parameter LogToConsole to value 1
Set parameter LogToConsole to value 0
Set parameter LogToConsole to value 1
Set parameter LogToConsole to value 0
Set parameter LogToConsole to value 1
Set parameter LogToConsole to value 0
       125      6525.60      6555.26   -1127.7017   -1126.4218   0.1136%
Set parameter LogToConsole to value 1
Set parameter LogToConsole to value 0
Set parameter LogToConsole to value 1
Set parameter LogToConsole to value 0
Set parameter LogToConsole to value 1
Set parameter LogToConsole to value 0
augmented lagrangean iteration 0
Set parameter LogToConsole to value 1
Set parameter LogToConsole to value 0
Set parameter LogToConsole to value 1
Set parameter LogToConsole to value 0
Set parameter LogToConsole to value 1
Set parameter LogToConsole to value 0
augmented lagrangean iteration 1
Set parameter LogToConsole to value 1
Set parameter LogToConsole to value 0
Set parameter LogToConsole to value 1
Set parameter LogToConsole to value 0
Set parameter LogToConsole to value 1
Set parameter LogToConsole to value 0
augmented lagrangean iteration 2
Set parameter LogToConsole to value 1
Set parameter LogToConsole to value 0
Set parameter LogToConsole to value 1
Set parameter LogToConsole to value 0
Set parameter LogToConsole to value 1
Set parameter LogToConsole to value 0
Set parameter LogToConsole to value 1
Set parameter LogToConsole to value 0
Set parameter LogToConsole to value 1
Set parameter LogToConsole to value 0
Set parameter LogToConsole to value 1
Set parameter LogToConsole to value 0
       126      6551.99      6581.73   -1127.7007   -1126.4218   0.1135%
Set parameter LogToConsole to value 1
Set parameter LogToConsole to value 0
Set parameter LogToConsole to value 1
Set parameter LogToConsole to value 0
Set parameter LogToConsole to value 1
Set parameter LogToConsole to value 0
augmented lagrangean iteration 0
Set parameter LogToConsole to value 1
Set parameter LogToConsole to value 0
Set parameter LogToConsole to value 1
Set parameter LogToConsole to value 0
Set parameter LogToConsole to value 1
Set parameter LogToConsole to value 0
augmented lagrangean iteration 1
Set parameter LogToConsole to value 1
Set parameter LogToConsole to value 0
Set parameter LogToConsole to value 1
Set parameter LogToConsole to value 0
Set parameter LogToConsole to value 1
Set parameter LogToConsole to value 0
augmented lagrangean iteration 2
Set parameter LogToConsole to value 1
Set parameter LogToConsole to value 0
Set parameter LogToConsole to value 1
Set parameter LogToConsole to value 0
Set parameter LogToConsole to value 1
Set parameter LogToConsole to value 0
Set parameter LogToConsole to value 1
Set parameter LogToConsole to value 0
Set parameter LogToConsole to value 1
Set parameter LogToConsole to value 0
Set parameter LogToConsole to value 1
Set parameter LogToConsole to value 0
       127      6579.70      6609.51   -1127.7004   -1126.4218   0.1135%
Set parameter LogToConsole to value 1
Set parameter LogToConsole to value 0
Set parameter LogToConsole to value 1
Set parameter LogToConsole to value 0
Set parameter LogToConsole to value 1
Set parameter LogToConsole to value 0
augmented lagrangean iteration 0
Set parameter LogToConsole to value 1
Set parameter LogToConsole to value 0
Set parameter LogToConsole to value 1
Set parameter LogToConsole to value 0
Set parameter LogToConsole to value 1
Set parameter LogToConsole to value 0
augmented lagrangean iteration 1
Set parameter LogToConsole to value 1
Set parameter LogToConsole to value 0
Set parameter LogToConsole to value 1
Set parameter LogToConsole to value 0
Set parameter LogToConsole to value 1
Set parameter LogToConsole to value 0
augmented lagrangean iteration 2
Set parameter LogToConsole to value 1
Set parameter LogToConsole to value 0
Set parameter LogToConsole to value 1
Set parameter LogToConsole to value 0
Set parameter LogToConsole to value 1
Set parameter LogToConsole to value 0
Set parameter LogToConsole to value 1
Set parameter LogToConsole to value 0
Set parameter LogToConsole to value 1
Set parameter LogToConsole to value 0
Set parameter LogToConsole to value 1
Set parameter LogToConsole to value 0
Set parameter LogToConsole to value 1
Set parameter LogToConsole to value 0
augmented lagrangean iteration 0
Set parameter LogToConsole to value 1
Set parameter LogToConsole to value 0
Set parameter LogToConsole to value 1
Set parameter LogToConsole to value 0
Set parameter LogToConsole to value 1
Set parameter LogToConsole to value 0
augmented lagrangean iteration 1
Set parameter LogToConsole to value 1
Set parameter LogToConsole to value 0
Set parameter LogToConsole to value 1
Set parameter LogToConsole to value 0
Set parameter LogToConsole to value 1
Set parameter LogToConsole to value 0
augmented lagrangean iteration 2
Set parameter LogToConsole to value 1
Set parameter LogToConsole to value 0
Set parameter LogToConsole to value 1
Set parameter LogToConsole to value 0
Set parameter LogToConsole to value 1
Set parameter LogToConsole to value 0
Set parameter LogToConsole to value 1
Set parameter LogToConsole to value 0
       128      6636.55      6666.49   -1127.6992   -1126.4218   0.1134%
Set parameter LogToConsole to value 1
Set parameter LogToConsole to value 0
Set parameter LogToConsole to value 1
Set parameter LogToConsole to value 0
Set parameter LogToConsole to value 1
Set parameter LogToConsole to value 0
augmented lagrangean iteration 0
Set parameter LogToConsole to value 1
Set parameter LogToConsole to value 0
Set parameter LogToConsole to value 1
Set parameter LogToConsole to value 0
Set parameter LogToConsole to value 1
Set parameter LogToConsole to value 0
augmented lagrangean iteration 1
Set parameter LogToConsole to value 1
Set parameter LogToConsole to value 0
Set parameter LogToConsole to value 1
Set parameter LogToConsole to value 0
Set parameter LogToConsole to value 1
Set parameter LogToConsole to value 0
augmented lagrangean iteration 2
Set parameter LogToConsole to value 1
Set parameter LogToConsole to value 0
Set parameter LogToConsole to value 1
Set parameter LogToConsole to value 0
Set parameter LogToConsole to value 1
Set parameter LogToConsole to value 0
Set parameter LogToConsole to value 1
Set parameter LogToConsole to value 0
Set parameter LogToConsole to value 1
Set parameter LogToConsole to value 0
Set parameter LogToConsole to value 1
Set parameter LogToConsole to value 0
       129      6660.82      6690.83   -1127.6977   -1126.4218   0.1133%
Set parameter LogToConsole to value 1
Set parameter LogToConsole to value 0
Set parameter LogToConsole to value 1
Set parameter LogToConsole to value 0
Set parameter LogToConsole to value 1
Set parameter LogToConsole to value 0
augmented lagrangean iteration 0
Set parameter LogToConsole to value 1
Set parameter LogToConsole to value 0
Set parameter LogToConsole to value 1
Set parameter LogToConsole to value 0
Set parameter LogToConsole to value 1
Set parameter LogToConsole to value 0
augmented lagrangean iteration 1
Set parameter LogToConsole to value 1
Set parameter LogToConsole to value 0
Set parameter LogToConsole to value 1
Set parameter LogToConsole to value 0
Set parameter LogToConsole to value 1
Set parameter LogToConsole to value 0
augmented lagrangean iteration 2
Set parameter LogToConsole to value 1
Set parameter LogToConsole to value 0
Set parameter LogToConsole to value 1
Set parameter LogToConsole to value 0
Set parameter LogToConsole to value 1
Set parameter LogToConsole to value 0
Set parameter LogToConsole to value 1
Set parameter LogToConsole to value 0
Set parameter LogToConsole to value 1
Set parameter LogToConsole to value 0
Set parameter LogToConsole to value 1
Set parameter LogToConsole to value 0
Set parameter LogToConsole to value 1
Set parameter LogToConsole to value 0
augmented lagrangean iteration 0
Set parameter LogToConsole to value 1
Set parameter LogToConsole to value 0
Set parameter LogToConsole to value 1
Set parameter LogToConsole to value 0
Set parameter LogToConsole to value 1
Set parameter LogToConsole to value 0
augmented lagrangean iteration 1
Set parameter LogToConsole to value 1
Set parameter LogToConsole to value 0
Set parameter LogToConsole to value 1
Set parameter LogToConsole to value 0
Set parameter LogToConsole to value 1
Set parameter LogToConsole to value 0
augmented lagrangean iteration 2
Set parameter LogToConsole to value 1
Set parameter LogToConsole to value 0
Set parameter LogToConsole to value 1
Set parameter LogToConsole to value 0
Set parameter LogToConsole to value 1
Set parameter LogToConsole to value 0
Set parameter LogToConsole to value 1
Set parameter LogToConsole to value 0
       130      6721.53      6751.66   -1127.6977   -1126.4218   0.1133%
Set parameter LogToConsole to value 1
Set parameter LogToConsole to value 0
Set parameter LogToConsole to value 1
Set parameter LogToConsole to value 0
Set parameter LogToConsole to value 1
Set parameter LogToConsole to value 0
augmented lagrangean iteration 0
Set parameter LogToConsole to value 1
Set parameter LogToConsole to value 0
Set parameter LogToConsole to value 1
Set parameter LogToConsole to value 0
Set parameter LogToConsole to value 1
Set parameter LogToConsole to value 0
augmented lagrangean iteration 1
Set parameter LogToConsole to value 1
Set parameter LogToConsole to value 0
Set parameter LogToConsole to value 1
Set parameter LogToConsole to value 0
Set parameter LogToConsole to value 1
Set parameter LogToConsole to value 0
augmented lagrangean iteration 2
Set parameter LogToConsole to value 1
Set parameter LogToConsole to value 0
Set parameter LogToConsole to value 1
Set parameter LogToConsole to value 0
Set parameter LogToConsole to value 1
Set parameter LogToConsole to value 0
Set parameter LogToConsole to value 1
Set parameter LogToConsole to value 0
Set parameter LogToConsole to value 1
Set parameter LogToConsole to value 0
Set parameter LogToConsole to value 1
Set parameter LogToConsole to value 0
Set parameter LogToConsole to value 1
Set parameter LogToConsole to value 0
augmented lagrangean iteration 0
Set parameter LogToConsole to value 1
Set parameter LogToConsole to value 0
Set parameter LogToConsole to value 1
Set parameter LogToConsole to value 0
Set parameter LogToConsole to value 1
Set parameter LogToConsole to value 0
augmented lagrangean iteration 1
Set parameter LogToConsole to value 1
Set parameter LogToConsole to value 0
Set parameter LogToConsole to value 1
Set parameter LogToConsole to value 0
Set parameter LogToConsole to value 1
Set parameter LogToConsole to value 0
augmented lagrangean iteration 2
Set parameter LogToConsole to value 1
Set parameter LogToConsole to value 0
Set parameter LogToConsole to value 1
Set parameter LogToConsole to value 0
Set parameter LogToConsole to value 1
Set parameter LogToConsole to value 0
Set parameter LogToConsole to value 1
Set parameter LogToConsole to value 0
       131      6779.88      6810.15   -1127.6968   -1126.4218   0.1132%
Set parameter LogToConsole to value 1
Set parameter LogToConsole to value 0
Set parameter LogToConsole to value 1
Set parameter LogToConsole to value 0
Set parameter LogToConsole to value 1
Set parameter LogToConsole to value 0
augmented lagrangean iteration 0
Set parameter LogToConsole to value 1
Set parameter LogToConsole to value 0
Set parameter LogToConsole to value 1
Set parameter LogToConsole to value 0
Set parameter LogToConsole to value 1
Set parameter LogToConsole to value 0
augmented lagrangean iteration 1
Set parameter LogToConsole to value 1
Set parameter LogToConsole to value 0
Set parameter LogToConsole to value 1
Set parameter LogToConsole to value 0
Set parameter LogToConsole to value 1
Set parameter LogToConsole to value 0
augmented lagrangean iteration 2
Set parameter LogToConsole to value 1
Set parameter LogToConsole to value 0
Set parameter LogToConsole to value 1
Set parameter LogToConsole to value 0
Set parameter LogToConsole to value 1
Set parameter LogToConsole to value 0
Set parameter LogToConsole to value 1
Set parameter LogToConsole to value 0
Set parameter LogToConsole to value 1
Set parameter LogToConsole to value 0
Set parameter LogToConsole to value 1
Set parameter LogToConsole to value 0
Set parameter LogToConsole to value 1
Set parameter LogToConsole to value 0
augmented lagrangean iteration 0
Set parameter LogToConsole to value 1
Set parameter LogToConsole to value 0
Set parameter LogToConsole to value 1
Set parameter LogToConsole to value 0
Set parameter LogToConsole to value 1
Set parameter LogToConsole to value 0
augmented lagrangean iteration 1
Set parameter LogToConsole to value 1
Set parameter LogToConsole to value 0
Set parameter LogToConsole to value 1
Set parameter LogToConsole to value 0
Set parameter LogToConsole to value 1
Set parameter LogToConsole to value 0
augmented lagrangean iteration 2
Set parameter LogToConsole to value 1
Set parameter LogToConsole to value 0
Set parameter LogToConsole to value 1
Set parameter LogToConsole to value 0
Set parameter LogToConsole to value 1
Set parameter LogToConsole to value 0
Set parameter LogToConsole to value 1
Set parameter LogToConsole to value 0
       132      6842.98      6873.37   -1127.6913   -1126.4218   0.1127%
Set parameter LogToConsole to value 1
Set parameter LogToConsole to value 0
Set parameter LogToConsole to value 1
Set parameter LogToConsole to value 0
Set parameter LogToConsole to value 1
Set parameter LogToConsole to value 0
augmented lagrangean iteration 0
Set parameter LogToConsole to value 1
Set parameter LogToConsole to value 0
Set parameter LogToConsole to value 1
Set parameter LogToConsole to value 0
Set parameter LogToConsole to value 1
Set parameter LogToConsole to value 0
augmented lagrangean iteration 1
Set parameter LogToConsole to value 1
Set parameter LogToConsole to value 0
Set parameter LogToConsole to value 1
Set parameter LogToConsole to value 0
Set parameter LogToConsole to value 1
Set parameter LogToConsole to value 0
augmented lagrangean iteration 2
Set parameter LogToConsole to value 1
Set parameter LogToConsole to value 0
Set parameter LogToConsole to value 1
Set parameter LogToConsole to value 0
Set parameter LogToConsole to value 1
Set parameter LogToConsole to value 0
Set parameter LogToConsole to value 1
Set parameter LogToConsole to value 0
Set parameter LogToConsole to value 1
Set parameter LogToConsole to value 0
Set parameter LogToConsole to value 1
Set parameter LogToConsole to value 0
       133      6869.81      6900.27   -1127.6891   -1126.4218   0.1125%
Set parameter LogToConsole to value 1
Set parameter LogToConsole to value 0
Set parameter LogToConsole to value 1
Set parameter LogToConsole to value 0
Set parameter LogToConsole to value 1
Set parameter LogToConsole to value 0
augmented lagrangean iteration 0
Set parameter LogToConsole to value 1
Set parameter LogToConsole to value 0
Set parameter LogToConsole to value 1
Set parameter LogToConsole to value 0
Set parameter LogToConsole to value 1
Set parameter LogToConsole to value 0
augmented lagrangean iteration 1
Set parameter LogToConsole to value 1
Set parameter LogToConsole to value 0
Set parameter LogToConsole to value 1
Set parameter LogToConsole to value 0
Set parameter LogToConsole to value 1
Set parameter LogToConsole to value 0
augmented lagrangean iteration 2
Set parameter LogToConsole to value 1
Set parameter LogToConsole to value 0
Set parameter LogToConsole to value 1
Set parameter LogToConsole to value 0
Set parameter LogToConsole to value 1
Set parameter LogToConsole to value 0
Set parameter LogToConsole to value 1
Set parameter LogToConsole to value 0
Set parameter LogToConsole to value 1
Set parameter LogToConsole to value 0
Set parameter LogToConsole to value 1
Set parameter LogToConsole to value 0
       134      6896.05      6926.59   -1127.6891   -1126.4218   0.1125%
Set parameter LogToConsole to value 1
Set parameter LogToConsole to value 0
Set parameter LogToConsole to value 1
Set parameter LogToConsole to value 0
Set parameter LogToConsole to value 1
Set parameter LogToConsole to value 0
augmented lagrangean iteration 0
Set parameter LogToConsole to value 1
Set parameter LogToConsole to value 0
Set parameter LogToConsole to value 1
Set parameter LogToConsole to value 0
Set parameter LogToConsole to value 1
Set parameter LogToConsole to value 0
augmented lagrangean iteration 1
Set parameter LogToConsole to value 1
Set parameter LogToConsole to value 0
Set parameter LogToConsole to value 1
Set parameter LogToConsole to value 0
Set parameter LogToConsole to value 1
Set parameter LogToConsole to value 0
augmented lagrangean iteration 2
Set parameter LogToConsole to value 1
Set parameter LogToConsole to value 0
Set parameter LogToConsole to value 1
Set parameter LogToConsole to value 0
Set parameter LogToConsole to value 1
Set parameter LogToConsole to value 0
Set parameter LogToConsole to value 1
Set parameter LogToConsole to value 0
Set parameter LogToConsole to value 1
Set parameter LogToConsole to value 0
Set parameter LogToConsole to value 1
Set parameter LogToConsole to value 0
Set parameter LogToConsole to value 1
Set parameter LogToConsole to value 0
augmented lagrangean iteration 0
Set parameter LogToConsole to value 1
Set parameter LogToConsole to value 0
Set parameter LogToConsole to value 1
Set parameter LogToConsole to value 0
Set parameter LogToConsole to value 1
Set parameter LogToConsole to value 0
augmented lagrangean iteration 1
Set parameter LogToConsole to value 1
Set parameter LogToConsole to value 0
Set parameter LogToConsole to value 1
Set parameter LogToConsole to value 0
Set parameter LogToConsole to value 1
Set parameter LogToConsole to value 0
augmented lagrangean iteration 2
Set parameter LogToConsole to value 1
Set parameter LogToConsole to value 0
Set parameter LogToConsole to value 1
Set parameter LogToConsole to value 0
Set parameter LogToConsole to value 1
Set parameter LogToConsole to value 0
Set parameter LogToConsole to value 1
Set parameter LogToConsole to value 0
       135      6958.76      6989.43   -1127.6887   -1126.4218   0.1125%
Set parameter LogToConsole to value 1
Set parameter LogToConsole to value 0
Set parameter LogToConsole to value 1
Set parameter LogToConsole to value 0
Set parameter LogToConsole to value 1
Set parameter LogToConsole to value 0
augmented lagrangean iteration 0
Set parameter LogToConsole to value 1
Set parameter LogToConsole to value 0
Set parameter LogToConsole to value 1
Set parameter LogToConsole to value 0
Set parameter LogToConsole to value 1
Set parameter LogToConsole to value 0
augmented lagrangean iteration 1
Set parameter LogToConsole to value 1
Set parameter LogToConsole to value 0
Set parameter LogToConsole to value 1
Set parameter LogToConsole to value 0
Set parameter LogToConsole to value 1
Set parameter LogToConsole to value 0
augmented lagrangean iteration 2
Set parameter LogToConsole to value 1
Set parameter LogToConsole to value 0
Set parameter LogToConsole to value 1
Set parameter LogToConsole to value 0
Set parameter LogToConsole to value 1
Set parameter LogToConsole to value 0
Set parameter LogToConsole to value 1
Set parameter LogToConsole to value 0
Set parameter LogToConsole to value 1
Set parameter LogToConsole to value 0
Set parameter LogToConsole to value 1
Set parameter LogToConsole to value 0
Set parameter LogToConsole to value 1
Set parameter LogToConsole to value 0
augmented lagrangean iteration 0
Set parameter LogToConsole to value 1
Set parameter LogToConsole to value 0
Set parameter LogToConsole to value 1
Set parameter LogToConsole to value 0
Set parameter LogToConsole to value 1
Set parameter LogToConsole to value 0
augmented lagrangean iteration 1
Set parameter LogToConsole to value 1
Set parameter LogToConsole to value 0
Set parameter LogToConsole to value 1
Set parameter LogToConsole to value 0
Set parameter LogToConsole to value 1
Set parameter LogToConsole to value 0
augmented lagrangean iteration 2
Set parameter LogToConsole to value 1
Set parameter LogToConsole to value 0
Set parameter LogToConsole to value 1
Set parameter LogToConsole to value 0
Set parameter LogToConsole to value 1
Set parameter LogToConsole to value 0
Set parameter LogToConsole to value 1
Set parameter LogToConsole to value 0
       136      7015.39      7046.18   -1127.6876   -1126.4218   0.1124%
Set parameter LogToConsole to value 1
Set parameter LogToConsole to value 0
Set parameter LogToConsole to value 1
Set parameter LogToConsole to value 0
Set parameter LogToConsole to value 1
Set parameter LogToConsole to value 0
augmented lagrangean iteration 0
Set parameter LogToConsole to value 1
Set parameter LogToConsole to value 0
Set parameter LogToConsole to value 1
Set parameter LogToConsole to value 0
Set parameter LogToConsole to value 1
Set parameter LogToConsole to value 0
augmented lagrangean iteration 1
Set parameter LogToConsole to value 1
Set parameter LogToConsole to value 0
Set parameter LogToConsole to value 1
Set parameter LogToConsole to value 0
Set parameter LogToConsole to value 1
Set parameter LogToConsole to value 0
augmented lagrangean iteration 2
Set parameter LogToConsole to value 1
Set parameter LogToConsole to value 0
Set parameter LogToConsole to value 1
Set parameter LogToConsole to value 0
Set parameter LogToConsole to value 1
Set parameter LogToConsole to value 0
Set parameter LogToConsole to value 1
Set parameter LogToConsole to value 0
Set parameter LogToConsole to value 1
Set parameter LogToConsole to value 0
Set parameter LogToConsole to value 1
Set parameter LogToConsole to value 0
Set parameter LogToConsole to value 1
Set parameter LogToConsole to value 0
augmented lagrangean iteration 0
Set parameter LogToConsole to value 1
Set parameter LogToConsole to value 0
Set parameter LogToConsole to value 1
Set parameter LogToConsole to value 0
Set parameter LogToConsole to value 1
Set parameter LogToConsole to value 0
augmented lagrangean iteration 1
Set parameter LogToConsole to value 1
Set parameter LogToConsole to value 0
Set parameter LogToConsole to value 1
Set parameter LogToConsole to value 0
Set parameter LogToConsole to value 1
Set parameter LogToConsole to value 0
augmented lagrangean iteration 2
Set parameter LogToConsole to value 1
Set parameter LogToConsole to value 0
Set parameter LogToConsole to value 1
Set parameter LogToConsole to value 0
Set parameter LogToConsole to value 1
Set parameter LogToConsole to value 0
Set parameter LogToConsole to value 1
Set parameter LogToConsole to value 0
       137      7073.67      7104.59   -1127.6869   -1126.4218   0.1123%
Set parameter LogToConsole to value 1
Set parameter LogToConsole to value 0
Set parameter LogToConsole to value 1
Set parameter LogToConsole to value 0
Set parameter LogToConsole to value 1
Set parameter LogToConsole to value 0
augmented lagrangean iteration 0
Set parameter LogToConsole to value 1
Set parameter LogToConsole to value 0
Set parameter LogToConsole to value 1
Set parameter LogToConsole to value 0
Set parameter LogToConsole to value 1
Set parameter LogToConsole to value 0
augmented lagrangean iteration 1
Set parameter LogToConsole to value 1
Set parameter LogToConsole to value 0
Set parameter LogToConsole to value 1
Set parameter LogToConsole to value 0
Set parameter LogToConsole to value 1
Set parameter LogToConsole to value 0
augmented lagrangean iteration 2
Set parameter LogToConsole to value 1
Set parameter LogToConsole to value 0
Set parameter LogToConsole to value 1
Set parameter LogToConsole to value 0
Set parameter LogToConsole to value 1
Set parameter LogToConsole to value 0
Set parameter LogToConsole to value 1
Set parameter LogToConsole to value 0
Set parameter LogToConsole to value 1
Set parameter LogToConsole to value 0
Set parameter LogToConsole to value 1
Set parameter LogToConsole to value 0
       138      7102.09      7133.09   -1127.6866   -1126.4218   0.1123%
Set parameter LogToConsole to value 1
Set parameter LogToConsole to value 0
Set parameter LogToConsole to value 1
Set parameter LogToConsole to value 0
Set parameter LogToConsole to value 1
Set parameter LogToConsole to value 0
augmented lagrangean iteration 0
Set parameter LogToConsole to value 1
Set parameter LogToConsole to value 0
Set parameter LogToConsole to value 1
Set parameter LogToConsole to value 0
Set parameter LogToConsole to value 1
Set parameter LogToConsole to value 0
augmented lagrangean iteration 1
Set parameter LogToConsole to value 1
Set parameter LogToConsole to value 0
Set parameter LogToConsole to value 1
Set parameter LogToConsole to value 0
Set parameter LogToConsole to value 1
Set parameter LogToConsole to value 0
augmented lagrangean iteration 2
Set parameter LogToConsole to value 1
Set parameter LogToConsole to value 0
Set parameter LogToConsole to value 1
Set parameter LogToConsole to value 0
Set parameter LogToConsole to value 1
Set parameter LogToConsole to value 0
Set parameter LogToConsole to value 1
Set parameter LogToConsole to value 0
Set parameter LogToConsole to value 1
Set parameter LogToConsole to value 0
Set parameter LogToConsole to value 1
Set parameter LogToConsole to value 0
Set parameter LogToConsole to value 1
Set parameter LogToConsole to value 0
augmented lagrangean iteration 0
Set parameter LogToConsole to value 1
Set parameter LogToConsole to value 0
Set parameter LogToConsole to value 1
Set parameter LogToConsole to value 0
Set parameter LogToConsole to value 1
Set parameter LogToConsole to value 0
augmented lagrangean iteration 1
Set parameter LogToConsole to value 1
Set parameter LogToConsole to value 0
Set parameter LogToConsole to value 1
Set parameter LogToConsole to value 0
Set parameter LogToConsole to value 1
Set parameter LogToConsole to value 0
augmented lagrangean iteration 2
Set parameter LogToConsole to value 1
Set parameter LogToConsole to value 0
Set parameter LogToConsole to value 1
Set parameter LogToConsole to value 0
Set parameter LogToConsole to value 1
Set parameter LogToConsole to value 0
Set parameter LogToConsole to value 1
Set parameter LogToConsole to value 0
       139      7151.81      7182.93   -1127.6856   -1126.4218   0.1122%
Set parameter LogToConsole to value 1
Set parameter LogToConsole to value 0
Set parameter LogToConsole to value 1
Set parameter LogToConsole to value 0
Set parameter LogToConsole to value 1
Set parameter LogToConsole to value 0
augmented lagrangean iteration 0
Set parameter LogToConsole to value 1
Set parameter LogToConsole to value 0
Set parameter LogToConsole to value 1
Set parameter LogToConsole to value 0
Set parameter LogToConsole to value 1
Set parameter LogToConsole to value 0
augmented lagrangean iteration 1
Set parameter LogToConsole to value 1
Set parameter LogToConsole to value 0
Set parameter LogToConsole to value 1
Set parameter LogToConsole to value 0
Set parameter LogToConsole to value 1
Set parameter LogToConsole to value 0
augmented lagrangean iteration 2
Set parameter LogToConsole to value 1
Set parameter LogToConsole to value 0
Set parameter LogToConsole to value 1
Set parameter LogToConsole to value 0
Set parameter LogToConsole to value 1
Set parameter LogToConsole to value 0
Set parameter LogToConsole to value 1
Set parameter LogToConsole to value 0
Set parameter LogToConsole to value 1
Set parameter LogToConsole to value 0
Set parameter LogToConsole to value 1
Set parameter LogToConsole to value 0
Set parameter LogToConsole to value 1
Set parameter LogToConsole to value 0
augmented lagrangean iteration 0
Set parameter LogToConsole to value 1
Set parameter LogToConsole to value 0
Set parameter LogToConsole to value 1
Set parameter LogToConsole to value 0
Set parameter LogToConsole to value 1
Set parameter LogToConsole to value 0
augmented lagrangean iteration 1
Set parameter LogToConsole to value 1
Set parameter LogToConsole to value 0
Set parameter LogToConsole to value 1
Set parameter LogToConsole to value 0
Set parameter LogToConsole to value 1
Set parameter LogToConsole to value 0
augmented lagrangean iteration 2
Set parameter LogToConsole to value 1
Set parameter LogToConsole to value 0
Set parameter LogToConsole to value 1
Set parameter LogToConsole to value 0
Set parameter LogToConsole to value 1
Set parameter LogToConsole to value 0
Set parameter LogToConsole to value 1
Set parameter LogToConsole to value 0
       140      7207.39      7238.63   -1127.6854   -1126.4218   0.1122%
Set parameter LogToConsole to value 1
Set parameter LogToConsole to value 0
Set parameter LogToConsole to value 1
Set parameter LogToConsole to value 0
Set parameter LogToConsole to value 1
Set parameter LogToConsole to value 0
augmented lagrangean iteration 0
Set parameter LogToConsole to value 1
Set parameter LogToConsole to value 0
Set parameter LogToConsole to value 1
Set parameter LogToConsole to value 0
Set parameter LogToConsole to value 1
Set parameter LogToConsole to value 0
augmented lagrangean iteration 1
Set parameter LogToConsole to value 1
Set parameter LogToConsole to value 0
Set parameter LogToConsole to value 1
Set parameter LogToConsole to value 0
Set parameter LogToConsole to value 1
Set parameter LogToConsole to value 0
augmented lagrangean iteration 2
Set parameter LogToConsole to value 1
Set parameter LogToConsole to value 0
Set parameter LogToConsole to value 1
Set parameter LogToConsole to value 0
Set parameter LogToConsole to value 1
Set parameter LogToConsole to value 0
Set parameter LogToConsole to value 1
Set parameter LogToConsole to value 0
Set parameter LogToConsole to value 1
Set parameter LogToConsole to value 0
Set parameter LogToConsole to value 1
Set parameter LogToConsole to value 0
       141      7231.84      7263.16   -1127.6851   -1126.4218   0.1122%
Set parameter LogToConsole to value 1
Set parameter LogToConsole to value 0
Set parameter LogToConsole to value 1
Set parameter LogToConsole to value 0
Set parameter LogToConsole to value 1
Set parameter LogToConsole to value 0
augmented lagrangean iteration 0
Set parameter LogToConsole to value 1
Set parameter LogToConsole to value 0
Set parameter LogToConsole to value 1
Set parameter LogToConsole to value 0
Set parameter LogToConsole to value 1
Set parameter LogToConsole to value 0
augmented lagrangean iteration 1
Set parameter LogToConsole to value 1
Set parameter LogToConsole to value 0
Set parameter LogToConsole to value 1
Set parameter LogToConsole to value 0
Set parameter LogToConsole to value 1
Set parameter LogToConsole to value 0
augmented lagrangean iteration 2
Set parameter LogToConsole to value 1
Set parameter LogToConsole to value 0
Set parameter LogToConsole to value 1
Set parameter LogToConsole to value 0
Set parameter LogToConsole to value 1
Set parameter LogToConsole to value 0
Set parameter LogToConsole to value 1
Set parameter LogToConsole to value 0
Set parameter LogToConsole to value 1
Set parameter LogToConsole to value 0
Set parameter LogToConsole to value 1
Set parameter LogToConsole to value 0
Set parameter LogToConsole to value 1
Set parameter LogToConsole to value 0
augmented lagrangean iteration 0
Set parameter LogToConsole to value 1
Set parameter LogToConsole to value 0
Set parameter LogToConsole to value 1
Set parameter LogToConsole to value 0
Set parameter LogToConsole to value 1
Set parameter LogToConsole to value 0
augmented lagrangean iteration 1
Set parameter LogToConsole to value 1
Set parameter LogToConsole to value 0
Set parameter LogToConsole to value 1
Set parameter LogToConsole to value 0
Set parameter LogToConsole to value 1
Set parameter LogToConsole to value 0
augmented lagrangean iteration 2
Set parameter LogToConsole to value 1
Set parameter LogToConsole to value 0
Set parameter LogToConsole to value 1
Set parameter LogToConsole to value 0
Set parameter LogToConsole to value 1
Set parameter LogToConsole to value 0
Set parameter LogToConsole to value 1
Set parameter LogToConsole to value 0
       142      7300.62      7332.06   -1127.6847   -1126.4218   0.1121%
Set parameter LogToConsole to value 1
Set parameter LogToConsole to value 0
Set parameter LogToConsole to value 1
Set parameter LogToConsole to value 0
Set parameter LogToConsole to value 1
Set parameter LogToConsole to value 0
augmented lagrangean iteration 0
Set parameter LogToConsole to value 1
Set parameter LogToConsole to value 0
Set parameter LogToConsole to value 1
Set parameter LogToConsole to value 0
Set parameter LogToConsole to value 1
Set parameter LogToConsole to value 0
augmented lagrangean iteration 1
Set parameter LogToConsole to value 1
Set parameter LogToConsole to value 0
Set parameter LogToConsole to value 1
Set parameter LogToConsole to value 0
Set parameter LogToConsole to value 1
Set parameter LogToConsole to value 0
augmented lagrangean iteration 2
Set parameter LogToConsole to value 1
Set parameter LogToConsole to value 0
Set parameter LogToConsole to value 1
Set parameter LogToConsole to value 0
Set parameter LogToConsole to value 1
Set parameter LogToConsole to value 0
Set parameter LogToConsole to value 1
Set parameter LogToConsole to value 0
Set parameter LogToConsole to value 1
Set parameter LogToConsole to value 0
Set parameter LogToConsole to value 1
Set parameter LogToConsole to value 0
Set parameter LogToConsole to value 1
Set parameter LogToConsole to value 0
augmented lagrangean iteration 0
Set parameter LogToConsole to value 1
Set parameter LogToConsole to value 0
Set parameter LogToConsole to value 1
Set parameter LogToConsole to value 0
Set parameter LogToConsole to value 1
Set parameter LogToConsole to value 0
augmented lagrangean iteration 1
Set parameter LogToConsole to value 1
Set parameter LogToConsole to value 0
Set parameter LogToConsole to value 1
Set parameter LogToConsole to value 0
Set parameter LogToConsole to value 1
Set parameter LogToConsole to value 0
augmented lagrangean iteration 2
Set parameter LogToConsole to value 1
Set parameter LogToConsole to value 0
Set parameter LogToConsole to value 1
Set parameter LogToConsole to value 0
Set parameter LogToConsole to value 1
Set parameter LogToConsole to value 0
Set parameter LogToConsole to value 1
Set parameter LogToConsole to value 0
       143      7358.98      7390.54   -1127.6847   -1126.4218   0.1121%
Set parameter LogToConsole to value 1
Set parameter LogToConsole to value 0
Set parameter LogToConsole to value 1
Set parameter LogToConsole to value 0
Set parameter LogToConsole to value 1
Set parameter LogToConsole to value 0
augmented lagrangean iteration 0
Set parameter LogToConsole to value 1
Set parameter LogToConsole to value 0
Set parameter LogToConsole to value 1
Set parameter LogToConsole to value 0
Set parameter LogToConsole to value 1
Set parameter LogToConsole to value 0
augmented lagrangean iteration 1
Set parameter LogToConsole to value 1
Set parameter LogToConsole to value 0
Set parameter LogToConsole to value 1
Set parameter LogToConsole to value 0
Set parameter LogToConsole to value 1
Set parameter LogToConsole to value 0
augmented lagrangean iteration 2
Set parameter LogToConsole to value 1
Set parameter LogToConsole to value 0
Set parameter LogToConsole to value 1
Set parameter LogToConsole to value 0
Set parameter LogToConsole to value 1
Set parameter LogToConsole to value 0
Set parameter LogToConsole to value 1
Set parameter LogToConsole to value 0
Set parameter LogToConsole to value 1
Set parameter LogToConsole to value 0
Set parameter LogToConsole to value 1
Set parameter LogToConsole to value 0
       144      7385.59      7417.23   -1127.6836   -1126.4218   0.1120%
Set parameter LogToConsole to value 1
Set parameter LogToConsole to value 0
Set parameter LogToConsole to value 1
Set parameter LogToConsole to value 0
Set parameter LogToConsole to value 1
Set parameter LogToConsole to value 0
augmented lagrangean iteration 0
Set parameter LogToConsole to value 1
Set parameter LogToConsole to value 0
Set parameter LogToConsole to value 1
Set parameter LogToConsole to value 0
Set parameter LogToConsole to value 1
Set parameter LogToConsole to value 0
augmented lagrangean iteration 1
Set parameter LogToConsole to value 1
Set parameter LogToConsole to value 0
Set parameter LogToConsole to value 1
Set parameter LogToConsole to value 0
Set parameter LogToConsole to value 1
Set parameter LogToConsole to value 0
augmented lagrangean iteration 2
Set parameter LogToConsole to value 1
Set parameter LogToConsole to value 0
Set parameter LogToConsole to value 1
Set parameter LogToConsole to value 0
Set parameter LogToConsole to value 1
Set parameter LogToConsole to value 0
Set parameter LogToConsole to value 1
Set parameter LogToConsole to value 0
Set parameter LogToConsole to value 1
Set parameter LogToConsole to value 0
Set parameter LogToConsole to value 1
Set parameter LogToConsole to value 0
Set parameter LogToConsole to value 1
Set parameter LogToConsole to value 0
augmented lagrangean iteration 0
Set parameter LogToConsole to value 1
Set parameter LogToConsole to value 0
Set parameter LogToConsole to value 1
Set parameter LogToConsole to value 0
Set parameter LogToConsole to value 1
Set parameter LogToConsole to value 0
augmented lagrangean iteration 1
Set parameter LogToConsole to value 1
Set parameter LogToConsole to value 0
Set parameter LogToConsole to value 1
Set parameter LogToConsole to value 0
Set parameter LogToConsole to value 1
Set parameter LogToConsole to value 0
augmented lagrangean iteration 2
Set parameter LogToConsole to value 1
Set parameter LogToConsole to value 0
Set parameter LogToConsole to value 1
Set parameter LogToConsole to value 0
Set parameter LogToConsole to value 1
Set parameter LogToConsole to value 0
Set parameter LogToConsole to value 1
Set parameter LogToConsole to value 0
       145      7444.31      7476.08   -1127.6828   -1126.4218   0.1119%
Set parameter LogToConsole to value 1
Set parameter LogToConsole to value 0
Set parameter LogToConsole to value 1
Set parameter LogToConsole to value 0
Set parameter LogToConsole to value 1
Set parameter LogToConsole to value 0
augmented lagrangean iteration 0
Set parameter LogToConsole to value 1
Set parameter LogToConsole to value 0
Set parameter LogToConsole to value 1
Set parameter LogToConsole to value 0
Set parameter LogToConsole to value 1
Set parameter LogToConsole to value 0
augmented lagrangean iteration 1
Set parameter LogToConsole to value 1
Set parameter LogToConsole to value 0
Set parameter LogToConsole to value 1
Set parameter LogToConsole to value 0
Set parameter LogToConsole to value 1
Set parameter LogToConsole to value 0
augmented lagrangean iteration 2
Set parameter LogToConsole to value 1
Set parameter LogToConsole to value 0
Set parameter LogToConsole to value 1
Set parameter LogToConsole to value 0
Set parameter LogToConsole to value 1
Set parameter LogToConsole to value 0
Set parameter LogToConsole to value 1
Set parameter LogToConsole to value 0
Set parameter LogToConsole to value 1
Set parameter LogToConsole to value 0
Set parameter LogToConsole to value 1
Set parameter LogToConsole to value 0
       146      7469.76      7501.61   -1127.6827   -1126.4218   0.1119%
Set parameter LogToConsole to value 1
Set parameter LogToConsole to value 0
Set parameter LogToConsole to value 1
Set parameter LogToConsole to value 0
Set parameter LogToConsole to value 1
Set parameter LogToConsole to value 0
augmented lagrangean iteration 0
Set parameter LogToConsole to value 1
Set parameter LogToConsole to value 0
Set parameter LogToConsole to value 1
Set parameter LogToConsole to value 0
Set parameter LogToConsole to value 1
Set parameter LogToConsole to value 0
augmented lagrangean iteration 1
Set parameter LogToConsole to value 1
Set parameter LogToConsole to value 0
Set parameter LogToConsole to value 1
Set parameter LogToConsole to value 0
Set parameter LogToConsole to value 1
Set parameter LogToConsole to value 0
augmented lagrangean iteration 2
Set parameter LogToConsole to value 1
Set parameter LogToConsole to value 0
Set parameter LogToConsole to value 1
Set parameter LogToConsole to value 0
Set parameter LogToConsole to value 1
Set parameter LogToConsole to value 0
Set parameter LogToConsole to value 1
Set parameter LogToConsole to value 0
Set parameter LogToConsole to value 1
Set parameter LogToConsole to value 0
Set parameter LogToConsole to value 1
Set parameter LogToConsole to value 0
Set parameter LogToConsole to value 1
Set parameter LogToConsole to value 0
augmented lagrangean iteration 0
Set parameter LogToConsole to value 1
Set parameter LogToConsole to value 0
Set parameter LogToConsole to value 1
Set parameter LogToConsole to value 0
Set parameter LogToConsole to value 1
Set parameter LogToConsole to value 0
augmented lagrangean iteration 1
Set parameter LogToConsole to value 1
Set parameter LogToConsole to value 0
Set parameter LogToConsole to value 1
Set parameter LogToConsole to value 0
Set parameter LogToConsole to value 1
Set parameter LogToConsole to value 0
augmented lagrangean iteration 2
Set parameter LogToConsole to value 1
Set parameter LogToConsole to value 0
Set parameter LogToConsole to value 1
Set parameter LogToConsole to value 0
Set parameter LogToConsole to value 1
Set parameter LogToConsole to value 0
Set parameter LogToConsole to value 1
Set parameter LogToConsole to value 0
       147      7521.56      7553.54   -1127.6825   -1126.4218   0.1119%
Set parameter LogToConsole to value 1
Set parameter LogToConsole to value 0
Set parameter LogToConsole to value 1
Set parameter LogToConsole to value 0
Set parameter LogToConsole to value 1
Set parameter LogToConsole to value 0
augmented lagrangean iteration 0
Set parameter LogToConsole to value 1
Set parameter LogToConsole to value 0
Set parameter LogToConsole to value 1
Set parameter LogToConsole to value 0
Set parameter LogToConsole to value 1
Set parameter LogToConsole to value 0
augmented lagrangean iteration 1
Set parameter LogToConsole to value 1
Set parameter LogToConsole to value 0
Set parameter LogToConsole to value 1
Set parameter LogToConsole to value 0
Set parameter LogToConsole to value 1
Set parameter LogToConsole to value 0
augmented lagrangean iteration 2
Set parameter LogToConsole to value 1
Set parameter LogToConsole to value 0
Set parameter LogToConsole to value 1
Set parameter LogToConsole to value 0
Set parameter LogToConsole to value 1
Set parameter LogToConsole to value 0
Set parameter LogToConsole to value 1
Set parameter LogToConsole to value 0
Set parameter LogToConsole to value 1
Set parameter LogToConsole to value 0
Set parameter LogToConsole to value 1
Set parameter LogToConsole to value 0
       148      7549.49      7581.54   -1127.6817   -1126.4218   0.1118%
Set parameter LogToConsole to value 1
Set parameter LogToConsole to value 0
Set parameter LogToConsole to value 1
Set parameter LogToConsole to value 0
Set parameter LogToConsole to value 1
Set parameter LogToConsole to value 0
augmented lagrangean iteration 0
Set parameter LogToConsole to value 1
Set parameter LogToConsole to value 0
Set parameter LogToConsole to value 1
Set parameter LogToConsole to value 0
Set parameter LogToConsole to value 1
Set parameter LogToConsole to value 0
augmented lagrangean iteration 1
Set parameter LogToConsole to value 1
Set parameter LogToConsole to value 0
Set parameter LogToConsole to value 1
Set parameter LogToConsole to value 0
Set parameter LogToConsole to value 1
Set parameter LogToConsole to value 0
augmented lagrangean iteration 2
Set parameter LogToConsole to value 1
Set parameter LogToConsole to value 0
Set parameter LogToConsole to value 1
Set parameter LogToConsole to value 0
Set parameter LogToConsole to value 1
Set parameter LogToConsole to value 0
Set parameter LogToConsole to value 1
Set parameter LogToConsole to value 0
Set parameter LogToConsole to value 1
Set parameter LogToConsole to value 0
Set parameter LogToConsole to value 1
Set parameter LogToConsole to value 0
Set parameter LogToConsole to value 1
Set parameter LogToConsole to value 0
augmented lagrangean iteration 0
Set parameter LogToConsole to value 1
Set parameter LogToConsole to value 0
Set parameter LogToConsole to value 1
Set parameter LogToConsole to value 0
Set parameter LogToConsole to value 1
Set parameter LogToConsole to value 0
augmented lagrangean iteration 1
Set parameter LogToConsole to value 1
Set parameter LogToConsole to value 0
Set parameter LogToConsole to value 1
Set parameter LogToConsole to value 0
Set parameter LogToConsole to value 1
Set parameter LogToConsole to value 0
augmented lagrangean iteration 2
Set parameter LogToConsole to value 1
Set parameter LogToConsole to value 0
Set parameter LogToConsole to value 1
Set parameter LogToConsole to value 0
Set parameter LogToConsole to value 1
Set parameter LogToConsole to value 0
Set parameter LogToConsole to value 1
Set parameter LogToConsole to value 0
       149      7603.95      7636.12   -1127.6802   -1126.4218   0.1117%
Set parameter LogToConsole to value 1
Set parameter LogToConsole to value 0
Set parameter LogToConsole to value 1
Set parameter LogToConsole to value 0
Set parameter LogToConsole to value 1
Set parameter LogToConsole to value 0
augmented lagrangean iteration 0
Set parameter LogToConsole to value 1
Set parameter LogToConsole to value 0
Set parameter LogToConsole to value 1
Set parameter LogToConsole to value 0
Set parameter LogToConsole to value 1
Set parameter LogToConsole to value 0
augmented lagrangean iteration 1
Set parameter LogToConsole to value 1
Set parameter LogToConsole to value 0
Set parameter LogToConsole to value 1
Set parameter LogToConsole to value 0
Set parameter LogToConsole to value 1
Set parameter LogToConsole to value 0
augmented lagrangean iteration 2
Set parameter LogToConsole to value 1
Set parameter LogToConsole to value 0
Set parameter LogToConsole to value 1
Set parameter LogToConsole to value 0
Set parameter LogToConsole to value 1
Set parameter LogToConsole to value 0
Set parameter LogToConsole to value 1
Set parameter LogToConsole to value 0
Set parameter LogToConsole to value 1
Set parameter LogToConsole to value 0
Set parameter LogToConsole to value 1
Set parameter LogToConsole to value 0
       150      7631.66      7663.91   -1127.6784   -1126.4218   0.1116%
Set parameter LogToConsole to value 1
Set parameter LogToConsole to value 0
Set parameter LogToConsole to value 1
Set parameter LogToConsole to value 0
Set parameter LogToConsole to value 1
Set parameter LogToConsole to value 0
augmented lagrangean iteration 0
Set parameter LogToConsole to value 1
Set parameter LogToConsole to value 0
Set parameter LogToConsole to value 1
Set parameter LogToConsole to value 0
Set parameter LogToConsole to value 1
Set parameter LogToConsole to value 0
augmented lagrangean iteration 1
Set parameter LogToConsole to value 1
Set parameter LogToConsole to value 0
Set parameter LogToConsole to value 1
Set parameter LogToConsole to value 0
Set parameter LogToConsole to value 1
Set parameter LogToConsole to value 0
augmented lagrangean iteration 2
Set parameter LogToConsole to value 1
Set parameter LogToConsole to value 0
Set parameter LogToConsole to value 1
Set parameter LogToConsole to value 0
Set parameter LogToConsole to value 1
Set parameter LogToConsole to value 0
Set parameter LogToConsole to value 1
Set parameter LogToConsole to value 0
Set parameter LogToConsole to value 1
Set parameter LogToConsole to value 0
Set parameter LogToConsole to value 1
Set parameter LogToConsole to value 0
       151      7657.29      7689.62   -1127.6759   -1126.4218   0.1113%
Set parameter LogToConsole to value 1
Set parameter LogToConsole to value 0
Set parameter LogToConsole to value 1
Set parameter LogToConsole to value 0
Set parameter LogToConsole to value 1
Set parameter LogToConsole to value 0
augmented lagrangean iteration 0
Set parameter LogToConsole to value 1
Set parameter LogToConsole to value 0
Set parameter LogToConsole to value 1
Set parameter LogToConsole to value 0
Set parameter LogToConsole to value 1
Set parameter LogToConsole to value 0
augmented lagrangean iteration 1
Set parameter LogToConsole to value 1
Set parameter LogToConsole to value 0
Set parameter LogToConsole to value 1
Set parameter LogToConsole to value 0
Set parameter LogToConsole to value 1
Set parameter LogToConsole to value 0
augmented lagrangean iteration 2
Set parameter LogToConsole to value 1
Set parameter LogToConsole to value 0
Set parameter LogToConsole to value 1
Set parameter LogToConsole to value 0
Set parameter LogToConsole to value 1
Set parameter LogToConsole to value 0
Set parameter LogToConsole to value 1
Set parameter LogToConsole to value 0
Set parameter LogToConsole to value 1
Set parameter LogToConsole to value 0
Set parameter LogToConsole to value 1
Set parameter LogToConsole to value 0
       152      7682.13      7714.59   -1127.6732   -1126.4218   0.1111%
Set parameter LogToConsole to value 1
Set parameter LogToConsole to value 0
Set parameter LogToConsole to value 1
Set parameter LogToConsole to value 0
Set parameter LogToConsole to value 1
Set parameter LogToConsole to value 0
augmented lagrangean iteration 0
Set parameter LogToConsole to value 1
Set parameter LogToConsole to value 0
Set parameter LogToConsole to value 1
Set parameter LogToConsole to value 0
Set parameter LogToConsole to value 1
Set parameter LogToConsole to value 0
augmented lagrangean iteration 1
Set parameter LogToConsole to value 1
Set parameter LogToConsole to value 0
Set parameter LogToConsole to value 1
Set parameter LogToConsole to value 0
Set parameter LogToConsole to value 1
Set parameter LogToConsole to value 0
augmented lagrangean iteration 2
Set parameter LogToConsole to value 1
Set parameter LogToConsole to value 0
Set parameter LogToConsole to value 1
Set parameter LogToConsole to value 0
Set parameter LogToConsole to value 1
Set parameter LogToConsole to value 0
Set parameter LogToConsole to value 1
Set parameter LogToConsole to value 0
Set parameter LogToConsole to value 1
Set parameter LogToConsole to value 0
Set parameter LogToConsole to value 1
Set parameter LogToConsole to value 0
Set parameter LogToConsole to value 1
Set parameter LogToConsole to value 0
augmented lagrangean iteration 0
Set parameter LogToConsole to value 1
Set parameter LogToConsole to value 0
Set parameter LogToConsole to value 1
Set parameter LogToConsole to value 0
Set parameter LogToConsole to value 1
Set parameter LogToConsole to value 0
augmented lagrangean iteration 1
Set parameter LogToConsole to value 1
Set parameter LogToConsole to value 0
Set parameter LogToConsole to value 1
Set parameter LogToConsole to value 0
Set parameter LogToConsole to value 1
Set parameter LogToConsole to value 0
augmented lagrangean iteration 2
Set parameter LogToConsole to value 1
Set parameter LogToConsole to value 0
Set parameter LogToConsole to value 1
Set parameter LogToConsole to value 0
Set parameter LogToConsole to value 1
Set parameter LogToConsole to value 0
Set parameter LogToConsole to value 1
Set parameter LogToConsole to value 0
       153      7746.76      7779.38   -1127.6715   -1126.4218   0.1109%
Set parameter LogToConsole to value 1
Set parameter LogToConsole to value 0
Set parameter LogToConsole to value 1
Set parameter LogToConsole to value 0
Set parameter LogToConsole to value 1
Set parameter LogToConsole to value 0
augmented lagrangean iteration 0
Set parameter LogToConsole to value 1
Set parameter LogToConsole to value 0
Set parameter LogToConsole to value 1
Set parameter LogToConsole to value 0
Set parameter LogToConsole to value 1
Set parameter LogToConsole to value 0
augmented lagrangean iteration 1
Set parameter LogToConsole to value 1
Set parameter LogToConsole to value 0
Set parameter LogToConsole to value 1
Set parameter LogToConsole to value 0
Set parameter LogToConsole to value 1
Set parameter LogToConsole to value 0
augmented lagrangean iteration 2
Set parameter LogToConsole to value 1
Set parameter LogToConsole to value 0
Set parameter LogToConsole to value 1
Set parameter LogToConsole to value 0
Set parameter LogToConsole to value 1
Set parameter LogToConsole to value 0
Set parameter LogToConsole to value 1
Set parameter LogToConsole to value 0
Set parameter LogToConsole to value 1
Set parameter LogToConsole to value 0
Set parameter LogToConsole to value 1
Set parameter LogToConsole to value 0
       154      7771.83      7804.52   -1127.6689   -1126.4218   0.1107%
Set parameter LogToConsole to value 1
Set parameter LogToConsole to value 0
Set parameter LogToConsole to value 1
Set parameter LogToConsole to value 0
Set parameter LogToConsole to value 1
Set parameter LogToConsole to value 0
augmented lagrangean iteration 0
Set parameter LogToConsole to value 1
Set parameter LogToConsole to value 0
Set parameter LogToConsole to value 1
Set parameter LogToConsole to value 0
Set parameter LogToConsole to value 1
Set parameter LogToConsole to value 0
augmented lagrangean iteration 1
Set parameter LogToConsole to value 1
Set parameter LogToConsole to value 0
Set parameter LogToConsole to value 1
Set parameter LogToConsole to value 0
Set parameter LogToConsole to value 1
Set parameter LogToConsole to value 0
augmented lagrangean iteration 2
Set parameter LogToConsole to value 1
Set parameter LogToConsole to value 0
Set parameter LogToConsole to value 1
Set parameter LogToConsole to value 0
Set parameter LogToConsole to value 1
Set parameter LogToConsole to value 0
Set parameter LogToConsole to value 1
Set parameter LogToConsole to value 0
Set parameter LogToConsole to value 1
Set parameter LogToConsole to value 0
Set parameter LogToConsole to value 1
Set parameter LogToConsole to value 0
       155      7796.42      7829.19   -1127.6647   -1126.4218   0.1103%
Set parameter LogToConsole to value 1
Set parameter LogToConsole to value 0
Set parameter LogToConsole to value 1
Set parameter LogToConsole to value 0
Set parameter LogToConsole to value 1
Set parameter LogToConsole to value 0
augmented lagrangean iteration 0
Set parameter LogToConsole to value 1
Set parameter LogToConsole to value 0
Set parameter LogToConsole to value 1
Set parameter LogToConsole to value 0
Set parameter LogToConsole to value 1
Set parameter LogToConsole to value 0
augmented lagrangean iteration 1
Set parameter LogToConsole to value 1
Set parameter LogToConsole to value 0
Set parameter LogToConsole to value 1
Set parameter LogToConsole to value 0
Set parameter LogToConsole to value 1
Set parameter LogToConsole to value 0
augmented lagrangean iteration 2
Set parameter LogToConsole to value 1
Set parameter LogToConsole to value 0
Set parameter LogToConsole to value 1
Set parameter LogToConsole to value 0
Set parameter LogToConsole to value 1
Set parameter LogToConsole to value 0
Set parameter LogToConsole to value 1
Set parameter LogToConsole to value 0
Set parameter LogToConsole to value 1
Set parameter LogToConsole to value 0
Set parameter LogToConsole to value 1
Set parameter LogToConsole to value 0
Set parameter LogToConsole to value 1
Set parameter LogToConsole to value 0
augmented lagrangean iteration 0
Set parameter LogToConsole to value 1
Set parameter LogToConsole to value 0
Set parameter LogToConsole to value 1
Set parameter LogToConsole to value 0
Set parameter LogToConsole to value 1
Set parameter LogToConsole to value 0
augmented lagrangean iteration 1
Set parameter LogToConsole to value 1
Set parameter LogToConsole to value 0
Set parameter LogToConsole to value 1
Set parameter LogToConsole to value 0
Set parameter LogToConsole to value 1
Set parameter LogToConsole to value 0
augmented lagrangean iteration 2
Set parameter LogToConsole to value 1
Set parameter LogToConsole to value 0
Set parameter LogToConsole to value 1
Set parameter LogToConsole to value 0
Set parameter LogToConsole to value 1
Set parameter LogToConsole to value 0
Set parameter LogToConsole to value 1
Set parameter LogToConsole to value 0
       156      7860.45      7893.34   -1127.6588   -1126.4218   0.1098%
Set parameter LogToConsole to value 1
Set parameter LogToConsole to value 0
Set parameter LogToConsole to value 1
Set parameter LogToConsole to value 0
Set parameter LogToConsole to value 1
Set parameter LogToConsole to value 0
augmented lagrangean iteration 0
Set parameter LogToConsole to value 1
Set parameter LogToConsole to value 0
Set parameter LogToConsole to value 1
Set parameter LogToConsole to value 0
Set parameter LogToConsole to value 1
Set parameter LogToConsole to value 0
augmented lagrangean iteration 1
Set parameter LogToConsole to value 1
Set parameter LogToConsole to value 0
Set parameter LogToConsole to value 1
Set parameter LogToConsole to value 0
Set parameter LogToConsole to value 1
Set parameter LogToConsole to value 0
augmented lagrangean iteration 2
Set parameter LogToConsole to value 1
Set parameter LogToConsole to value 0
Set parameter LogToConsole to value 1
Set parameter LogToConsole to value 0
Set parameter LogToConsole to value 1
Set parameter LogToConsole to value 0
Set parameter LogToConsole to value 1
Set parameter LogToConsole to value 0
Set parameter LogToConsole to value 1
Set parameter LogToConsole to value 0
Set parameter LogToConsole to value 1
Set parameter LogToConsole to value 0
Set parameter LogToConsole to value 1
Set parameter LogToConsole to value 0
augmented lagrangean iteration 0
Set parameter LogToConsole to value 1
Set parameter LogToConsole to value 0
Set parameter LogToConsole to value 1
Set parameter LogToConsole to value 0
Set parameter LogToConsole to value 1
Set parameter LogToConsole to value 0
augmented lagrangean iteration 1
Set parameter LogToConsole to value 1
Set parameter LogToConsole to value 0
Set parameter LogToConsole to value 1
Set parameter LogToConsole to value 0
Set parameter LogToConsole to value 1
Set parameter LogToConsole to value 0
augmented lagrangean iteration 2
Set parameter LogToConsole to value 1
Set parameter LogToConsole to value 0
Set parameter LogToConsole to value 1
Set parameter LogToConsole to value 0
Set parameter LogToConsole to value 1
Set parameter LogToConsole to value 0
Set parameter LogToConsole to value 1
Set parameter LogToConsole to value 0
       157      7913.52      7946.53   -1127.6578   -1126.4218   0.1097%
Set parameter LogToConsole to value 1
Set parameter LogToConsole to value 0
Set parameter LogToConsole to value 1
Set parameter LogToConsole to value 0
Set parameter LogToConsole to value 1
Set parameter LogToConsole to value 0
augmented lagrangean iteration 0
Set parameter LogToConsole to value 1
Set parameter LogToConsole to value 0
Set parameter LogToConsole to value 1
Set parameter LogToConsole to value 0
Set parameter LogToConsole to value 1
Set parameter LogToConsole to value 0
augmented lagrangean iteration 1
Set parameter LogToConsole to value 1
Set parameter LogToConsole to value 0
Set parameter LogToConsole to value 1
Set parameter LogToConsole to value 0
Set parameter LogToConsole to value 1
Set parameter LogToConsole to value 0
augmented lagrangean iteration 2
Set parameter LogToConsole to value 1
Set parameter LogToConsole to value 0
Set parameter LogToConsole to value 1
Set parameter LogToConsole to value 0
Set parameter LogToConsole to value 1
Set parameter LogToConsole to value 0
Set parameter LogToConsole to value 1
Set parameter LogToConsole to value 0
Set parameter LogToConsole to value 1
Set parameter LogToConsole to value 0
Set parameter LogToConsole to value 1
Set parameter LogToConsole to value 0
Set parameter LogToConsole to value 1
Set parameter LogToConsole to value 0
augmented lagrangean iteration 0
Set parameter LogToConsole to value 1
Set parameter LogToConsole to value 0
Set parameter LogToConsole to value 1
Set parameter LogToConsole to value 0
Set parameter LogToConsole to value 1
Set parameter LogToConsole to value 0
augmented lagrangean iteration 1
Set parameter LogToConsole to value 1
Set parameter LogToConsole to value 0
Set parameter LogToConsole to value 1
Set parameter LogToConsole to value 0
Set parameter LogToConsole to value 1
Set parameter LogToConsole to value 0
augmented lagrangean iteration 2
Set parameter LogToConsole to value 1
Set parameter LogToConsole to value 0
Set parameter LogToConsole to value 1
Set parameter LogToConsole to value 0
Set parameter LogToConsole to value 1
Set parameter LogToConsole to value 0
Set parameter LogToConsole to value 1
Set parameter LogToConsole to value 0
       158      7966.49      7999.63   -1127.6548   -1126.4218   0.1095%
Set parameter LogToConsole to value 1
Set parameter LogToConsole to value 0
Set parameter LogToConsole to value 1
Set parameter LogToConsole to value 0
Set parameter LogToConsole to value 1
Set parameter LogToConsole to value 0
augmented lagrangean iteration 0
Set parameter LogToConsole to value 1
Set parameter LogToConsole to value 0
Set parameter LogToConsole to value 1
Set parameter LogToConsole to value 0
Set parameter LogToConsole to value 1
Set parameter LogToConsole to value 0
augmented lagrangean iteration 1
Set parameter LogToConsole to value 1
Set parameter LogToConsole to value 0
Set parameter LogToConsole to value 1
Set parameter LogToConsole to value 0
Set parameter LogToConsole to value 1
Set parameter LogToConsole to value 0
augmented lagrangean iteration 2
Set parameter LogToConsole to value 1
Set parameter LogToConsole to value 0
Set parameter LogToConsole to value 1
Set parameter LogToConsole to value 0
Set parameter LogToConsole to value 1
Set parameter LogToConsole to value 0
Set parameter LogToConsole to value 1
Set parameter LogToConsole to value 0
Set parameter LogToConsole to value 1
Set parameter LogToConsole to value 0
Set parameter LogToConsole to value 1
Set parameter LogToConsole to value 0
Set parameter LogToConsole to value 1
Set parameter LogToConsole to value 0
augmented lagrangean iteration 0
Set parameter LogToConsole to value 1
Set parameter LogToConsole to value 0
Set parameter LogToConsole to value 1
Set parameter LogToConsole to value 0
Set parameter LogToConsole to value 1
Set parameter LogToConsole to value 0
augmented lagrangean iteration 1
Set parameter LogToConsole to value 1
Set parameter LogToConsole to value 0
Set parameter LogToConsole to value 1
Set parameter LogToConsole to value 0
Set parameter LogToConsole to value 1
Set parameter LogToConsole to value 0
augmented lagrangean iteration 2
Set parameter LogToConsole to value 1
Set parameter LogToConsole to value 0
Set parameter LogToConsole to value 1
Set parameter LogToConsole to value 0
Set parameter LogToConsole to value 1
Set parameter LogToConsole to value 0
Set parameter LogToConsole to value 1
Set parameter LogToConsole to value 0
       159      8018.84      8052.10   -1127.6538   -1126.4218   0.1094%
Set parameter LogToConsole to value 1
Set parameter LogToConsole to value 0
Set parameter LogToConsole to value 1
Set parameter LogToConsole to value 0
Set parameter LogToConsole to value 1
Set parameter LogToConsole to value 0
augmented lagrangean iteration 0
Set parameter LogToConsole to value 1
Set parameter LogToConsole to value 0
Set parameter LogToConsole to value 1
Set parameter LogToConsole to value 0
Set parameter LogToConsole to value 1
Set parameter LogToConsole to value 0
augmented lagrangean iteration 1
Set parameter LogToConsole to value 1
Set parameter LogToConsole to value 0
Set parameter LogToConsole to value 1
Set parameter LogToConsole to value 0
Set parameter LogToConsole to value 1
Set parameter LogToConsole to value 0
augmented lagrangean iteration 2
Set parameter LogToConsole to value 1
Set parameter LogToConsole to value 0
Set parameter LogToConsole to value 1
Set parameter LogToConsole to value 0
Set parameter LogToConsole to value 1
Set parameter LogToConsole to value 0
Set parameter LogToConsole to value 1
Set parameter LogToConsole to value 0
Set parameter LogToConsole to value 1
Set parameter LogToConsole to value 0
Set parameter LogToConsole to value 1
Set parameter LogToConsole to value 0
Set parameter LogToConsole to value 1
Set parameter LogToConsole to value 0
augmented lagrangean iteration 0
Set parameter LogToConsole to value 1
Set parameter LogToConsole to value 0
Set parameter LogToConsole to value 1
Set parameter LogToConsole to value 0
Set parameter LogToConsole to value 1
Set parameter LogToConsole to value 0
augmented lagrangean iteration 1
Set parameter LogToConsole to value 1
Set parameter LogToConsole to value 0
Set parameter LogToConsole to value 1
Set parameter LogToConsole to value 0
Set parameter LogToConsole to value 1
Set parameter LogToConsole to value 0
augmented lagrangean iteration 2
Set parameter LogToConsole to value 1
Set parameter LogToConsole to value 0
Set parameter LogToConsole to value 1
Set parameter LogToConsole to value 0
Set parameter LogToConsole to value 1
Set parameter LogToConsole to value 0
Set parameter LogToConsole to value 1
Set parameter LogToConsole to value 0
       160      8075.20      8108.60   -1127.6502   -1126.4218   0.1091%
Set parameter LogToConsole to value 1
Set parameter LogToConsole to value 0
Set parameter LogToConsole to value 1
Set parameter LogToConsole to value 0
Set parameter LogToConsole to value 1
Set parameter LogToConsole to value 0
augmented lagrangean iteration 0
Set parameter LogToConsole to value 1
Set parameter LogToConsole to value 0
Set parameter LogToConsole to value 1
Set parameter LogToConsole to value 0
Set parameter LogToConsole to value 1
Set parameter LogToConsole to value 0
augmented lagrangean iteration 1
Set parameter LogToConsole to value 1
Set parameter LogToConsole to value 0
Set parameter LogToConsole to value 1
Set parameter LogToConsole to value 0
Set parameter LogToConsole to value 1
Set parameter LogToConsole to value 0
augmented lagrangean iteration 2
Set parameter LogToConsole to value 1
Set parameter LogToConsole to value 0
Set parameter LogToConsole to value 1
Set parameter LogToConsole to value 0
Set parameter LogToConsole to value 1
Set parameter LogToConsole to value 0
Set parameter LogToConsole to value 1
Set parameter LogToConsole to value 0
Set parameter LogToConsole to value 1
Set parameter LogToConsole to value 0
Set parameter LogToConsole to value 1
Set parameter LogToConsole to value 0
       161      8104.41      8138.77   -1127.6489   -1126.4218   0.1089%
Set parameter LogToConsole to value 1
Set parameter LogToConsole to value 0
Set parameter LogToConsole to value 1
Set parameter LogToConsole to value 0
Set parameter LogToConsole to value 1
Set parameter LogToConsole to value 0
augmented lagrangean iteration 0
Set parameter LogToConsole to value 1
Set parameter LogToConsole to value 0
Set parameter LogToConsole to value 1
Set parameter LogToConsole to value 0
Set parameter LogToConsole to value 1
Set parameter LogToConsole to value 0
augmented lagrangean iteration 1
Set parameter LogToConsole to value 1
Set parameter LogToConsole to value 0
Set parameter LogToConsole to value 1
Set parameter LogToConsole to value 0
Set parameter LogToConsole to value 1
Set parameter LogToConsole to value 0
augmented lagrangean iteration 2
Set parameter LogToConsole to value 1
Set parameter LogToConsole to value 0
Set parameter LogToConsole to value 1
Set parameter LogToConsole to value 0
Set parameter LogToConsole to value 1
Set parameter LogToConsole to value 0
Set parameter LogToConsole to value 1
Set parameter LogToConsole to value 0
Set parameter LogToConsole to value 1
Set parameter LogToConsole to value 0
Set parameter LogToConsole to value 1
Set parameter LogToConsole to value 0
       162      8136.72      8172.03   -1127.6485   -1126.4218   0.1089%
Set parameter LogToConsole to value 1
Set parameter LogToConsole to value 0
Set parameter LogToConsole to value 1
Set parameter LogToConsole to value 0
Set parameter LogToConsole to value 1
Set parameter LogToConsole to value 0
augmented lagrangean iteration 0
Set parameter LogToConsole to value 1
Set parameter LogToConsole to value 0
Set parameter LogToConsole to value 1
Set parameter LogToConsole to value 0
Set parameter LogToConsole to value 1
Set parameter LogToConsole to value 0
augmented lagrangean iteration 1
Set parameter LogToConsole to value 1
Set parameter LogToConsole to value 0
Set parameter LogToConsole to value 1
Set parameter LogToConsole to value 0
Set parameter LogToConsole to value 1
Set parameter LogToConsole to value 0
augmented lagrangean iteration 2
Set parameter LogToConsole to value 1
Set parameter LogToConsole to value 0
Set parameter LogToConsole to value 1
Set parameter LogToConsole to value 0
Set parameter LogToConsole to value 1
Set parameter LogToConsole to value 0
Set parameter LogToConsole to value 1
Set parameter LogToConsole to value 0
Set parameter LogToConsole to value 1
Set parameter LogToConsole to value 0
Set parameter LogToConsole to value 1
Set parameter LogToConsole to value 0
       163      8168.45      8204.72   -1127.6483   -1126.4218   0.1089%
Set parameter LogToConsole to value 1
Set parameter LogToConsole to value 0
Set parameter LogToConsole to value 1
Set parameter LogToConsole to value 0
Set parameter LogToConsole to value 1
Set parameter LogToConsole to value 0
augmented lagrangean iteration 0
Set parameter LogToConsole to value 1
Set parameter LogToConsole to value 0
Set parameter LogToConsole to value 1
Set parameter LogToConsole to value 0
Set parameter LogToConsole to value 1
Set parameter LogToConsole to value 0
augmented lagrangean iteration 1
Set parameter LogToConsole to value 1
Set parameter LogToConsole to value 0
Set parameter LogToConsole to value 1
Set parameter LogToConsole to value 0
Set parameter LogToConsole to value 1
Set parameter LogToConsole to value 0
augmented lagrangean iteration 2
Set parameter LogToConsole to value 1
Set parameter LogToConsole to value 0
Set parameter LogToConsole to value 1
Set parameter LogToConsole to value 0
Set parameter LogToConsole to value 1
Set parameter LogToConsole to value 0
Set parameter LogToConsole to value 1
Set parameter LogToConsole to value 0
Set parameter LogToConsole to value 1
Set parameter LogToConsole to value 0
Set parameter LogToConsole to value 1
Set parameter LogToConsole to value 0
       164      8200.55      8237.78   -1127.6470   -1126.4218   0.1088%
Set parameter LogToConsole to value 1
Set parameter LogToConsole to value 0
Set parameter LogToConsole to value 1
Set parameter LogToConsole to value 0
Set parameter LogToConsole to value 1
Set parameter LogToConsole to value 0
augmented lagrangean iteration 0
Set parameter LogToConsole to value 1
Set parameter LogToConsole to value 0
Set parameter LogToConsole to value 1
Set parameter LogToConsole to value 0
Set parameter LogToConsole to value 1
Set parameter LogToConsole to value 0
augmented lagrangean iteration 1
Set parameter LogToConsole to value 1
Set parameter LogToConsole to value 0
Set parameter LogToConsole to value 1
Set parameter LogToConsole to value 0
Set parameter LogToConsole to value 1
Set parameter LogToConsole to value 0
augmented lagrangean iteration 2
Set parameter LogToConsole to value 1
Set parameter LogToConsole to value 0
Set parameter LogToConsole to value 1
Set parameter LogToConsole to value 0
Set parameter LogToConsole to value 1
Set parameter LogToConsole to value 0
Set parameter LogToConsole to value 1
Set parameter LogToConsole to value 0
Set parameter LogToConsole to value 1
Set parameter LogToConsole to value 0
Set parameter LogToConsole to value 1
Set parameter LogToConsole to value 0
       165      8230.48      8268.66   -1127.6469   -1126.4218   0.1088%
Set parameter LogToConsole to value 1
Set parameter LogToConsole to value 0
Set parameter LogToConsole to value 1
Set parameter LogToConsole to value 0
Set parameter LogToConsole to value 1
Set parameter LogToConsole to value 0
augmented lagrangean iteration 0
Set parameter LogToConsole to value 1
Set parameter LogToConsole to value 0
Set parameter LogToConsole to value 1
Set parameter LogToConsole to value 0
Set parameter LogToConsole to value 1
Set parameter LogToConsole to value 0
augmented lagrangean iteration 1
Set parameter LogToConsole to value 1
Set parameter LogToConsole to value 0
Set parameter LogToConsole to value 1
Set parameter LogToConsole to value 0
Set parameter LogToConsole to value 1
Set parameter LogToConsole to value 0
augmented lagrangean iteration 2
Set parameter LogToConsole to value 1
Set parameter LogToConsole to value 0
Set parameter LogToConsole to value 1
Set parameter LogToConsole to value 0
Set parameter LogToConsole to value 1
Set parameter LogToConsole to value 0
Set parameter LogToConsole to value 1
Set parameter LogToConsole to value 0
Set parameter LogToConsole to value 1
Set parameter LogToConsole to value 0
Set parameter LogToConsole to value 1
Set parameter LogToConsole to value 0
       166      8262.88      8302.02   -1127.6451   -1126.4218   0.1086%
Set parameter LogToConsole to value 1
Set parameter LogToConsole to value 0
Set parameter LogToConsole to value 1
Set parameter LogToConsole to value 0
Set parameter LogToConsole to value 1
Set parameter LogToConsole to value 0
augmented lagrangean iteration 0
Set parameter LogToConsole to value 1
Set parameter LogToConsole to value 0
Set parameter LogToConsole to value 1
Set parameter LogToConsole to value 0
Set parameter LogToConsole to value 1
Set parameter LogToConsole to value 0
augmented lagrangean iteration 1
Set parameter LogToConsole to value 1
Set parameter LogToConsole to value 0
Set parameter LogToConsole to value 1
Set parameter LogToConsole to value 0
Set parameter LogToConsole to value 1
Set parameter LogToConsole to value 0
augmented lagrangean iteration 2
Set parameter LogToConsole to value 1
Set parameter LogToConsole to value 0
Set parameter LogToConsole to value 1
Set parameter LogToConsole to value 0
Set parameter LogToConsole to value 1
Set parameter LogToConsole to value 0
Set parameter LogToConsole to value 1
Set parameter LogToConsole to value 0
Set parameter LogToConsole to value 1
Set parameter LogToConsole to value 0
Set parameter LogToConsole to value 1
Set parameter LogToConsole to value 0
       167      8293.55      8333.65   -1127.6450   -1126.4218   0.1086%
Set parameter LogToConsole to value 1
Set parameter LogToConsole to value 0
Set parameter LogToConsole to value 1
Set parameter LogToConsole to value 0
Set parameter LogToConsole to value 1
Set parameter LogToConsole to value 0
augmented lagrangean iteration 0
Set parameter LogToConsole to value 1
Set parameter LogToConsole to value 0
Set parameter LogToConsole to value 1
Set parameter LogToConsole to value 0
Set parameter LogToConsole to value 1
Set parameter LogToConsole to value 0
augmented lagrangean iteration 1
Set parameter LogToConsole to value 1
Set parameter LogToConsole to value 0
Set parameter LogToConsole to value 1
Set parameter LogToConsole to value 0
Set parameter LogToConsole to value 1
Set parameter LogToConsole to value 0
augmented lagrangean iteration 2
Set parameter LogToConsole to value 1
Set parameter LogToConsole to value 0
Set parameter LogToConsole to value 1
Set parameter LogToConsole to value 0
Set parameter LogToConsole to value 1
Set parameter LogToConsole to value 0
Set parameter LogToConsole to value 1
Set parameter LogToConsole to value 0
Set parameter LogToConsole to value 1
Set parameter LogToConsole to value 0
Set parameter LogToConsole to value 1
Set parameter LogToConsole to value 0
       168      8326.62      8367.68   -1127.6432   -1126.4218   0.1084%
Set parameter LogToConsole to value 1
Set parameter LogToConsole to value 0
Set parameter LogToConsole to value 1
Set parameter LogToConsole to value 0
Set parameter LogToConsole to value 1
Set parameter LogToConsole to value 0
augmented lagrangean iteration 0
Set parameter LogToConsole to value 1
Set parameter LogToConsole to value 0
Set parameter LogToConsole to value 1
Set parameter LogToConsole to value 0
Set parameter LogToConsole to value 1
Set parameter LogToConsole to value 0
augmented lagrangean iteration 1
Set parameter LogToConsole to value 1
Set parameter LogToConsole to value 0
Set parameter LogToConsole to value 1
Set parameter LogToConsole to value 0
Set parameter LogToConsole to value 1
Set parameter LogToConsole to value 0
augmented lagrangean iteration 2
Set parameter LogToConsole to value 1
Set parameter LogToConsole to value 0
Set parameter LogToConsole to value 1
Set parameter LogToConsole to value 0
Set parameter LogToConsole to value 1
Set parameter LogToConsole to value 0
Set parameter LogToConsole to value 1
Set parameter LogToConsole to value 0
Set parameter LogToConsole to value 1
Set parameter LogToConsole to value 0
Set parameter LogToConsole to value 1
Set parameter LogToConsole to value 0
       169      8356.31      8398.33   -1127.6431   -1126.4218   0.1084%
Set parameter LogToConsole to value 1
Set parameter LogToConsole to value 0
Set parameter LogToConsole to value 1
Set parameter LogToConsole to value 0
Set parameter LogToConsole to value 1
Set parameter LogToConsole to value 0
augmented lagrangean iteration 0
Set parameter LogToConsole to value 1
Set parameter LogToConsole to value 0
Set parameter LogToConsole to value 1
Set parameter LogToConsole to value 0
Set parameter LogToConsole to value 1
Set parameter LogToConsole to value 0
augmented lagrangean iteration 1
Set parameter LogToConsole to value 1
Set parameter LogToConsole to value 0
Set parameter LogToConsole to value 1
Set parameter LogToConsole to value 0
Set parameter LogToConsole to value 1
Set parameter LogToConsole to value 0
augmented lagrangean iteration 2
Set parameter LogToConsole to value 1
Set parameter LogToConsole to value 0
Set parameter LogToConsole to value 1
Set parameter LogToConsole to value 0
Set parameter LogToConsole to value 1
Set parameter LogToConsole to value 0
Set parameter LogToConsole to value 1
Set parameter LogToConsole to value 0
Set parameter LogToConsole to value 1
Set parameter LogToConsole to value 0
Set parameter LogToConsole to value 1
Set parameter LogToConsole to value 0
       170      8389.50      8432.47   -1127.6412   -1126.4218   0.1083%
Set parameter LogToConsole to value 1
Set parameter LogToConsole to value 0
Set parameter LogToConsole to value 1
Set parameter LogToConsole to value 0
Set parameter LogToConsole to value 1
Set parameter LogToConsole to value 0
augmented lagrangean iteration 0
Set parameter LogToConsole to value 1
Set parameter LogToConsole to value 0
Set parameter LogToConsole to value 1
Set parameter LogToConsole to value 0
Set parameter LogToConsole to value 1
Set parameter LogToConsole to value 0
augmented lagrangean iteration 1
Set parameter LogToConsole to value 1
Set parameter LogToConsole to value 0
Set parameter LogToConsole to value 1
Set parameter LogToConsole to value 0
Set parameter LogToConsole to value 1
Set parameter LogToConsole to value 0
augmented lagrangean iteration 2
Set parameter LogToConsole to value 1
Set parameter LogToConsole to value 0
Set parameter LogToConsole to value 1
Set parameter LogToConsole to value 0
Set parameter LogToConsole to value 1
Set parameter LogToConsole to value 0
Set parameter LogToConsole to value 1
Set parameter LogToConsole to value 0
Set parameter LogToConsole to value 1
Set parameter LogToConsole to value 0
Set parameter LogToConsole to value 1
Set parameter LogToConsole to value 0
       171      8421.80      8465.72   -1127.6412   -1126.4218   0.1083%
Set parameter LogToConsole to value 1
Set parameter LogToConsole to value 0
Set parameter LogToConsole to value 1
Set parameter LogToConsole to value 0
Set parameter LogToConsole to value 1
Set parameter LogToConsole to value 0
augmented lagrangean iteration 0
Set parameter LogToConsole to value 1
Set parameter LogToConsole to value 0
Set parameter LogToConsole to value 1
Set parameter LogToConsole to value 0
Set parameter LogToConsole to value 1
Set parameter LogToConsole to value 0
augmented lagrangean iteration 1
Set parameter LogToConsole to value 1
Set parameter LogToConsole to value 0
Set parameter LogToConsole to value 1
Set parameter LogToConsole to value 0
Set parameter LogToConsole to value 1
Set parameter LogToConsole to value 0
augmented lagrangean iteration 2
Set parameter LogToConsole to value 1
Set parameter LogToConsole to value 0
Set parameter LogToConsole to value 1
Set parameter LogToConsole to value 0
Set parameter LogToConsole to value 1
Set parameter LogToConsole to value 0
Set parameter LogToConsole to value 1
Set parameter LogToConsole to value 0
Set parameter LogToConsole to value 1
Set parameter LogToConsole to value 0
Set parameter LogToConsole to value 1
Set parameter LogToConsole to value 0
       172      8456.42      8501.32   -1127.6393   -1126.4218   0.1081%
Set parameter LogToConsole to value 1
Set parameter LogToConsole to value 0
Set parameter LogToConsole to value 1
Set parameter LogToConsole to value 0
Set parameter LogToConsole to value 1
Set parameter LogToConsole to value 0
augmented lagrangean iteration 0
Set parameter LogToConsole to value 1
Set parameter LogToConsole to value 0
Set parameter LogToConsole to value 1
Set parameter LogToConsole to value 0
Set parameter LogToConsole to value 1
Set parameter LogToConsole to value 0
augmented lagrangean iteration 1
Set parameter LogToConsole to value 1
Set parameter LogToConsole to value 0
Set parameter LogToConsole to value 1
Set parameter LogToConsole to value 0
Set parameter LogToConsole to value 1
Set parameter LogToConsole to value 0
augmented lagrangean iteration 2
Set parameter LogToConsole to value 1
Set parameter LogToConsole to value 0
Set parameter LogToConsole to value 1
Set parameter LogToConsole to value 0
Set parameter LogToConsole to value 1
Set parameter LogToConsole to value 0
Set parameter LogToConsole to value 1
Set parameter LogToConsole to value 0
Set parameter LogToConsole to value 1
Set parameter LogToConsole to value 0
Set parameter LogToConsole to value 1
Set parameter LogToConsole to value 0
       173      8490.26      8536.11   -1127.6374   -1126.4218   0.1079%
Set parameter LogToConsole to value 1
Set parameter LogToConsole to value 0
Set parameter LogToConsole to value 1
Set parameter LogToConsole to value 0
Set parameter LogToConsole to value 1
Set parameter LogToConsole to value 0
augmented lagrangean iteration 0
Set parameter LogToConsole to value 1
Set parameter LogToConsole to value 0
Set parameter LogToConsole to value 1
Set parameter LogToConsole to value 0
Set parameter LogToConsole to value 1
Set parameter LogToConsole to value 0
augmented lagrangean iteration 1
Set parameter LogToConsole to value 1
Set parameter LogToConsole to value 0
Set parameter LogToConsole to value 1
Set parameter LogToConsole to value 0
Set parameter LogToConsole to value 1
Set parameter LogToConsole to value 0
augmented lagrangean iteration 2
Set parameter LogToConsole to value 1
Set parameter LogToConsole to value 0
Set parameter LogToConsole to value 1
Set parameter LogToConsole to value 0
Set parameter LogToConsole to value 1
Set parameter LogToConsole to value 0
Set parameter LogToConsole to value 1
Set parameter LogToConsole to value 0
Set parameter LogToConsole to value 1
Set parameter LogToConsole to value 0
Set parameter LogToConsole to value 1
Set parameter LogToConsole to value 0
       174      8525.31      8572.12   -1127.6366   -1126.4218   0.1078%
Set parameter LogToConsole to value 1
Set parameter LogToConsole to value 0
Set parameter LogToConsole to value 1
Set parameter LogToConsole to value 0
Set parameter LogToConsole to value 1
Set parameter LogToConsole to value 0
augmented lagrangean iteration 0
Set parameter LogToConsole to value 1
Set parameter LogToConsole to value 0
Set parameter LogToConsole to value 1
Set parameter LogToConsole to value 0
Set parameter LogToConsole to value 1
Set parameter LogToConsole to value 0
augmented lagrangean iteration 1
Set parameter LogToConsole to value 1
Set parameter LogToConsole to value 0
Set parameter LogToConsole to value 1
Set parameter LogToConsole to value 0
Set parameter LogToConsole to value 1
Set parameter LogToConsole to value 0
augmented lagrangean iteration 2
Set parameter LogToConsole to value 1
Set parameter LogToConsole to value 0
Set parameter LogToConsole to value 1
Set parameter LogToConsole to value 0
Set parameter LogToConsole to value 1
Set parameter LogToConsole to value 0
Set parameter LogToConsole to value 1
Set parameter LogToConsole to value 0
Set parameter LogToConsole to value 1
Set parameter LogToConsole to value 0
Set parameter LogToConsole to value 1
Set parameter LogToConsole to value 0
Set parameter LogToConsole to value 1
Set parameter LogToConsole to value 0
augmented lagrangean iteration 0
Set parameter LogToConsole to value 1
Set parameter LogToConsole to value 0
Set parameter LogToConsole to value 1
Set parameter LogToConsole to value 0
Set parameter LogToConsole to value 1
Set parameter LogToConsole to value 0
augmented lagrangean iteration 1
Set parameter LogToConsole to value 1
Set parameter LogToConsole to value 0
Set parameter LogToConsole to value 1
Set parameter LogToConsole to value 0
Set parameter LogToConsole to value 1
Set parameter LogToConsole to value 0
augmented lagrangean iteration 2
Set parameter LogToConsole to value 1
Set parameter LogToConsole to value 0
Set parameter LogToConsole to value 1
Set parameter LogToConsole to value 0
Set parameter LogToConsole to value 1
Set parameter LogToConsole to value 0
Set parameter LogToConsole to value 1
Set parameter LogToConsole to value 0
       175      8577.72      8624.66   -1127.6356   -1126.4218   0.1078%
Set parameter LogToConsole to value 1
Set parameter LogToConsole to value 0
Set parameter LogToConsole to value 1
Set parameter LogToConsole to value 0
Set parameter LogToConsole to value 1
Set parameter LogToConsole to value 0
augmented lagrangean iteration 0
Set parameter LogToConsole to value 1
Set parameter LogToConsole to value 0
Set parameter LogToConsole to value 1
Set parameter LogToConsole to value 0
Set parameter LogToConsole to value 1
Set parameter LogToConsole to value 0
augmented lagrangean iteration 1
Set parameter LogToConsole to value 1
Set parameter LogToConsole to value 0
Set parameter LogToConsole to value 1
Set parameter LogToConsole to value 0
Set parameter LogToConsole to value 1
Set parameter LogToConsole to value 0
augmented lagrangean iteration 2
Set parameter LogToConsole to value 1
Set parameter LogToConsole to value 0
Set parameter LogToConsole to value 1
Set parameter LogToConsole to value 0
Set parameter LogToConsole to value 1
Set parameter LogToConsole to value 0
Set parameter LogToConsole to value 1
Set parameter LogToConsole to value 0
Set parameter LogToConsole to value 1
Set parameter LogToConsole to value 0
Set parameter LogToConsole to value 1
Set parameter LogToConsole to value 0
       176      8609.31      8657.21   -1127.6347   -1126.4218   0.1077%
Set parameter LogToConsole to value 1
Set parameter LogToConsole to value 0
Set parameter LogToConsole to value 1
Set parameter LogToConsole to value 0
Set parameter LogToConsole to value 1
Set parameter LogToConsole to value 0
augmented lagrangean iteration 0
Set parameter LogToConsole to value 1
Set parameter LogToConsole to value 0
Set parameter LogToConsole to value 1
Set parameter LogToConsole to value 0
Set parameter LogToConsole to value 1
Set parameter LogToConsole to value 0
augmented lagrangean iteration 1
Set parameter LogToConsole to value 1
Set parameter LogToConsole to value 0
Set parameter LogToConsole to value 1
Set parameter LogToConsole to value 0
Set parameter LogToConsole to value 1
Set parameter LogToConsole to value 0
augmented lagrangean iteration 2
Set parameter LogToConsole to value 1
Set parameter LogToConsole to value 0
Set parameter LogToConsole to value 1
Set parameter LogToConsole to value 0
Set parameter LogToConsole to value 1
Set parameter LogToConsole to value 0
Set parameter LogToConsole to value 1
Set parameter LogToConsole to value 0
Set parameter LogToConsole to value 1
Set parameter LogToConsole to value 0
Set parameter LogToConsole to value 1
Set parameter LogToConsole to value 0
Set parameter LogToConsole to value 1
Set parameter LogToConsole to value 0
augmented lagrangean iteration 0
Set parameter LogToConsole to value 1
Set parameter LogToConsole to value 0
Set parameter LogToConsole to value 1
Set parameter LogToConsole to value 0
Set parameter LogToConsole to value 1
Set parameter LogToConsole to value 0
augmented lagrangean iteration 1
Set parameter LogToConsole to value 1
Set parameter LogToConsole to value 0
Set parameter LogToConsole to value 1
Set parameter LogToConsole to value 0
Set parameter LogToConsole to value 1
Set parameter LogToConsole to value 0
augmented lagrangean iteration 2
Set parameter LogToConsole to value 1
Set parameter LogToConsole to value 0
Set parameter LogToConsole to value 1
Set parameter LogToConsole to value 0
Set parameter LogToConsole to value 1
Set parameter LogToConsole to value 0
Set parameter LogToConsole to value 1
Set parameter LogToConsole to value 0
       177      8662.45      8710.48   -1127.6337   -1126.4218   0.1076%
Set parameter LogToConsole to value 1
Set parameter LogToConsole to value 0
Set parameter LogToConsole to value 1
Set parameter LogToConsole to value 0
Set parameter LogToConsole to value 1
Set parameter LogToConsole to value 0
augmented lagrangean iteration 0
Set parameter LogToConsole to value 1
Set parameter LogToConsole to value 0
Set parameter LogToConsole to value 1
Set parameter LogToConsole to value 0
Set parameter LogToConsole to value 1
Set parameter LogToConsole to value 0
augmented lagrangean iteration 1
Set parameter LogToConsole to value 1
Set parameter LogToConsole to value 0
Set parameter LogToConsole to value 1
Set parameter LogToConsole to value 0
Set parameter LogToConsole to value 1
Set parameter LogToConsole to value 0
augmented lagrangean iteration 2
Set parameter LogToConsole to value 1
Set parameter LogToConsole to value 0
Set parameter LogToConsole to value 1
Set parameter LogToConsole to value 0
Set parameter LogToConsole to value 1
Set parameter LogToConsole to value 0
Set parameter LogToConsole to value 1
Set parameter LogToConsole to value 0
Set parameter LogToConsole to value 1
Set parameter LogToConsole to value 0
Set parameter LogToConsole to value 1
Set parameter LogToConsole to value 0
       178      8696.34      8745.33   -1127.6328   -1126.4218   0.1075%
Set parameter LogToConsole to value 1
Set parameter LogToConsole to value 0
Set parameter LogToConsole to value 1
Set parameter LogToConsole to value 0
Set parameter LogToConsole to value 1
Set parameter LogToConsole to value 0
augmented lagrangean iteration 0
Set parameter LogToConsole to value 1
Set parameter LogToConsole to value 0
Set parameter LogToConsole to value 1
Set parameter LogToConsole to value 0
Set parameter LogToConsole to value 1
Set parameter LogToConsole to value 0
augmented lagrangean iteration 1
Set parameter LogToConsole to value 1
Set parameter LogToConsole to value 0
Set parameter LogToConsole to value 1
Set parameter LogToConsole to value 0
Set parameter LogToConsole to value 1
Set parameter LogToConsole to value 0
augmented lagrangean iteration 2
Set parameter LogToConsole to value 1
Set parameter LogToConsole to value 0
Set parameter LogToConsole to value 1
Set parameter LogToConsole to value 0
Set parameter LogToConsole to value 1
Set parameter LogToConsole to value 0
Set parameter LogToConsole to value 1
Set parameter LogToConsole to value 0
Set parameter LogToConsole to value 1
Set parameter LogToConsole to value 0
Set parameter LogToConsole to value 1
Set parameter LogToConsole to value 0
Set parameter LogToConsole to value 1
Set parameter LogToConsole to value 0
augmented lagrangean iteration 0
Set parameter LogToConsole to value 1
Set parameter LogToConsole to value 0
Set parameter LogToConsole to value 1
Set parameter LogToConsole to value 0
Set parameter LogToConsole to value 1
Set parameter LogToConsole to value 0
augmented lagrangean iteration 1
Set parameter LogToConsole to value 1
Set parameter LogToConsole to value 0
Set parameter LogToConsole to value 1
Set parameter LogToConsole to value 0
Set parameter LogToConsole to value 1
Set parameter LogToConsole to value 0
augmented lagrangean iteration 2
Set parameter LogToConsole to value 1
Set parameter LogToConsole to value 0
Set parameter LogToConsole to value 1
Set parameter LogToConsole to value 0
Set parameter LogToConsole to value 1
Set parameter LogToConsole to value 0
Set parameter LogToConsole to value 1
Set parameter LogToConsole to value 0
       179      8747.17      8796.28   -1127.6309   -1126.4218   0.1073%
Set parameter LogToConsole to value 1
Set parameter LogToConsole to value 0
Set parameter LogToConsole to value 1
Set parameter LogToConsole to value 0
Set parameter LogToConsole to value 1
Set parameter LogToConsole to value 0
augmented lagrangean iteration 0
Set parameter LogToConsole to value 1
Set parameter LogToConsole to value 0
Set parameter LogToConsole to value 1
Set parameter LogToConsole to value 0
Set parameter LogToConsole to value 1
Set parameter LogToConsole to value 0
augmented lagrangean iteration 1
Set parameter LogToConsole to value 1
Set parameter LogToConsole to value 0
Set parameter LogToConsole to value 1
Set parameter LogToConsole to value 0
Set parameter LogToConsole to value 1
Set parameter LogToConsole to value 0
augmented lagrangean iteration 2
Set parameter LogToConsole to value 1
Set parameter LogToConsole to value 0
Set parameter LogToConsole to value 1
Set parameter LogToConsole to value 0
Set parameter LogToConsole to value 1
Set parameter LogToConsole to value 0
Set parameter LogToConsole to value 1
Set parameter LogToConsole to value 0
Set parameter LogToConsole to value 1
Set parameter LogToConsole to value 0
Set parameter LogToConsole to value 1
Set parameter LogToConsole to value 0
Set parameter LogToConsole to value 1
Set parameter LogToConsole to value 0
augmented lagrangean iteration 0
Set parameter LogToConsole to value 1
Set parameter LogToConsole to value 0
Set parameter LogToConsole to value 1
Set parameter LogToConsole to value 0
Set parameter LogToConsole to value 1
Set parameter LogToConsole to value 0
augmented lagrangean iteration 1
Set parameter LogToConsole to value 1
Set parameter LogToConsole to value 0
Set parameter LogToConsole to value 1
Set parameter LogToConsole to value 0
Set parameter LogToConsole to value 1
Set parameter LogToConsole to value 0
augmented lagrangean iteration 2
Set parameter LogToConsole to value 1
Set parameter LogToConsole to value 0
Set parameter LogToConsole to value 1
Set parameter LogToConsole to value 0
Set parameter LogToConsole to value 1
Set parameter LogToConsole to value 0
Set parameter LogToConsole to value 1
Set parameter LogToConsole to value 0
       180      8801.94      8851.17   -1127.6290   -1126.4218   0.1072%
Set parameter LogToConsole to value 1
Set parameter LogToConsole to value 0
Set parameter LogToConsole to value 1
Set parameter LogToConsole to value 0
Set parameter LogToConsole to value 1
Set parameter LogToConsole to value 0
augmented lagrangean iteration 0
Set parameter LogToConsole to value 1
Set parameter LogToConsole to value 0
Set parameter LogToConsole to value 1
Set parameter LogToConsole to value 0
Set parameter LogToConsole to value 1
Set parameter LogToConsole to value 0
augmented lagrangean iteration 1
Set parameter LogToConsole to value 1
Set parameter LogToConsole to value 0
Set parameter LogToConsole to value 1
Set parameter LogToConsole to value 0
Set parameter LogToConsole to value 1
Set parameter LogToConsole to value 0
augmented lagrangean iteration 2
Set parameter LogToConsole to value 1
Set parameter LogToConsole to value 0
Set parameter LogToConsole to value 1
Set parameter LogToConsole to value 0
Set parameter LogToConsole to value 1
Set parameter LogToConsole to value 0
Set parameter LogToConsole to value 1
Set parameter LogToConsole to value 0
Set parameter LogToConsole to value 1
Set parameter LogToConsole to value 0
Set parameter LogToConsole to value 1
Set parameter LogToConsole to value 0
Set parameter LogToConsole to value 1
Set parameter LogToConsole to value 0
augmented lagrangean iteration 0
Set parameter LogToConsole to value 1
Set parameter LogToConsole to value 0
Set parameter LogToConsole to value 1
Set parameter LogToConsole to value 0
Set parameter LogToConsole to value 1
Set parameter LogToConsole to value 0
augmented lagrangean iteration 1
Set parameter LogToConsole to value 1
Set parameter LogToConsole to value 0
Set parameter LogToConsole to value 1
Set parameter LogToConsole to value 0
Set parameter LogToConsole to value 1
Set parameter LogToConsole to value 0
augmented lagrangean iteration 2
Set parameter LogToConsole to value 1
Set parameter LogToConsole to value 0
Set parameter LogToConsole to value 1
Set parameter LogToConsole to value 0
Set parameter LogToConsole to value 1
Set parameter LogToConsole to value 0
Set parameter LogToConsole to value 1
Set parameter LogToConsole to value 0
       181      8853.48      8902.84   -1127.6270   -1126.4218   0.1070%
Set parameter LogToConsole to value 1
Set parameter LogToConsole to value 0
Set parameter LogToConsole to value 1
Set parameter LogToConsole to value 0
Set parameter LogToConsole to value 1
Set parameter LogToConsole to value 0
augmented lagrangean iteration 0
Set parameter LogToConsole to value 1
Set parameter LogToConsole to value 0
Set parameter LogToConsole to value 1
Set parameter LogToConsole to value 0
Set parameter LogToConsole to value 1
Set parameter LogToConsole to value 0
augmented lagrangean iteration 1
Set parameter LogToConsole to value 1
Set parameter LogToConsole to value 0
Set parameter LogToConsole to value 1
Set parameter LogToConsole to value 0
Set parameter LogToConsole to value 1
Set parameter LogToConsole to value 0
augmented lagrangean iteration 2
Set parameter LogToConsole to value 1
Set parameter LogToConsole to value 0
Set parameter LogToConsole to value 1
Set parameter LogToConsole to value 0
Set parameter LogToConsole to value 1
Set parameter LogToConsole to value 0
Set parameter LogToConsole to value 1
Set parameter LogToConsole to value 0
Set parameter LogToConsole to value 1
Set parameter LogToConsole to value 0
Set parameter LogToConsole to value 1
Set parameter LogToConsole to value 0
Set parameter LogToConsole to value 1
Set parameter LogToConsole to value 0
augmented lagrangean iteration 0
Set parameter LogToConsole to value 1
Set parameter LogToConsole to value 0
Set parameter LogToConsole to value 1
Set parameter LogToConsole to value 0
Set parameter LogToConsole to value 1
Set parameter LogToConsole to value 0
augmented lagrangean iteration 1
Set parameter LogToConsole to value 1
Set parameter LogToConsole to value 0
Set parameter LogToConsole to value 1
Set parameter LogToConsole to value 0
Set parameter LogToConsole to value 1
Set parameter LogToConsole to value 0
augmented lagrangean iteration 2
Set parameter LogToConsole to value 1
Set parameter LogToConsole to value 0
Set parameter LogToConsole to value 1
Set parameter LogToConsole to value 0
Set parameter LogToConsole to value 1
Set parameter LogToConsole to value 0
Set parameter LogToConsole to value 1
Set parameter LogToConsole to value 0
       182      8903.83      8953.37   -1127.6251   -1126.4218   0.1068%
Set parameter LogToConsole to value 1
Set parameter LogToConsole to value 0
Set parameter LogToConsole to value 1
Set parameter LogToConsole to value 0
Set parameter LogToConsole to value 1
Set parameter LogToConsole to value 0
augmented lagrangean iteration 0
Set parameter LogToConsole to value 1
Set parameter LogToConsole to value 0
Set parameter LogToConsole to value 1
Set parameter LogToConsole to value 0
Set parameter LogToConsole to value 1
Set parameter LogToConsole to value 0
augmented lagrangean iteration 1
Set parameter LogToConsole to value 1
Set parameter LogToConsole to value 0
Set parameter LogToConsole to value 1
Set parameter LogToConsole to value 0
Set parameter LogToConsole to value 1
Set parameter LogToConsole to value 0
augmented lagrangean iteration 2
Set parameter LogToConsole to value 1
Set parameter LogToConsole to value 0
Set parameter LogToConsole to value 1
Set parameter LogToConsole to value 0
Set parameter LogToConsole to value 1
Set parameter LogToConsole to value 0
Set parameter LogToConsole to value 1
Set parameter LogToConsole to value 0
Set parameter LogToConsole to value 1
Set parameter LogToConsole to value 0
Set parameter LogToConsole to value 1
Set parameter LogToConsole to value 0
Set parameter LogToConsole to value 1
Set parameter LogToConsole to value 0
augmented lagrangean iteration 0
Set parameter LogToConsole to value 1
Set parameter LogToConsole to value 0
Set parameter LogToConsole to value 1
Set parameter LogToConsole to value 0
Set parameter LogToConsole to value 1
Set parameter LogToConsole to value 0
augmented lagrangean iteration 1
Set parameter LogToConsole to value 1
Set parameter LogToConsole to value 0
Set parameter LogToConsole to value 1
Set parameter LogToConsole to value 0
Set parameter LogToConsole to value 1
Set parameter LogToConsole to value 0
augmented lagrangean iteration 2
Set parameter LogToConsole to value 1
Set parameter LogToConsole to value 0
Set parameter LogToConsole to value 1
Set parameter LogToConsole to value 0
Set parameter LogToConsole to value 1
Set parameter LogToConsole to value 0
Set parameter LogToConsole to value 1
Set parameter LogToConsole to value 0
       183      8955.55      9005.22   -1127.6232   -1126.4218   0.1067%
Set parameter LogToConsole to value 1
Set parameter LogToConsole to value 0
Set parameter LogToConsole to value 1
Set parameter LogToConsole to value 0
Set parameter LogToConsole to value 1
Set parameter LogToConsole to value 0
augmented lagrangean iteration 0
Set parameter LogToConsole to value 1
Set parameter LogToConsole to value 0
Set parameter LogToConsole to value 1
Set parameter LogToConsole to value 0
Set parameter LogToConsole to value 1
Set parameter LogToConsole to value 0
augmented lagrangean iteration 1
Set parameter LogToConsole to value 1
Set parameter LogToConsole to value 0
Set parameter LogToConsole to value 1
Set parameter LogToConsole to value 0
Set parameter LogToConsole to value 1
Set parameter LogToConsole to value 0
augmented lagrangean iteration 2
Set parameter LogToConsole to value 1
Set parameter LogToConsole to value 0
Set parameter LogToConsole to value 1
Set parameter LogToConsole to value 0
Set parameter LogToConsole to value 1
Set parameter LogToConsole to value 0
Set parameter LogToConsole to value 1
Set parameter LogToConsole to value 0
Set parameter LogToConsole to value 1
Set parameter LogToConsole to value 0
Set parameter LogToConsole to value 1
Set parameter LogToConsole to value 0
Set parameter LogToConsole to value 1
Set parameter LogToConsole to value 0
augmented lagrangean iteration 0
Set parameter LogToConsole to value 1
Set parameter LogToConsole to value 0
Set parameter LogToConsole to value 1
Set parameter LogToConsole to value 0
Set parameter LogToConsole to value 1
Set parameter LogToConsole to value 0
augmented lagrangean iteration 1
Set parameter LogToConsole to value 1
Set parameter LogToConsole to value 0
Set parameter LogToConsole to value 1
Set parameter LogToConsole to value 0
Set parameter LogToConsole to value 1
Set parameter LogToConsole to value 0
augmented lagrangean iteration 2
Set parameter LogToConsole to value 1
Set parameter LogToConsole to value 0
Set parameter LogToConsole to value 1
Set parameter LogToConsole to value 0
Set parameter LogToConsole to value 1
Set parameter LogToConsole to value 0
Set parameter LogToConsole to value 1
Set parameter LogToConsole to value 0
       184      9007.43      9057.22   -1127.6183   -1126.4218   0.1062%
Set parameter LogToConsole to value 1
Set parameter LogToConsole to value 0
Set parameter LogToConsole to value 1
Set parameter LogToConsole to value 0
Set parameter LogToConsole to value 1
Set parameter LogToConsole to value 0
augmented lagrangean iteration 0
Set parameter LogToConsole to value 1
Set parameter LogToConsole to value 0
Set parameter LogToConsole to value 1
Set parameter LogToConsole to value 0
Set parameter LogToConsole to value 1
Set parameter LogToConsole to value 0
augmented lagrangean iteration 1
Set parameter LogToConsole to value 1
Set parameter LogToConsole to value 0
Set parameter LogToConsole to value 1
Set parameter LogToConsole to value 0
Set parameter LogToConsole to value 1
Set parameter LogToConsole to value 0
augmented lagrangean iteration 2
Set parameter LogToConsole to value 1
Set parameter LogToConsole to value 0
Set parameter LogToConsole to value 1
Set parameter LogToConsole to value 0
Set parameter LogToConsole to value 1
Set parameter LogToConsole to value 0
Set parameter LogToConsole to value 1
Set parameter LogToConsole to value 0
Set parameter LogToConsole to value 1
Set parameter LogToConsole to value 0
Set parameter LogToConsole to value 1
Set parameter LogToConsole to value 0
Set parameter LogToConsole to value 1
Set parameter LogToConsole to value 0
augmented lagrangean iteration 0
Set parameter LogToConsole to value 1
Set parameter LogToConsole to value 0
Set parameter LogToConsole to value 1
Set parameter LogToConsole to value 0
Set parameter LogToConsole to value 1
Set parameter LogToConsole to value 0
augmented lagrangean iteration 1
Set parameter LogToConsole to value 1
Set parameter LogToConsole to value 0
Set parameter LogToConsole to value 1
Set parameter LogToConsole to value 0
Set parameter LogToConsole to value 1
Set parameter LogToConsole to value 0
augmented lagrangean iteration 2
Set parameter LogToConsole to value 1
Set parameter LogToConsole to value 0
Set parameter LogToConsole to value 1
Set parameter LogToConsole to value 0
Set parameter LogToConsole to value 1
Set parameter LogToConsole to value 0
Set parameter LogToConsole to value 1
Set parameter LogToConsole to value 0
       185      9059.25      9109.17   -1127.6171   -1126.4218   0.1061%
Set parameter LogToConsole to value 1
Set parameter LogToConsole to value 0
Set parameter LogToConsole to value 1
Set parameter LogToConsole to value 0
Set parameter LogToConsole to value 1
Set parameter LogToConsole to value 0
augmented lagrangean iteration 0
Set parameter LogToConsole to value 1
Set parameter LogToConsole to value 0
Set parameter LogToConsole to value 1
Set parameter LogToConsole to value 0
Set parameter LogToConsole to value 1
Set parameter LogToConsole to value 0
augmented lagrangean iteration 1
Set parameter LogToConsole to value 1
Set parameter LogToConsole to value 0
Set parameter LogToConsole to value 1
Set parameter LogToConsole to value 0
Set parameter LogToConsole to value 1
Set parameter LogToConsole to value 0
augmented lagrangean iteration 2
Set parameter LogToConsole to value 1
Set parameter LogToConsole to value 0
Set parameter LogToConsole to value 1
Set parameter LogToConsole to value 0
Set parameter LogToConsole to value 1
Set parameter LogToConsole to value 0
Set parameter LogToConsole to value 1
Set parameter LogToConsole to value 0
Set parameter LogToConsole to value 1
Set parameter LogToConsole to value 0
Set parameter LogToConsole to value 1
Set parameter LogToConsole to value 0
Set parameter LogToConsole to value 1
Set parameter LogToConsole to value 0
augmented lagrangean iteration 0
Set parameter LogToConsole to value 1
Set parameter LogToConsole to value 0
Set parameter LogToConsole to value 1
Set parameter LogToConsole to value 0
Set parameter LogToConsole to value 1
Set parameter LogToConsole to value 0
augmented lagrangean iteration 1
Set parameter LogToConsole to value 1
Set parameter LogToConsole to value 0
Set parameter LogToConsole to value 1
Set parameter LogToConsole to value 0
Set parameter LogToConsole to value 1
Set parameter LogToConsole to value 0
augmented lagrangean iteration 2
Set parameter LogToConsole to value 1
Set parameter LogToConsole to value 0
Set parameter LogToConsole to value 1
Set parameter LogToConsole to value 0
Set parameter LogToConsole to value 1
Set parameter LogToConsole to value 0
Set parameter LogToConsole to value 1
Set parameter LogToConsole to value 0
       186      9109.69      9159.74   -1127.6144   -1126.4218   0.1059%
Set parameter LogToConsole to value 1
Set parameter LogToConsole to value 0
Set parameter LogToConsole to value 1
Set parameter LogToConsole to value 0
Set parameter LogToConsole to value 1
Set parameter LogToConsole to value 0
augmented lagrangean iteration 0
Set parameter LogToConsole to value 1
Set parameter LogToConsole to value 0
Set parameter LogToConsole to value 1
Set parameter LogToConsole to value 0
Set parameter LogToConsole to value 1
Set parameter LogToConsole to value 0
augmented lagrangean iteration 1
Set parameter LogToConsole to value 1
Set parameter LogToConsole to value 0
Set parameter LogToConsole to value 1
Set parameter LogToConsole to value 0
Set parameter LogToConsole to value 1
Set parameter LogToConsole to value 0
augmented lagrangean iteration 2
Set parameter LogToConsole to value 1
Set parameter LogToConsole to value 0
Set parameter LogToConsole to value 1
Set parameter LogToConsole to value 0
Set parameter LogToConsole to value 1
Set parameter LogToConsole to value 0
Set parameter LogToConsole to value 1
Set parameter LogToConsole to value 0
Set parameter LogToConsole to value 1
Set parameter LogToConsole to value 0
Set parameter LogToConsole to value 1
Set parameter LogToConsole to value 0
Set parameter LogToConsole to value 1
Set parameter LogToConsole to value 0
augmented lagrangean iteration 0
Set parameter LogToConsole to value 1
Set parameter LogToConsole to value 0
Set parameter LogToConsole to value 1
Set parameter LogToConsole to value 0
Set parameter LogToConsole to value 1
Set parameter LogToConsole to value 0
augmented lagrangean iteration 1
Set parameter LogToConsole to value 1
Set parameter LogToConsole to value 0
Set parameter LogToConsole to value 1
Set parameter LogToConsole to value 0
Set parameter LogToConsole to value 1
Set parameter LogToConsole to value 0
augmented lagrangean iteration 2
Set parameter LogToConsole to value 1
Set parameter LogToConsole to value 0
Set parameter LogToConsole to value 1
Set parameter LogToConsole to value 0
Set parameter LogToConsole to value 1
Set parameter LogToConsole to value 0
Set parameter LogToConsole to value 1
Set parameter LogToConsole to value 0
       187      9159.25      9209.42   -1127.6132   -1126.4218   0.1058%
Set parameter LogToConsole to value 1
Set parameter LogToConsole to value 0
Set parameter LogToConsole to value 1
Set parameter LogToConsole to value 0
Set parameter LogToConsole to value 1
Set parameter LogToConsole to value 0
augmented lagrangean iteration 0
Set parameter LogToConsole to value 1
Set parameter LogToConsole to value 0
Set parameter LogToConsole to value 1
Set parameter LogToConsole to value 0
Set parameter LogToConsole to value 1
Set parameter LogToConsole to value 0
augmented lagrangean iteration 1
Set parameter LogToConsole to value 1
Set parameter LogToConsole to value 0
Set parameter LogToConsole to value 1
Set parameter LogToConsole to value 0
Set parameter LogToConsole to value 1
Set parameter LogToConsole to value 0
augmented lagrangean iteration 2
Set parameter LogToConsole to value 1
Set parameter LogToConsole to value 0
Set parameter LogToConsole to value 1
Set parameter LogToConsole to value 0
Set parameter LogToConsole to value 1
Set parameter LogToConsole to value 0
Set parameter LogToConsole to value 1
Set parameter LogToConsole to value 0
Set parameter LogToConsole to value 1
Set parameter LogToConsole to value 0
Set parameter LogToConsole to value 1
Set parameter LogToConsole to value 0
Set parameter LogToConsole to value 1
Set parameter LogToConsole to value 0
augmented lagrangean iteration 0
Set parameter LogToConsole to value 1
Set parameter LogToConsole to value 0
Set parameter LogToConsole to value 1
Set parameter LogToConsole to value 0
Set parameter LogToConsole to value 1
Set parameter LogToConsole to value 0
augmented lagrangean iteration 1
Set parameter LogToConsole to value 1
Set parameter LogToConsole to value 0
Set parameter LogToConsole to value 1
Set parameter LogToConsole to value 0
Set parameter LogToConsole to value 1
Set parameter LogToConsole to value 0
augmented lagrangean iteration 2
Set parameter LogToConsole to value 1
Set parameter LogToConsole to value 0
Set parameter LogToConsole to value 1
Set parameter LogToConsole to value 0
Set parameter LogToConsole to value 1
Set parameter LogToConsole to value 0
Set parameter LogToConsole to value 1
Set parameter LogToConsole to value 0
       188      9209.83      9260.13   -1127.6079   -1126.4218   0.1053%
Set parameter LogToConsole to value 1
Set parameter LogToConsole to value 0
Set parameter LogToConsole to value 1
Set parameter LogToConsole to value 0
Set parameter LogToConsole to value 1
Set parameter LogToConsole to value 0
augmented lagrangean iteration 0
Set parameter LogToConsole to value 1
Set parameter LogToConsole to value 0
Set parameter LogToConsole to value 1
Set parameter LogToConsole to value 0
Set parameter LogToConsole to value 1
Set parameter LogToConsole to value 0
augmented lagrangean iteration 1
Set parameter LogToConsole to value 1
Set parameter LogToConsole to value 0
Set parameter LogToConsole to value 1
Set parameter LogToConsole to value 0
Set parameter LogToConsole to value 1
Set parameter LogToConsole to value 0
augmented lagrangean iteration 2
Set parameter LogToConsole to value 1
Set parameter LogToConsole to value 0
Set parameter LogToConsole to value 1
Set parameter LogToConsole to value 0
Set parameter LogToConsole to value 1
Set parameter LogToConsole to value 0
Set parameter LogToConsole to value 1
Set parameter LogToConsole to value 0
Set parameter LogToConsole to value 1
Set parameter LogToConsole to value 0
Set parameter LogToConsole to value 1
Set parameter LogToConsole to value 0
       189      9241.20      9292.46   -1127.6069   -1126.4218   0.1052%
Set parameter LogToConsole to value 1
Set parameter LogToConsole to value 0
Set parameter LogToConsole to value 1
Set parameter LogToConsole to value 0
Set parameter LogToConsole to value 1
Set parameter LogToConsole to value 0
augmented lagrangean iteration 0
Set parameter LogToConsole to value 1
Set parameter LogToConsole to value 0
Set parameter LogToConsole to value 1
Set parameter LogToConsole to value 0
Set parameter LogToConsole to value 1
Set parameter LogToConsole to value 0
augmented lagrangean iteration 1
Set parameter LogToConsole to value 1
Set parameter LogToConsole to value 0
Set parameter LogToConsole to value 1
Set parameter LogToConsole to value 0
Set parameter LogToConsole to value 1
Set parameter LogToConsole to value 0
augmented lagrangean iteration 2
Set parameter LogToConsole to value 1
Set parameter LogToConsole to value 0
Set parameter LogToConsole to value 1
Set parameter LogToConsole to value 0
Set parameter LogToConsole to value 1
Set parameter LogToConsole to value 0
Set parameter LogToConsole to value 1
Set parameter LogToConsole to value 0
Set parameter LogToConsole to value 1
Set parameter LogToConsole to value 0
Set parameter LogToConsole to value 1
Set parameter LogToConsole to value 0
       190      9270.66      9322.87   -1127.6046   -1126.4218   0.1050%
Set parameter LogToConsole to value 1
Set parameter LogToConsole to value 0
Set parameter LogToConsole to value 1
Set parameter LogToConsole to value 0
Set parameter LogToConsole to value 1
Set parameter LogToConsole to value 0
augmented lagrangean iteration 0
Set parameter LogToConsole to value 1
Set parameter LogToConsole to value 0
Set parameter LogToConsole to value 1
Set parameter LogToConsole to value 0
Set parameter LogToConsole to value 1
Set parameter LogToConsole to value 0
augmented lagrangean iteration 1
Set parameter LogToConsole to value 1
Set parameter LogToConsole to value 0
Set parameter LogToConsole to value 1
Set parameter LogToConsole to value 0
Set parameter LogToConsole to value 1
Set parameter LogToConsole to value 0
augmented lagrangean iteration 2
Set parameter LogToConsole to value 1
Set parameter LogToConsole to value 0
Set parameter LogToConsole to value 1
Set parameter LogToConsole to value 0
Set parameter LogToConsole to value 1
Set parameter LogToConsole to value 0
Set parameter LogToConsole to value 1
Set parameter LogToConsole to value 0
Set parameter LogToConsole to value 1
Set parameter LogToConsole to value 0
Set parameter LogToConsole to value 1
Set parameter LogToConsole to value 0
       191      9298.62      9351.79   -1127.6045   -1126.4218   0.1050%
Set parameter LogToConsole to value 1
Set parameter LogToConsole to value 0
Set parameter LogToConsole to value 1
Set parameter LogToConsole to value 0
Set parameter LogToConsole to value 1
Set parameter LogToConsole to value 0
augmented lagrangean iteration 0
Set parameter LogToConsole to value 1
Set parameter LogToConsole to value 0
Set parameter LogToConsole to value 1
Set parameter LogToConsole to value 0
Set parameter LogToConsole to value 1
Set parameter LogToConsole to value 0
augmented lagrangean iteration 1
Set parameter LogToConsole to value 1
Set parameter LogToConsole to value 0
Set parameter LogToConsole to value 1
Set parameter LogToConsole to value 0
Set parameter LogToConsole to value 1
Set parameter LogToConsole to value 0
augmented lagrangean iteration 2
Set parameter LogToConsole to value 1
Set parameter LogToConsole to value 0
Set parameter LogToConsole to value 1
Set parameter LogToConsole to value 0
Set parameter LogToConsole to value 1
Set parameter LogToConsole to value 0
Set parameter LogToConsole to value 1
Set parameter LogToConsole to value 0
Set parameter LogToConsole to value 1
Set parameter LogToConsole to value 0
Set parameter LogToConsole to value 1
Set parameter LogToConsole to value 0
       192      9328.61      9382.74   -1127.6029   -1126.4218   0.1049%
Set parameter LogToConsole to value 1
Set parameter LogToConsole to value 0
Set parameter LogToConsole to value 1
Set parameter LogToConsole to value 0
Set parameter LogToConsole to value 1
Set parameter LogToConsole to value 0
augmented lagrangean iteration 0
Set parameter LogToConsole to value 1
Set parameter LogToConsole to value 0
Set parameter LogToConsole to value 1
Set parameter LogToConsole to value 0
Set parameter LogToConsole to value 1
Set parameter LogToConsole to value 0
augmented lagrangean iteration 1
Set parameter LogToConsole to value 1
Set parameter LogToConsole to value 0
Set parameter LogToConsole to value 1
Set parameter LogToConsole to value 0
Set parameter LogToConsole to value 1
Set parameter LogToConsole to value 0
augmented lagrangean iteration 2
Set parameter LogToConsole to value 1
Set parameter LogToConsole to value 0
Set parameter LogToConsole to value 1
Set parameter LogToConsole to value 0
Set parameter LogToConsole to value 1
Set parameter LogToConsole to value 0
Set parameter LogToConsole to value 1
Set parameter LogToConsole to value 0
Set parameter LogToConsole to value 1
Set parameter LogToConsole to value 0
Set parameter LogToConsole to value 1
Set parameter LogToConsole to value 0
       193      9357.57      9412.65   -1127.6020   -1126.4218   0.1048%
Set parameter LogToConsole to value 1
Set parameter LogToConsole to value 0
Set parameter LogToConsole to value 1
Set parameter LogToConsole to value 0
Set parameter LogToConsole to value 1
Set parameter LogToConsole to value 0
augmented lagrangean iteration 0
Set parameter LogToConsole to value 1
Set parameter LogToConsole to value 0
Set parameter LogToConsole to value 1
Set parameter LogToConsole to value 0
Set parameter LogToConsole to value 1
Set parameter LogToConsole to value 0
augmented lagrangean iteration 1
Set parameter LogToConsole to value 1
Set parameter LogToConsole to value 0
Set parameter LogToConsole to value 1
Set parameter LogToConsole to value 0
Set parameter LogToConsole to value 1
Set parameter LogToConsole to value 0
augmented lagrangean iteration 2
Set parameter LogToConsole to value 1
Set parameter LogToConsole to value 0
Set parameter LogToConsole to value 1
Set parameter LogToConsole to value 0
Set parameter LogToConsole to value 1
Set parameter LogToConsole to value 0
Set parameter LogToConsole to value 1
Set parameter LogToConsole to value 0
Set parameter LogToConsole to value 1
Set parameter LogToConsole to value 0
Set parameter LogToConsole to value 1
Set parameter LogToConsole to value 0
       194      9386.08      9442.12   -1127.6017   -1126.4218   0.1047%
Set parameter LogToConsole to value 1
Set parameter LogToConsole to value 0
Set parameter LogToConsole to value 1
Set parameter LogToConsole to value 0
Set parameter LogToConsole to value 1
Set parameter LogToConsole to value 0
augmented lagrangean iteration 0
Set parameter LogToConsole to value 1
Set parameter LogToConsole to value 0
Set parameter LogToConsole to value 1
Set parameter LogToConsole to value 0
Set parameter LogToConsole to value 1
Set parameter LogToConsole to value 0
augmented lagrangean iteration 1
Set parameter LogToConsole to value 1
Set parameter LogToConsole to value 0
Set parameter LogToConsole to value 1
Set parameter LogToConsole to value 0
Set parameter LogToConsole to value 1
Set parameter LogToConsole to value 0
augmented lagrangean iteration 2
Set parameter LogToConsole to value 1
Set parameter LogToConsole to value 0
Set parameter LogToConsole to value 1
Set parameter LogToConsole to value 0
Set parameter LogToConsole to value 1
Set parameter LogToConsole to value 0
Set parameter LogToConsole to value 1
Set parameter LogToConsole to value 0
Set parameter LogToConsole to value 1
Set parameter LogToConsole to value 0
Set parameter LogToConsole to value 1
Set parameter LogToConsole to value 0
       195      9415.71      9472.71   -1127.6013   -1126.4218   0.1047%
Set parameter LogToConsole to value 1
Set parameter LogToConsole to value 0
Set parameter LogToConsole to value 1
Set parameter LogToConsole to value 0
Set parameter LogToConsole to value 1
Set parameter LogToConsole to value 0
augmented lagrangean iteration 0
Set parameter LogToConsole to value 1
Set parameter LogToConsole to value 0
Set parameter LogToConsole to value 1
Set parameter LogToConsole to value 0
Set parameter LogToConsole to value 1
Set parameter LogToConsole to value 0
augmented lagrangean iteration 1
Set parameter LogToConsole to value 1
Set parameter LogToConsole to value 0
Set parameter LogToConsole to value 1
Set parameter LogToConsole to value 0
Set parameter LogToConsole to value 1
Set parameter LogToConsole to value 0
augmented lagrangean iteration 2
Set parameter LogToConsole to value 1
Set parameter LogToConsole to value 0
Set parameter LogToConsole to value 1
Set parameter LogToConsole to value 0
Set parameter LogToConsole to value 1
Set parameter LogToConsole to value 0
Set parameter LogToConsole to value 1
Set parameter LogToConsole to value 0
Set parameter LogToConsole to value 1
Set parameter LogToConsole to value 0
Set parameter LogToConsole to value 1
Set parameter LogToConsole to value 0
       196      9445.40      9503.36   -1127.6013   -1126.4218   0.1047%
Set parameter LogToConsole to value 1
Set parameter LogToConsole to value 0
Set parameter LogToConsole to value 1
Set parameter LogToConsole to value 0
Set parameter LogToConsole to value 1
Set parameter LogToConsole to value 0
augmented lagrangean iteration 0
Set parameter LogToConsole to value 1
Set parameter LogToConsole to value 0
Set parameter LogToConsole to value 1
Set parameter LogToConsole to value 0
Set parameter LogToConsole to value 1
Set parameter LogToConsole to value 0
augmented lagrangean iteration 1
Set parameter LogToConsole to value 1
Set parameter LogToConsole to value 0
Set parameter LogToConsole to value 1
Set parameter LogToConsole to value 0
Set parameter LogToConsole to value 1
Set parameter LogToConsole to value 0
augmented lagrangean iteration 2
Set parameter LogToConsole to value 1
Set parameter LogToConsole to value 0
Set parameter LogToConsole to value 1
Set parameter LogToConsole to value 0
Set parameter LogToConsole to value 1
Set parameter LogToConsole to value 0
Set parameter LogToConsole to value 1
Set parameter LogToConsole to value 0
Set parameter LogToConsole to value 1
Set parameter LogToConsole to value 0
Set parameter LogToConsole to value 1
Set parameter LogToConsole to value 0
       197      9475.01      9533.94   -1127.5996   -1126.4218   0.1046%
Set parameter LogToConsole to value 1
Set parameter LogToConsole to value 0
Set parameter LogToConsole to value 1
Set parameter LogToConsole to value 0
Set parameter LogToConsole to value 1
Set parameter LogToConsole to value 0
augmented lagrangean iteration 0
Set parameter LogToConsole to value 1
Set parameter LogToConsole to value 0
Set parameter LogToConsole to value 1
Set parameter LogToConsole to value 0
Set parameter LogToConsole to value 1
Set parameter LogToConsole to value 0
augmented lagrangean iteration 1
Set parameter LogToConsole to value 1
Set parameter LogToConsole to value 0
Set parameter LogToConsole to value 1
Set parameter LogToConsole to value 0
Set parameter LogToConsole to value 1
Set parameter LogToConsole to value 0
augmented lagrangean iteration 2
Set parameter LogToConsole to value 1
Set parameter LogToConsole to value 0
Set parameter LogToConsole to value 1
Set parameter LogToConsole to value 0
Set parameter LogToConsole to value 1
Set parameter LogToConsole to value 0
Set parameter LogToConsole to value 1
Set parameter LogToConsole to value 0
Set parameter LogToConsole to value 1
Set parameter LogToConsole to value 0
Set parameter LogToConsole to value 1
Set parameter LogToConsole to value 0
       198      9512.10      9571.98   -1127.5995   -1126.4218   0.1046%
Set parameter LogToConsole to value 1
Set parameter LogToConsole to value 0
Set parameter LogToConsole to value 1
Set parameter LogToConsole to value 0
Set parameter LogToConsole to value 1
Set parameter LogToConsole to value 0
augmented lagrangean iteration 0
Set parameter LogToConsole to value 1
Set parameter LogToConsole to value 0
Set parameter LogToConsole to value 1
Set parameter LogToConsole to value 0
Set parameter LogToConsole to value 1
Set parameter LogToConsole to value 0
augmented lagrangean iteration 1
Set parameter LogToConsole to value 1
Set parameter LogToConsole to value 0
Set parameter LogToConsole to value 1
Set parameter LogToConsole to value 0
Set parameter LogToConsole to value 1
Set parameter LogToConsole to value 0
augmented lagrangean iteration 2
Set parameter LogToConsole to value 1
Set parameter LogToConsole to value 0
Set parameter LogToConsole to value 1
Set parameter LogToConsole to value 0
Set parameter LogToConsole to value 1
Set parameter LogToConsole to value 0
Set parameter LogToConsole to value 1
Set parameter LogToConsole to value 0
Set parameter LogToConsole to value 1
Set parameter LogToConsole to value 0
Set parameter LogToConsole to value 1
Set parameter LogToConsole to value 0
       199      9540.21      9601.06   -1127.5994   -1126.4218   0.1045%
Set parameter LogToConsole to value 1
Set parameter LogToConsole to value 0
Set parameter LogToConsole to value 1
Set parameter LogToConsole to value 0
Set parameter LogToConsole to value 1
Set parameter LogToConsole to value 0
augmented lagrangean iteration 0
Set parameter LogToConsole to value 1
Set parameter LogToConsole to value 0
Set parameter LogToConsole to value 1
Set parameter LogToConsole to value 0
Set parameter LogToConsole to value 1
Set parameter LogToConsole to value 0
augmented lagrangean iteration 1
Set parameter LogToConsole to value 1
Set parameter LogToConsole to value 0
Set parameter LogToConsole to value 1
Set parameter LogToConsole to value 0
Set parameter LogToConsole to value 1
Set parameter LogToConsole to value 0
augmented lagrangean iteration 2
Set parameter LogToConsole to value 1
Set parameter LogToConsole to value 0
Set parameter LogToConsole to value 1
Set parameter LogToConsole to value 0
Set parameter LogToConsole to value 1
Set parameter LogToConsole to value 0
Set parameter LogToConsole to value 1
Set parameter LogToConsole to value 0
Set parameter LogToConsole to value 1
Set parameter LogToConsole to value 0
Set parameter LogToConsole to value 1
Set parameter LogToConsole to value 0
       200      9568.23      9630.02   -1127.5977   -1126.4218   0.1044%
Set parameter LogToConsole to value 1
Set parameter LogToConsole to value 0
Set parameter LogToConsole to value 1
Set parameter LogToConsole to value 0
Set parameter LogToConsole to value 1
Set parameter LogToConsole to value 0
augmented lagrangean iteration 0
Set parameter LogToConsole to value 1
Set parameter LogToConsole to value 0
Set parameter LogToConsole to value 1
Set parameter LogToConsole to value 0
Set parameter LogToConsole to value 1
Set parameter LogToConsole to value 0
augmented lagrangean iteration 1
Set parameter LogToConsole to value 1
Set parameter LogToConsole to value 0
Set parameter LogToConsole to value 1
Set parameter LogToConsole to value 0
Set parameter LogToConsole to value 1
Set parameter LogToConsole to value 0
augmented lagrangean iteration 2
Set parameter LogToConsole to value 1
Set parameter LogToConsole to value 0
Set parameter LogToConsole to value 1
Set parameter LogToConsole to value 0
Set parameter LogToConsole to value 1
Set parameter LogToConsole to value 0
Set parameter LogToConsole to value 1
Set parameter LogToConsole to value 0
Set parameter LogToConsole to value 1
Set parameter LogToConsole to value 0
Set parameter LogToConsole to value 1
Set parameter LogToConsole to value 0
       201      9597.47      9660.23   -1127.5973   -1126.4218   0.1044%
Set parameter LogToConsole to value 1
Set parameter LogToConsole to value 0
Set parameter LogToConsole to value 1
Set parameter LogToConsole to value 0
Set parameter LogToConsole to value 1
Set parameter LogToConsole to value 0
augmented lagrangean iteration 0
Set parameter LogToConsole to value 1
Set parameter LogToConsole to value 0
Set parameter LogToConsole to value 1
Set parameter LogToConsole to value 0
Set parameter LogToConsole to value 1
Set parameter LogToConsole to value 0
augmented lagrangean iteration 1
Set parameter LogToConsole to value 1
Set parameter LogToConsole to value 0
Set parameter LogToConsole to value 1
Set parameter LogToConsole to value 0
Set parameter LogToConsole to value 1
Set parameter LogToConsole to value 0
augmented lagrangean iteration 2
Set parameter LogToConsole to value 1
Set parameter LogToConsole to value 0
Set parameter LogToConsole to value 1
Set parameter LogToConsole to value 0
Set parameter LogToConsole to value 1
Set parameter LogToConsole to value 0
Set parameter LogToConsole to value 1
Set parameter LogToConsole to value 0
Set parameter LogToConsole to value 1
Set parameter LogToConsole to value 0
Set parameter LogToConsole to value 1
Set parameter LogToConsole to value 0
       202      9627.08      9690.79   -1127.5949   -1126.4218   0.1041%
Set parameter LogToConsole to value 1
Set parameter LogToConsole to value 0
Set parameter LogToConsole to value 1
Set parameter LogToConsole to value 0
Set parameter LogToConsole to value 1
Set parameter LogToConsole to value 0
augmented lagrangean iteration 0
Set parameter LogToConsole to value 1
Set parameter LogToConsole to value 0
Set parameter LogToConsole to value 1
Set parameter LogToConsole to value 0
Set parameter LogToConsole to value 1
Set parameter LogToConsole to value 0
augmented lagrangean iteration 1
Set parameter LogToConsole to value 1
Set parameter LogToConsole to value 0
Set parameter LogToConsole to value 1
Set parameter LogToConsole to value 0
Set parameter LogToConsole to value 1
Set parameter LogToConsole to value 0
augmented lagrangean iteration 2
Set parameter LogToConsole to value 1
Set parameter LogToConsole to value 0
Set parameter LogToConsole to value 1
Set parameter LogToConsole to value 0
Set parameter LogToConsole to value 1
Set parameter LogToConsole to value 0
Set parameter LogToConsole to value 1
Set parameter LogToConsole to value 0
Set parameter LogToConsole to value 1
Set parameter LogToConsole to value 0
Set parameter LogToConsole to value 1
Set parameter LogToConsole to value 0
       203      9656.49      9721.16   -1127.5941   -1126.4218   0.1041%
Set parameter LogToConsole to value 1
Set parameter LogToConsole to value 0
Set parameter LogToConsole to value 1
Set parameter LogToConsole to value 0
Set parameter LogToConsole to value 1
Set parameter LogToConsole to value 0
augmented lagrangean iteration 0
Set parameter LogToConsole to value 1
Set parameter LogToConsole to value 0
Set parameter LogToConsole to value 1
Set parameter LogToConsole to value 0
Set parameter LogToConsole to value 1
Set parameter LogToConsole to value 0
augmented lagrangean iteration 1
Set parameter LogToConsole to value 1
Set parameter LogToConsole to value 0
Set parameter LogToConsole to value 1
Set parameter LogToConsole to value 0
Set parameter LogToConsole to value 1
Set parameter LogToConsole to value 0
augmented lagrangean iteration 2
Set parameter LogToConsole to value 1
Set parameter LogToConsole to value 0
Set parameter LogToConsole to value 1
Set parameter LogToConsole to value 0
Set parameter LogToConsole to value 1
Set parameter LogToConsole to value 0
Set parameter LogToConsole to value 1
Set parameter LogToConsole to value 0
Set parameter LogToConsole to value 1
Set parameter LogToConsole to value 0
Set parameter LogToConsole to value 1
Set parameter LogToConsole to value 0
       204      9684.29      9749.92   -1127.5918   -1126.4218   0.1039%
Set parameter LogToConsole to value 1
Set parameter LogToConsole to value 0
Set parameter LogToConsole to value 1
Set parameter LogToConsole to value 0
Set parameter LogToConsole to value 1
Set parameter LogToConsole to value 0
augmented lagrangean iteration 0
Set parameter LogToConsole to value 1
Set parameter LogToConsole to value 0
Set parameter LogToConsole to value 1
Set parameter LogToConsole to value 0
Set parameter LogToConsole to value 1
Set parameter LogToConsole to value 0
augmented lagrangean iteration 1
Set parameter LogToConsole to value 1
Set parameter LogToConsole to value 0
Set parameter LogToConsole to value 1
Set parameter LogToConsole to value 0
Set parameter LogToConsole to value 1
Set parameter LogToConsole to value 0
augmented lagrangean iteration 2
Set parameter LogToConsole to value 1
Set parameter LogToConsole to value 0
Set parameter LogToConsole to value 1
Set parameter LogToConsole to value 0
Set parameter LogToConsole to value 1
Set parameter LogToConsole to value 0
Set parameter LogToConsole to value 1
Set parameter LogToConsole to value 0
Set parameter LogToConsole to value 1
Set parameter LogToConsole to value 0
Set parameter LogToConsole to value 1
Set parameter LogToConsole to value 0
       205      9711.02      9777.62   -1127.5904   -1126.4218   0.1037%
Set parameter LogToConsole to value 1
Set parameter LogToConsole to value 0
Set parameter LogToConsole to value 1
Set parameter LogToConsole to value 0
Set parameter LogToConsole to value 1
Set parameter LogToConsole to value 0
augmented lagrangean iteration 0
Set parameter LogToConsole to value 1
Set parameter LogToConsole to value 0
Set parameter LogToConsole to value 1
Set parameter LogToConsole to value 0
Set parameter LogToConsole to value 1
Set parameter LogToConsole to value 0
augmented lagrangean iteration 1
Set parameter LogToConsole to value 1
Set parameter LogToConsole to value 0
Set parameter LogToConsole to value 1
Set parameter LogToConsole to value 0
Set parameter LogToConsole to value 1
Set parameter LogToConsole to value 0
augmented lagrangean iteration 2
Set parameter LogToConsole to value 1
Set parameter LogToConsole to value 0
Set parameter LogToConsole to value 1
Set parameter LogToConsole to value 0
Set parameter LogToConsole to value 1
Set parameter LogToConsole to value 0
Set parameter LogToConsole to value 1
Set parameter LogToConsole to value 0
Set parameter LogToConsole to value 1
Set parameter LogToConsole to value 0
Set parameter LogToConsole to value 1
Set parameter LogToConsole to value 0
Set parameter LogToConsole to value 1
Set parameter LogToConsole to value 0
augmented lagrangean iteration 0
Set parameter LogToConsole to value 1
Set parameter LogToConsole to value 0
Set parameter LogToConsole to value 1
Set parameter LogToConsole to value 0
Set parameter LogToConsole to value 1
Set parameter LogToConsole to value 0
augmented lagrangean iteration 1
Set parameter LogToConsole to value 1
Set parameter LogToConsole to value 0
Set parameter LogToConsole to value 1
Set parameter LogToConsole to value 0
Set parameter LogToConsole to value 1
Set parameter LogToConsole to value 0
augmented lagrangean iteration 2
Set parameter LogToConsole to value 1
Set parameter LogToConsole to value 0
Set parameter LogToConsole to value 1
Set parameter LogToConsole to value 0
Set parameter LogToConsole to value 1
Set parameter LogToConsole to value 0
Set parameter LogToConsole to value 1
Set parameter LogToConsole to value 0
       206      9758.60      9825.34   -1127.5903   -1126.4218   0.1037%
Set parameter LogToConsole to value 1
Set parameter LogToConsole to value 0
Set parameter LogToConsole to value 1
Set parameter LogToConsole to value 0
Set parameter LogToConsole to value 1
Set parameter LogToConsole to value 0
augmented lagrangean iteration 0
Set parameter LogToConsole to value 1
Set parameter LogToConsole to value 0
Set parameter LogToConsole to value 1
Set parameter LogToConsole to value 0
Set parameter LogToConsole to value 1
Set parameter LogToConsole to value 0
augmented lagrangean iteration 1
Set parameter LogToConsole to value 1
Set parameter LogToConsole to value 0
Set parameter LogToConsole to value 1
Set parameter LogToConsole to value 0
Set parameter LogToConsole to value 1
Set parameter LogToConsole to value 0
augmented lagrangean iteration 2
Set parameter LogToConsole to value 1
Set parameter LogToConsole to value 0
Set parameter LogToConsole to value 1
Set parameter LogToConsole to value 0
Set parameter LogToConsole to value 1
Set parameter LogToConsole to value 0
Set parameter LogToConsole to value 1
Set parameter LogToConsole to value 0
Set parameter LogToConsole to value 1
Set parameter LogToConsole to value 0
Set parameter LogToConsole to value 1
Set parameter LogToConsole to value 0
       207      9794.36      9862.05   -1127.5892   -1126.4218   0.1036%
Set parameter LogToConsole to value 1
Set parameter LogToConsole to value 0
Set parameter LogToConsole to value 1
Set parameter LogToConsole to value 0
Set parameter LogToConsole to value 1
Set parameter LogToConsole to value 0
augmented lagrangean iteration 0
Set parameter LogToConsole to value 1
Set parameter LogToConsole to value 0
Set parameter LogToConsole to value 1
Set parameter LogToConsole to value 0
Set parameter LogToConsole to value 1
Set parameter LogToConsole to value 0
augmented lagrangean iteration 1
Set parameter LogToConsole to value 1
Set parameter LogToConsole to value 0
Set parameter LogToConsole to value 1
Set parameter LogToConsole to value 0
Set parameter LogToConsole to value 1
Set parameter LogToConsole to value 0
augmented lagrangean iteration 2
Set parameter LogToConsole to value 1
Set parameter LogToConsole to value 0
Set parameter LogToConsole to value 1
Set parameter LogToConsole to value 0
Set parameter LogToConsole to value 1
Set parameter LogToConsole to value 0
Set parameter LogToConsole to value 1
Set parameter LogToConsole to value 0
Set parameter LogToConsole to value 1
Set parameter LogToConsole to value 0
Set parameter LogToConsole to value 1
Set parameter LogToConsole to value 0
Set parameter LogToConsole to value 1
Set parameter LogToConsole to value 0
augmented lagrangean iteration 0
Set parameter LogToConsole to value 1
Set parameter LogToConsole to value 0
Set parameter LogToConsole to value 1
Set parameter LogToConsole to value 0
Set parameter LogToConsole to value 1
Set parameter LogToConsole to value 0
augmented lagrangean iteration 1
Set parameter LogToConsole to value 1
Set parameter LogToConsole to value 0
Set parameter LogToConsole to value 1
Set parameter LogToConsole to value 0
Set parameter LogToConsole to value 1
Set parameter LogToConsole to value 0
augmented lagrangean iteration 2
Set parameter LogToConsole to value 1
Set parameter LogToConsole to value 0
Set parameter LogToConsole to value 1
Set parameter LogToConsole to value 0
Set parameter LogToConsole to value 1
Set parameter LogToConsole to value 0
Set parameter LogToConsole to value 1
Set parameter LogToConsole to value 0
       208      9847.60      9915.42   -1127.5865   -1126.4218   0.1034%
Set parameter LogToConsole to value 1
Set parameter LogToConsole to value 0
Set parameter LogToConsole to value 1
Set parameter LogToConsole to value 0
Set parameter LogToConsole to value 1
Set parameter LogToConsole to value 0
augmented lagrangean iteration 0
Set parameter LogToConsole to value 1
Set parameter LogToConsole to value 0
Set parameter LogToConsole to value 1
Set parameter LogToConsole to value 0
Set parameter LogToConsole to value 1
Set parameter LogToConsole to value 0
augmented lagrangean iteration 1
Set parameter LogToConsole to value 1
Set parameter LogToConsole to value 0
Set parameter LogToConsole to value 1
Set parameter LogToConsole to value 0
Set parameter LogToConsole to value 1
Set parameter LogToConsole to value 0
augmented lagrangean iteration 2
Set parameter LogToConsole to value 1
Set parameter LogToConsole to value 0
Set parameter LogToConsole to value 1
Set parameter LogToConsole to value 0
Set parameter LogToConsole to value 1
Set parameter LogToConsole to value 0
Set parameter LogToConsole to value 1
Set parameter LogToConsole to value 0
Set parameter LogToConsole to value 1
Set parameter LogToConsole to value 0
Set parameter LogToConsole to value 1
Set parameter LogToConsole to value 0
Set parameter LogToConsole to value 1
Set parameter LogToConsole to value 0
augmented lagrangean iteration 0
Set parameter LogToConsole to value 1
Set parameter LogToConsole to value 0
Set parameter LogToConsole to value 1
Set parameter LogToConsole to value 0
Set parameter LogToConsole to value 1
Set parameter LogToConsole to value 0
augmented lagrangean iteration 1
Set parameter LogToConsole to value 1
Set parameter LogToConsole to value 0
Set parameter LogToConsole to value 1
Set parameter LogToConsole to value 0
Set parameter LogToConsole to value 1
Set parameter LogToConsole to value 0
augmented lagrangean iteration 2
Set parameter LogToConsole to value 1
Set parameter LogToConsole to value 0
Set parameter LogToConsole to value 1
Set parameter LogToConsole to value 0
Set parameter LogToConsole to value 1
Set parameter LogToConsole to value 0
Set parameter LogToConsole to value 1
Set parameter LogToConsole to value 0
       209      9899.22      9967.16   -1127.5853   -1126.4218   0.1033%
Set parameter LogToConsole to value 1
Set parameter LogToConsole to value 0
Set parameter LogToConsole to value 1
Set parameter LogToConsole to value 0
Set parameter LogToConsole to value 1
Set parameter LogToConsole to value 0
augmented lagrangean iteration 0
Set parameter LogToConsole to value 1
Set parameter LogToConsole to value 0
Set parameter LogToConsole to value 1
Set parameter LogToConsole to value 0
Set parameter LogToConsole to value 1
Set parameter LogToConsole to value 0
augmented lagrangean iteration 1
Set parameter LogToConsole to value 1
Set parameter LogToConsole to value 0
Set parameter LogToConsole to value 1
Set parameter LogToConsole to value 0
Set parameter LogToConsole to value 1
Set parameter LogToConsole to value 0
augmented lagrangean iteration 2
Set parameter LogToConsole to value 1
Set parameter LogToConsole to value 0
Set parameter LogToConsole to value 1
Set parameter LogToConsole to value 0
Set parameter LogToConsole to value 1
Set parameter LogToConsole to value 0
Set parameter LogToConsole to value 1
Set parameter LogToConsole to value 0
Set parameter LogToConsole to value 1
Set parameter LogToConsole to value 0
Set parameter LogToConsole to value 1
Set parameter LogToConsole to value 0
Set parameter LogToConsole to value 1
Set parameter LogToConsole to value 0
augmented lagrangean iteration 0
Set parameter LogToConsole to value 1
Set parameter LogToConsole to value 0
Set parameter LogToConsole to value 1
Set parameter LogToConsole to value 0
Set parameter LogToConsole to value 1
Set parameter LogToConsole to value 0
augmented lagrangean iteration 1
Set parameter LogToConsole to value 1
Set parameter LogToConsole to value 0
Set parameter LogToConsole to value 1
Set parameter LogToConsole to value 0
Set parameter LogToConsole to value 1
Set parameter LogToConsole to value 0
augmented lagrangean iteration 2
Set parameter LogToConsole to value 1
Set parameter LogToConsole to value 0
Set parameter LogToConsole to value 1
Set parameter LogToConsole to value 0
Set parameter LogToConsole to value 1
Set parameter LogToConsole to value 0
Set parameter LogToConsole to value 1
Set parameter LogToConsole to value 0
       210      9951.59     10019.66   -1127.5811   -1126.4218   0.1029%
Set parameter LogToConsole to value 1
Set parameter LogToConsole to value 0
Set parameter LogToConsole to value 1
Set parameter LogToConsole to value 0
Set parameter LogToConsole to value 1
Set parameter LogToConsole to value 0
augmented lagrangean iteration 0
Set parameter LogToConsole to value 1
Set parameter LogToConsole to value 0
Set parameter LogToConsole to value 1
Set parameter LogToConsole to value 0
Set parameter LogToConsole to value 1
Set parameter LogToConsole to value 0
augmented lagrangean iteration 1
Set parameter LogToConsole to value 1
Set parameter LogToConsole to value 0
Set parameter LogToConsole to value 1
Set parameter LogToConsole to value 0
Set parameter LogToConsole to value 1
Set parameter LogToConsole to value 0
augmented lagrangean iteration 2
Set parameter LogToConsole to value 1
Set parameter LogToConsole to value 0
Set parameter LogToConsole to value 1
Set parameter LogToConsole to value 0
Set parameter LogToConsole to value 1
Set parameter LogToConsole to value 0
Set parameter LogToConsole to value 1
Set parameter LogToConsole to value 0
Set parameter LogToConsole to value 1
Set parameter LogToConsole to value 0
Set parameter LogToConsole to value 1
Set parameter LogToConsole to value 0
       211      9988.96     10057.99   -1127.5717   -1126.4218   0.1021%
Set parameter LogToConsole to value 1
Set parameter LogToConsole to value 0
Set parameter LogToConsole to value 1
Set parameter LogToConsole to value 0
Set parameter LogToConsole to value 1
Set parameter LogToConsole to value 0
augmented lagrangean iteration 0
Set parameter LogToConsole to value 1
Set parameter LogToConsole to value 0
Set parameter LogToConsole to value 1
Set parameter LogToConsole to value 0
Set parameter LogToConsole to value 1
Set parameter LogToConsole to value 0
augmented lagrangean iteration 1
Set parameter LogToConsole to value 1
Set parameter LogToConsole to value 0
Set parameter LogToConsole to value 1
Set parameter LogToConsole to value 0
Set parameter LogToConsole to value 1
Set parameter LogToConsole to value 0
augmented lagrangean iteration 2
Set parameter LogToConsole to value 1
Set parameter LogToConsole to value 0
Set parameter LogToConsole to value 1
Set parameter LogToConsole to value 0
Set parameter LogToConsole to value 1
Set parameter LogToConsole to value 0
Set parameter LogToConsole to value 1
Set parameter LogToConsole to value 0
Set parameter LogToConsole to value 1
Set parameter LogToConsole to value 0
Set parameter LogToConsole to value 1
Set parameter LogToConsole to value 0
       212     10026.07     10096.07   -1127.5670   -1126.4218   0.1017%
Set parameter LogToConsole to value 1
Set parameter LogToConsole to value 0
Set parameter LogToConsole to value 1
Set parameter LogToConsole to value 0
Set parameter LogToConsole to value 1
Set parameter LogToConsole to value 0
augmented lagrangean iteration 0
Set parameter LogToConsole to value 1
Set parameter LogToConsole to value 0
Set parameter LogToConsole to value 1
Set parameter LogToConsole to value 0
Set parameter LogToConsole to value 1
Set parameter LogToConsole to value 0
augmented lagrangean iteration 1
Set parameter LogToConsole to value 1
Set parameter LogToConsole to value 0
Set parameter LogToConsole to value 1
Set parameter LogToConsole to value 0
Set parameter LogToConsole to value 1
Set parameter LogToConsole to value 0
augmented lagrangean iteration 2
Set parameter LogToConsole to value 1
Set parameter LogToConsole to value 0
Set parameter LogToConsole to value 1
Set parameter LogToConsole to value 0
Set parameter LogToConsole to value 1
Set parameter LogToConsole to value 0
Set parameter LogToConsole to value 1
Set parameter LogToConsole to value 0
Set parameter LogToConsole to value 1
Set parameter LogToConsole to value 0
Set parameter LogToConsole to value 1
Set parameter LogToConsole to value 0
Set parameter LogToConsole to value 1
Set parameter LogToConsole to value 0
augmented lagrangean iteration 0
Set parameter LogToConsole to value 1
Set parameter LogToConsole to value 0
Set parameter LogToConsole to value 1
Set parameter LogToConsole to value 0
Set parameter LogToConsole to value 1
Set parameter LogToConsole to value 0
augmented lagrangean iteration 1
Set parameter LogToConsole to value 1
Set parameter LogToConsole to value 0
Set parameter LogToConsole to value 1
Set parameter LogToConsole to value 0
Set parameter LogToConsole to value 1
Set parameter LogToConsole to value 0
augmented lagrangean iteration 2
Set parameter LogToConsole to value 1
Set parameter LogToConsole to value 0
Set parameter LogToConsole to value 1
Set parameter LogToConsole to value 0
Set parameter LogToConsole to value 1
Set parameter LogToConsole to value 0
Set parameter LogToConsole to value 1
Set parameter LogToConsole to value 0
       213     10077.99     10148.12   -1127.5670   -1126.4218   0.1017%
Set parameter LogToConsole to value 1
Set parameter LogToConsole to value 0
Set parameter LogToConsole to value 1
Set parameter LogToConsole to value 0
Set parameter LogToConsole to value 1
Set parameter LogToConsole to value 0
augmented lagrangean iteration 0
Set parameter LogToConsole to value 1
Set parameter LogToConsole to value 0
Set parameter LogToConsole to value 1
Set parameter LogToConsole to value 0
Set parameter LogToConsole to value 1
Set parameter LogToConsole to value 0
augmented lagrangean iteration 1
Set parameter LogToConsole to value 1
Set parameter LogToConsole to value 0
Set parameter LogToConsole to value 1
Set parameter LogToConsole to value 0
Set parameter LogToConsole to value 1
Set parameter LogToConsole to value 0
augmented lagrangean iteration 2
Set parameter LogToConsole to value 1
Set parameter LogToConsole to value 0
Set parameter LogToConsole to value 1
Set parameter LogToConsole to value 0
Set parameter LogToConsole to value 1
Set parameter LogToConsole to value 0
Set parameter LogToConsole to value 1
Set parameter LogToConsole to value 0
Set parameter LogToConsole to value 1
Set parameter LogToConsole to value 0
Set parameter LogToConsole to value 1
Set parameter LogToConsole to value 0
Set parameter LogToConsole to value 1
Set parameter LogToConsole to value 0
augmented lagrangean iteration 0
Set parameter LogToConsole to value 1
Set parameter LogToConsole to value 0
Set parameter LogToConsole to value 1
Set parameter LogToConsole to value 0
Set parameter LogToConsole to value 1
Set parameter LogToConsole to value 0
augmented lagrangean iteration 1
Set parameter LogToConsole to value 1
Set parameter LogToConsole to value 0
Set parameter LogToConsole to value 1
Set parameter LogToConsole to value 0
Set parameter LogToConsole to value 1
Set parameter LogToConsole to value 0
augmented lagrangean iteration 2
Set parameter LogToConsole to value 1
Set parameter LogToConsole to value 0
Set parameter LogToConsole to value 1
Set parameter LogToConsole to value 0
Set parameter LogToConsole to value 1
Set parameter LogToConsole to value 0
Set parameter LogToConsole to value 1
Set parameter LogToConsole to value 0
       214     10127.32     10197.64   -1127.5664   -1126.4218   0.1016%
Set parameter LogToConsole to value 1
Set parameter LogToConsole to value 0
Set parameter LogToConsole to value 1
Set parameter LogToConsole to value 0
Set parameter LogToConsole to value 1
Set parameter LogToConsole to value 0
augmented lagrangean iteration 0
Set parameter LogToConsole to value 1
Set parameter LogToConsole to value 0
Set parameter LogToConsole to value 1
Set parameter LogToConsole to value 0
Set parameter LogToConsole to value 1
Set parameter LogToConsole to value 0
augmented lagrangean iteration 1
Set parameter LogToConsole to value 1
Set parameter LogToConsole to value 0
Set parameter LogToConsole to value 1
Set parameter LogToConsole to value 0
Set parameter LogToConsole to value 1
Set parameter LogToConsole to value 0
augmented lagrangean iteration 2
Set parameter LogToConsole to value 1
Set parameter LogToConsole to value 0
Set parameter LogToConsole to value 1
Set parameter LogToConsole to value 0
Set parameter LogToConsole to value 1
Set parameter LogToConsole to value 0
Set parameter LogToConsole to value 1
Set parameter LogToConsole to value 0
Set parameter LogToConsole to value 1
Set parameter LogToConsole to value 0
Set parameter LogToConsole to value 1
Set parameter LogToConsole to value 0
Set parameter LogToConsole to value 1
Set parameter LogToConsole to value 0
augmented lagrangean iteration 0
Set parameter LogToConsole to value 1
Set parameter LogToConsole to value 0
Set parameter LogToConsole to value 1
Set parameter LogToConsole to value 0
Set parameter LogToConsole to value 1
Set parameter LogToConsole to value 0
augmented lagrangean iteration 1
Set parameter LogToConsole to value 1
Set parameter LogToConsole to value 0
Set parameter LogToConsole to value 1
Set parameter LogToConsole to value 0
Set parameter LogToConsole to value 1
Set parameter LogToConsole to value 0
augmented lagrangean iteration 2
Set parameter LogToConsole to value 1
Set parameter LogToConsole to value 0
Set parameter LogToConsole to value 1
Set parameter LogToConsole to value 0
Set parameter LogToConsole to value 1
Set parameter LogToConsole to value 0
Set parameter LogToConsole to value 1
Set parameter LogToConsole to value 0
       215     10176.82     10247.27   -1127.5646   -1126.4218   0.1015%
Set parameter LogToConsole to value 1
Set parameter LogToConsole to value 0
Set parameter LogToConsole to value 1
Set parameter LogToConsole to value 0
Set parameter LogToConsole to value 1
Set parameter LogToConsole to value 0
augmented lagrangean iteration 0
Set parameter LogToConsole to value 1
Set parameter LogToConsole to value 0
Set parameter LogToConsole to value 1
Set parameter LogToConsole to value 0
Set parameter LogToConsole to value 1
Set parameter LogToConsole to value 0
augmented lagrangean iteration 1
Set parameter LogToConsole to value 1
Set parameter LogToConsole to value 0
Set parameter LogToConsole to value 1
Set parameter LogToConsole to value 0
Set parameter LogToConsole to value 1
Set parameter LogToConsole to value 0
augmented lagrangean iteration 2
Set parameter LogToConsole to value 1
Set parameter LogToConsole to value 0
Set parameter LogToConsole to value 1
Set parameter LogToConsole to value 0
Set parameter LogToConsole to value 1
Set parameter LogToConsole to value 0
Set parameter LogToConsole to value 1
Set parameter LogToConsole to value 0
Set parameter LogToConsole to value 1
Set parameter LogToConsole to value 0
Set parameter LogToConsole to value 1
Set parameter LogToConsole to value 0
Set parameter LogToConsole to value 1
Set parameter LogToConsole to value 0
augmented lagrangean iteration 0
Set parameter LogToConsole to value 1
Set parameter LogToConsole to value 0
Set parameter LogToConsole to value 1
Set parameter LogToConsole to value 0
Set parameter LogToConsole to value 1
Set parameter LogToConsole to value 0
augmented lagrangean iteration 1
Set parameter LogToConsole to value 1
Set parameter LogToConsole to value 0
Set parameter LogToConsole to value 1
Set parameter LogToConsole to value 0
Set parameter LogToConsole to value 1
Set parameter LogToConsole to value 0
augmented lagrangean iteration 2
Set parameter LogToConsole to value 1
Set parameter LogToConsole to value 0
Set parameter LogToConsole to value 1
Set parameter LogToConsole to value 0
Set parameter LogToConsole to value 1
Set parameter LogToConsole to value 0
Set parameter LogToConsole to value 1
Set parameter LogToConsole to value 0
       216     10228.61     10299.20   -1127.5646   -1126.4218   0.1015%
Set parameter LogToConsole to value 1
Set parameter LogToConsole to value 0
Set parameter LogToConsole to value 1
Set parameter LogToConsole to value 0
Set parameter LogToConsole to value 1
Set parameter LogToConsole to value 0
augmented lagrangean iteration 0
Set parameter LogToConsole to value 1
Set parameter LogToConsole to value 0
Set parameter LogToConsole to value 1
Set parameter LogToConsole to value 0
Set parameter LogToConsole to value 1
Set parameter LogToConsole to value 0
augmented lagrangean iteration 1
Set parameter LogToConsole to value 1
Set parameter LogToConsole to value 0
Set parameter LogToConsole to value 1
Set parameter LogToConsole to value 0
Set parameter LogToConsole to value 1
Set parameter LogToConsole to value 0
augmented lagrangean iteration 2
Set parameter LogToConsole to value 1
Set parameter LogToConsole to value 0
Set parameter LogToConsole to value 1
Set parameter LogToConsole to value 0
Set parameter LogToConsole to value 1
Set parameter LogToConsole to value 0
Set parameter LogToConsole to value 1
Set parameter LogToConsole to value 0
Set parameter LogToConsole to value 1
Set parameter LogToConsole to value 0
Set parameter LogToConsole to value 1
Set parameter LogToConsole to value 0
Set parameter LogToConsole to value 1
Set parameter LogToConsole to value 0
augmented lagrangean iteration 0
Set parameter LogToConsole to value 1
Set parameter LogToConsole to value 0
Set parameter LogToConsole to value 1
Set parameter LogToConsole to value 0
Set parameter LogToConsole to value 1
Set parameter LogToConsole to value 0
augmented lagrangean iteration 1
Set parameter LogToConsole to value 1
Set parameter LogToConsole to value 0
Set parameter LogToConsole to value 1
Set parameter LogToConsole to value 0
Set parameter LogToConsole to value 1
Set parameter LogToConsole to value 0
augmented lagrangean iteration 2
Set parameter LogToConsole to value 1
Set parameter LogToConsole to value 0
Set parameter LogToConsole to value 1
Set parameter LogToConsole to value 0
Set parameter LogToConsole to value 1
Set parameter LogToConsole to value 0
Set parameter LogToConsole to value 1
Set parameter LogToConsole to value 0
       217     10278.86     10349.58   -1127.5641   -1126.4218   0.1014%
Set parameter LogToConsole to value 1
Set parameter LogToConsole to value 0
Set parameter LogToConsole to value 1
Set parameter LogToConsole to value 0
Set parameter LogToConsole to value 1
Set parameter LogToConsole to value 0
augmented lagrangean iteration 0
Set parameter LogToConsole to value 1
Set parameter LogToConsole to value 0
Set parameter LogToConsole to value 1
Set parameter LogToConsole to value 0
Set parameter LogToConsole to value 1
Set parameter LogToConsole to value 0
augmented lagrangean iteration 1
Set parameter LogToConsole to value 1
Set parameter LogToConsole to value 0
Set parameter LogToConsole to value 1
Set parameter LogToConsole to value 0
Set parameter LogToConsole to value 1
Set parameter LogToConsole to value 0
augmented lagrangean iteration 2
Set parameter LogToConsole to value 1
Set parameter LogToConsole to value 0
Set parameter LogToConsole to value 1
Set parameter LogToConsole to value 0
Set parameter LogToConsole to value 1
Set parameter LogToConsole to value 0
Set parameter LogToConsole to value 1
Set parameter LogToConsole to value 0
Set parameter LogToConsole to value 1
Set parameter LogToConsole to value 0
Set parameter LogToConsole to value 1
Set parameter LogToConsole to value 0
Set parameter LogToConsole to value 1
Set parameter LogToConsole to value 0
augmented lagrangean iteration 0
Set parameter LogToConsole to value 1
Set parameter LogToConsole to value 0
Set parameter LogToConsole to value 1
Set parameter LogToConsole to value 0
Set parameter LogToConsole to value 1
Set parameter LogToConsole to value 0
augmented lagrangean iteration 1
Set parameter LogToConsole to value 1
Set parameter LogToConsole to value 0
Set parameter LogToConsole to value 1
Set parameter LogToConsole to value 0
Set parameter LogToConsole to value 1
Set parameter LogToConsole to value 0
augmented lagrangean iteration 2
Set parameter LogToConsole to value 1
Set parameter LogToConsole to value 0
Set parameter LogToConsole to value 1
Set parameter LogToConsole to value 0
Set parameter LogToConsole to value 1
Set parameter LogToConsole to value 0
Set parameter LogToConsole to value 1
Set parameter LogToConsole to value 0
       218     10327.42     10398.28   -1127.5607   -1126.4218   0.1011%
Set parameter LogToConsole to value 1
Set parameter LogToConsole to value 0
Set parameter LogToConsole to value 1
Set parameter LogToConsole to value 0
Set parameter LogToConsole to value 1
Set parameter LogToConsole to value 0
augmented lagrangean iteration 0
Set parameter LogToConsole to value 1
Set parameter LogToConsole to value 0
Set parameter LogToConsole to value 1
Set parameter LogToConsole to value 0
Set parameter LogToConsole to value 1
Set parameter LogToConsole to value 0
augmented lagrangean iteration 1
Set parameter LogToConsole to value 1
Set parameter LogToConsole to value 0
Set parameter LogToConsole to value 1
Set parameter LogToConsole to value 0
Set parameter LogToConsole to value 1
Set parameter LogToConsole to value 0
augmented lagrangean iteration 2
Set parameter LogToConsole to value 1
Set parameter LogToConsole to value 0
Set parameter LogToConsole to value 1
Set parameter LogToConsole to value 0
Set parameter LogToConsole to value 1
Set parameter LogToConsole to value 0
Set parameter LogToConsole to value 1
Set parameter LogToConsole to value 0
Set parameter LogToConsole to value 1
Set parameter LogToConsole to value 0
Set parameter LogToConsole to value 1
Set parameter LogToConsole to value 0
Set parameter LogToConsole to value 1
Set parameter LogToConsole to value 0
augmented lagrangean iteration 0
Set parameter LogToConsole to value 1
Set parameter LogToConsole to value 0
Set parameter LogToConsole to value 1
Set parameter LogToConsole to value 0
Set parameter LogToConsole to value 1
Set parameter LogToConsole to value 0
augmented lagrangean iteration 1
Set parameter LogToConsole to value 1
Set parameter LogToConsole to value 0
Set parameter LogToConsole to value 1
Set parameter LogToConsole to value 0
Set parameter LogToConsole to value 1
Set parameter LogToConsole to value 0
augmented lagrangean iteration 2
Set parameter LogToConsole to value 1
Set parameter LogToConsole to value 0
Set parameter LogToConsole to value 1
Set parameter LogToConsole to value 0
Set parameter LogToConsole to value 1
Set parameter LogToConsole to value 0
Set parameter LogToConsole to value 1
Set parameter LogToConsole to value 0
       219     10377.36     10448.34   -1127.5607   -1126.4218   0.1011%
Set parameter LogToConsole to value 1
Set parameter LogToConsole to value 0
Set parameter LogToConsole to value 1
Set parameter LogToConsole to value 0
Set parameter LogToConsole to value 1
Set parameter LogToConsole to value 0
augmented lagrangean iteration 0
Set parameter LogToConsole to value 1
Set parameter LogToConsole to value 0
Set parameter LogToConsole to value 1
Set parameter LogToConsole to value 0
Set parameter LogToConsole to value 1
Set parameter LogToConsole to value 0
augmented lagrangean iteration 1
Set parameter LogToConsole to value 1
Set parameter LogToConsole to value 0
Set parameter LogToConsole to value 1
Set parameter LogToConsole to value 0
Set parameter LogToConsole to value 1
Set parameter LogToConsole to value 0
augmented lagrangean iteration 2
Set parameter LogToConsole to value 1
Set parameter LogToConsole to value 0
Set parameter LogToConsole to value 1
Set parameter LogToConsole to value 0
Set parameter LogToConsole to value 1
Set parameter LogToConsole to value 0
Set parameter LogToConsole to value 1
Set parameter LogToConsole to value 0
Set parameter LogToConsole to value 1
Set parameter LogToConsole to value 0
Set parameter LogToConsole to value 1
Set parameter LogToConsole to value 0
Set parameter LogToConsole to value 1
Set parameter LogToConsole to value 0
augmented lagrangean iteration 0
Set parameter LogToConsole to value 1
Set parameter LogToConsole to value 0
Set parameter LogToConsole to value 1
Set parameter LogToConsole to value 0
Set parameter LogToConsole to value 1
Set parameter LogToConsole to value 0
augmented lagrangean iteration 1
Set parameter LogToConsole to value 1
Set parameter LogToConsole to value 0
Set parameter LogToConsole to value 1
Set parameter LogToConsole to value 0
Set parameter LogToConsole to value 1
Set parameter LogToConsole to value 0
augmented lagrangean iteration 2
Set parameter LogToConsole to value 1
Set parameter LogToConsole to value 0
Set parameter LogToConsole to value 1
Set parameter LogToConsole to value 0
Set parameter LogToConsole to value 1
Set parameter LogToConsole to value 0
Set parameter LogToConsole to value 1
Set parameter LogToConsole to value 0
       220     10421.27     10492.39   -1127.5601   -1126.4218   0.1011%
Set parameter LogToConsole to value 1
Set parameter LogToConsole to value 0
Set parameter LogToConsole to value 1
Set parameter LogToConsole to value 0
Set parameter LogToConsole to value 1
Set parameter LogToConsole to value 0
augmented lagrangean iteration 0
Set parameter LogToConsole to value 1
Set parameter LogToConsole to value 0
Set parameter LogToConsole to value 1
Set parameter LogToConsole to value 0
Set parameter LogToConsole to value 1
Set parameter LogToConsole to value 0
augmented lagrangean iteration 1
Set parameter LogToConsole to value 1
Set parameter LogToConsole to value 0
Set parameter LogToConsole to value 1
Set parameter LogToConsole to value 0
Set parameter LogToConsole to value 1
Set parameter LogToConsole to value 0
augmented lagrangean iteration 2
Set parameter LogToConsole to value 1
Set parameter LogToConsole to value 0
Set parameter LogToConsole to value 1
Set parameter LogToConsole to value 0
Set parameter LogToConsole to value 1
Set parameter LogToConsole to value 0
Set parameter LogToConsole to value 1
Set parameter LogToConsole to value 0
Set parameter LogToConsole to value 1
Set parameter LogToConsole to value 0
Set parameter LogToConsole to value 1
Set parameter LogToConsole to value 0
Set parameter LogToConsole to value 1
Set parameter LogToConsole to value 0
augmented lagrangean iteration 0
Set parameter LogToConsole to value 1
Set parameter LogToConsole to value 0
Set parameter LogToConsole to value 1
Set parameter LogToConsole to value 0
Set parameter LogToConsole to value 1
Set parameter LogToConsole to value 0
augmented lagrangean iteration 1
Set parameter LogToConsole to value 1
Set parameter LogToConsole to value 0
Set parameter LogToConsole to value 1
Set parameter LogToConsole to value 0
Set parameter LogToConsole to value 1
Set parameter LogToConsole to value 0
augmented lagrangean iteration 2
Set parameter LogToConsole to value 1
Set parameter LogToConsole to value 0
Set parameter LogToConsole to value 1
Set parameter LogToConsole to value 0
Set parameter LogToConsole to value 1
Set parameter LogToConsole to value 0
Set parameter LogToConsole to value 1
Set parameter LogToConsole to value 0
       221     10467.33     10538.57   -1127.5586   -1126.4218   0.1009%
Set parameter LogToConsole to value 1
Set parameter LogToConsole to value 0
Set parameter LogToConsole to value 1
Set parameter LogToConsole to value 0
Set parameter LogToConsole to value 1
Set parameter LogToConsole to value 0
augmented lagrangean iteration 0
Set parameter LogToConsole to value 1
Set parameter LogToConsole to value 0
Set parameter LogToConsole to value 1
Set parameter LogToConsole to value 0
Set parameter LogToConsole to value 1
Set parameter LogToConsole to value 0
augmented lagrangean iteration 1
Set parameter LogToConsole to value 1
Set parameter LogToConsole to value 0
Set parameter LogToConsole to value 1
Set parameter LogToConsole to value 0
Set parameter LogToConsole to value 1
Set parameter LogToConsole to value 0
augmented lagrangean iteration 2
Set parameter LogToConsole to value 1
Set parameter LogToConsole to value 0
Set parameter LogToConsole to value 1
Set parameter LogToConsole to value 0
Set parameter LogToConsole to value 1
Set parameter LogToConsole to value 0
Set parameter LogToConsole to value 1
Set parameter LogToConsole to value 0
Set parameter LogToConsole to value 1
Set parameter LogToConsole to value 0
Set parameter LogToConsole to value 1
Set parameter LogToConsole to value 0
Set parameter LogToConsole to value 1
Set parameter LogToConsole to value 0
augmented lagrangean iteration 0
Set parameter LogToConsole to value 1
Set parameter LogToConsole to value 0
Set parameter LogToConsole to value 1
Set parameter LogToConsole to value 0
Set parameter LogToConsole to value 1
Set parameter LogToConsole to value 0
augmented lagrangean iteration 1
Set parameter LogToConsole to value 1
Set parameter LogToConsole to value 0
Set parameter LogToConsole to value 1
Set parameter LogToConsole to value 0
Set parameter LogToConsole to value 1
Set parameter LogToConsole to value 0
augmented lagrangean iteration 2
Set parameter LogToConsole to value 1
Set parameter LogToConsole to value 0
Set parameter LogToConsole to value 1
Set parameter LogToConsole to value 0
Set parameter LogToConsole to value 1
Set parameter LogToConsole to value 0
Set parameter LogToConsole to value 1
Set parameter LogToConsole to value 0
       222     10517.61     10588.99   -1127.5586   -1126.4218   0.1009%
Set parameter LogToConsole to value 1
Set parameter LogToConsole to value 0
Set parameter LogToConsole to value 1
Set parameter LogToConsole to value 0
Set parameter LogToConsole to value 1
Set parameter LogToConsole to value 0
augmented lagrangean iteration 0
Set parameter LogToConsole to value 1
Set parameter LogToConsole to value 0
Set parameter LogToConsole to value 1
Set parameter LogToConsole to value 0
Set parameter LogToConsole to value 1
Set parameter LogToConsole to value 0
augmented lagrangean iteration 1
Set parameter LogToConsole to value 1
Set parameter LogToConsole to value 0
Set parameter LogToConsole to value 1
Set parameter LogToConsole to value 0
Set parameter LogToConsole to value 1
Set parameter LogToConsole to value 0
augmented lagrangean iteration 2
Set parameter LogToConsole to value 1
Set parameter LogToConsole to value 0
Set parameter LogToConsole to value 1
Set parameter LogToConsole to value 0
Set parameter LogToConsole to value 1
Set parameter LogToConsole to value 0
Set parameter LogToConsole to value 1
Set parameter LogToConsole to value 0
Set parameter LogToConsole to value 1
Set parameter LogToConsole to value 0
Set parameter LogToConsole to value 1
Set parameter LogToConsole to value 0
Set parameter LogToConsole to value 1
Set parameter LogToConsole to value 0
augmented lagrangean iteration 0
Set parameter LogToConsole to value 1
Set parameter LogToConsole to value 0
Set parameter LogToConsole to value 1
Set parameter LogToConsole to value 0
Set parameter LogToConsole to value 1
Set parameter LogToConsole to value 0
augmented lagrangean iteration 1
Set parameter LogToConsole to value 1
Set parameter LogToConsole to value 0
Set parameter LogToConsole to value 1
Set parameter LogToConsole to value 0
Set parameter LogToConsole to value 1
Set parameter LogToConsole to value 0
augmented lagrangean iteration 2
Set parameter LogToConsole to value 1
Set parameter LogToConsole to value 0
Set parameter LogToConsole to value 1
Set parameter LogToConsole to value 0
Set parameter LogToConsole to value 1
Set parameter LogToConsole to value 0
Set parameter LogToConsole to value 1
Set parameter LogToConsole to value 0
       223     10565.59     10637.09   -1127.5580   -1126.4218   0.1009%
Set parameter LogToConsole to value 1
Set parameter LogToConsole to value 0
Set parameter LogToConsole to value 1
Set parameter LogToConsole to value 0
Set parameter LogToConsole to value 1
Set parameter LogToConsole to value 0
augmented lagrangean iteration 0
Set parameter LogToConsole to value 1
Set parameter LogToConsole to value 0
Set parameter LogToConsole to value 1
Set parameter LogToConsole to value 0
Set parameter LogToConsole to value 1
Set parameter LogToConsole to value 0
augmented lagrangean iteration 1
Set parameter LogToConsole to value 1
Set parameter LogToConsole to value 0
Set parameter LogToConsole to value 1
Set parameter LogToConsole to value 0
Set parameter LogToConsole to value 1
Set parameter LogToConsole to value 0
augmented lagrangean iteration 2
Set parameter LogToConsole to value 1
Set parameter LogToConsole to value 0
Set parameter LogToConsole to value 1
Set parameter LogToConsole to value 0
Set parameter LogToConsole to value 1
Set parameter LogToConsole to value 0
Set parameter LogToConsole to value 1
Set parameter LogToConsole to value 0
Set parameter LogToConsole to value 1
Set parameter LogToConsole to value 0
Set parameter LogToConsole to value 1
Set parameter LogToConsole to value 0
Set parameter LogToConsole to value 1
Set parameter LogToConsole to value 0
augmented lagrangean iteration 0
Set parameter LogToConsole to value 1
Set parameter LogToConsole to value 0
Set parameter LogToConsole to value 1
Set parameter LogToConsole to value 0
Set parameter LogToConsole to value 1
Set parameter LogToConsole to value 0
augmented lagrangean iteration 1
Set parameter LogToConsole to value 1
Set parameter LogToConsole to value 0
Set parameter LogToConsole to value 1
Set parameter LogToConsole to value 0
Set parameter LogToConsole to value 1
Set parameter LogToConsole to value 0
augmented lagrangean iteration 2
Set parameter LogToConsole to value 1
Set parameter LogToConsole to value 0
Set parameter LogToConsole to value 1
Set parameter LogToConsole to value 0
Set parameter LogToConsole to value 1
Set parameter LogToConsole to value 0
Set parameter LogToConsole to value 1
Set parameter LogToConsole to value 0
       224     10619.70     10691.33   -1127.5519   -1126.4218   0.1003%
Set parameter LogToConsole to value 1
Set parameter LogToConsole to value 0
Set parameter LogToConsole to value 1
Set parameter LogToConsole to value 0
Set parameter LogToConsole to value 1
Set parameter LogToConsole to value 0
augmented lagrangean iteration 0
Set parameter LogToConsole to value 1
Set parameter LogToConsole to value 0
Set parameter LogToConsole to value 1
Set parameter LogToConsole to value 0
Set parameter LogToConsole to value 1
Set parameter LogToConsole to value 0
augmented lagrangean iteration 1
Set parameter LogToConsole to value 1
Set parameter LogToConsole to value 0
Set parameter LogToConsole to value 1
Set parameter LogToConsole to value 0
Set parameter LogToConsole to value 1
Set parameter LogToConsole to value 0
augmented lagrangean iteration 2
Set parameter LogToConsole to value 1
Set parameter LogToConsole to value 0
Set parameter LogToConsole to value 1
Set parameter LogToConsole to value 0
Set parameter LogToConsole to value 1
Set parameter LogToConsole to value 0
Set parameter LogToConsole to value 1
Set parameter LogToConsole to value 0
Set parameter LogToConsole to value 1
Set parameter LogToConsole to value 0
Set parameter LogToConsole to value 1
Set parameter LogToConsole to value 0
Set parameter LogToConsole to value 1
Set parameter LogToConsole to value 0
augmented lagrangean iteration 0
Set parameter LogToConsole to value 1
Set parameter LogToConsole to value 0
Set parameter LogToConsole to value 1
Set parameter LogToConsole to value 0
Set parameter LogToConsole to value 1
Set parameter LogToConsole to value 0
augmented lagrangean iteration 1
Set parameter LogToConsole to value 1
Set parameter LogToConsole to value 0
Set parameter LogToConsole to value 1
Set parameter LogToConsole to value 0
Set parameter LogToConsole to value 1
Set parameter LogToConsole to value 0
augmented lagrangean iteration 2
Set parameter LogToConsole to value 1
Set parameter LogToConsole to value 0
Set parameter LogToConsole to value 1
Set parameter LogToConsole to value 0
Set parameter LogToConsole to value 1
Set parameter LogToConsole to value 0
Set parameter LogToConsole to value 1
Set parameter LogToConsole to value 0
       225     10673.07     10744.83   -1127.5519   -1126.4218   0.1003%
Set parameter LogToConsole to value 1
Set parameter LogToConsole to value 0
Set parameter LogToConsole to value 1
Set parameter LogToConsole to value 0
Set parameter LogToConsole to value 1
Set parameter LogToConsole to value 0
augmented lagrangean iteration 0
Set parameter LogToConsole to value 1
Set parameter LogToConsole to value 0
Set parameter LogToConsole to value 1
Set parameter LogToConsole to value 0
Set parameter LogToConsole to value 1
Set parameter LogToConsole to value 0
augmented lagrangean iteration 1
Set parameter LogToConsole to value 1
Set parameter LogToConsole to value 0
Set parameter LogToConsole to value 1
Set parameter LogToConsole to value 0
Set parameter LogToConsole to value 1
Set parameter LogToConsole to value 0
augmented lagrangean iteration 2
Set parameter LogToConsole to value 1
Set parameter LogToConsole to value 0
Set parameter LogToConsole to value 1
Set parameter LogToConsole to value 0
Set parameter LogToConsole to value 1
Set parameter LogToConsole to value 0
Set parameter LogToConsole to value 1
Set parameter LogToConsole to value 0
Set parameter LogToConsole to value 1
Set parameter LogToConsole to value 0
Set parameter LogToConsole to value 1
Set parameter LogToConsole to value 0
Set parameter LogToConsole to value 1
Set parameter LogToConsole to value 0
augmented lagrangean iteration 0
Set parameter LogToConsole to value 1
Set parameter LogToConsole to value 0
Set parameter LogToConsole to value 1
Set parameter LogToConsole to value 0
Set parameter LogToConsole to value 1
Set parameter LogToConsole to value 0
augmented lagrangean iteration 1
Set parameter LogToConsole to value 1
Set parameter LogToConsole to value 0
Set parameter LogToConsole to value 1
Set parameter LogToConsole to value 0
Set parameter LogToConsole to value 1
Set parameter LogToConsole to value 0
augmented lagrangean iteration 2
Set parameter LogToConsole to value 1
Set parameter LogToConsole to value 0
Set parameter LogToConsole to value 1
Set parameter LogToConsole to value 0
Set parameter LogToConsole to value 1
Set parameter LogToConsole to value 0
Set parameter LogToConsole to value 1
Set parameter LogToConsole to value 0
       226     10723.37     10795.26   -1127.5514   -1126.4218   0.1003%
Set parameter LogToConsole to value 1
Set parameter LogToConsole to value 0
Set parameter LogToConsole to value 1
Set parameter LogToConsole to value 0
Set parameter LogToConsole to value 1
Set parameter LogToConsole to value 0
augmented lagrangean iteration 0
Set parameter LogToConsole to value 1
Set parameter LogToConsole to value 0
Set parameter LogToConsole to value 1
Set parameter LogToConsole to value 0
Set parameter LogToConsole to value 1
Set parameter LogToConsole to value 0
augmented lagrangean iteration 1
Set parameter LogToConsole to value 1
Set parameter LogToConsole to value 0
Set parameter LogToConsole to value 1
Set parameter LogToConsole to value 0
Set parameter LogToConsole to value 1
Set parameter LogToConsole to value 0
augmented lagrangean iteration 2
Set parameter LogToConsole to value 1
Set parameter LogToConsole to value 0
Set parameter LogToConsole to value 1
Set parameter LogToConsole to value 0
Set parameter LogToConsole to value 1
Set parameter LogToConsole to value 0
Set parameter LogToConsole to value 1
Set parameter LogToConsole to value 0
Set parameter LogToConsole to value 1
Set parameter LogToConsole to value 0
Set parameter LogToConsole to value 1
Set parameter LogToConsole to value 0
Set parameter LogToConsole to value 1
Set parameter LogToConsole to value 0
augmented lagrangean iteration 0
Set parameter LogToConsole to value 1
Set parameter LogToConsole to value 0
Set parameter LogToConsole to value 1
Set parameter LogToConsole to value 0
Set parameter LogToConsole to value 1
Set parameter LogToConsole to value 0
augmented lagrangean iteration 1
Set parameter LogToConsole to value 1
Set parameter LogToConsole to value 0
Set parameter LogToConsole to value 1
Set parameter LogToConsole to value 0
Set parameter LogToConsole to value 1
Set parameter LogToConsole to value 0
augmented lagrangean iteration 2
Set parameter LogToConsole to value 1
Set parameter LogToConsole to value 0
Set parameter LogToConsole to value 1
Set parameter LogToConsole to value 0
Set parameter LogToConsole to value 1
Set parameter LogToConsole to value 0
Set parameter LogToConsole to value 1
Set parameter LogToConsole to value 0
       227     10773.89     10845.91   -1127.5513   -1126.4218   0.1003%
Set parameter LogToConsole to value 1
Set parameter LogToConsole to value 0
Set parameter LogToConsole to value 1
Set parameter LogToConsole to value 0
Set parameter LogToConsole to value 1
Set parameter LogToConsole to value 0
augmented lagrangean iteration 0
Set parameter LogToConsole to value 1
Set parameter LogToConsole to value 0
Set parameter LogToConsole to value 1
Set parameter LogToConsole to value 0
Set parameter LogToConsole to value 1
Set parameter LogToConsole to value 0
augmented lagrangean iteration 1
Set parameter LogToConsole to value 1
Set parameter LogToConsole to value 0
Set parameter LogToConsole to value 1
Set parameter LogToConsole to value 0
Set parameter LogToConsole to value 1
Set parameter LogToConsole to value 0
augmented lagrangean iteration 2
Set parameter LogToConsole to value 1
Set parameter LogToConsole to value 0
Set parameter LogToConsole to value 1
Set parameter LogToConsole to value 0
Set parameter LogToConsole to value 1
Set parameter LogToConsole to value 0
Set parameter LogToConsole to value 1
Set parameter LogToConsole to value 0
Set parameter LogToConsole to value 1
Set parameter LogToConsole to value 0
Set parameter LogToConsole to value 1
Set parameter LogToConsole to value 0
       228     10806.59     10879.56   -1127.5494   -1126.4218   0.1001%
Set parameter LogToConsole to value 1
Set parameter LogToConsole to value 0
Set parameter LogToConsole to value 1
Set parameter LogToConsole to value 0
Set parameter LogToConsole to value 1
Set parameter LogToConsole to value 0
augmented lagrangean iteration 0
Set parameter LogToConsole to value 1
Set parameter LogToConsole to value 0
Set parameter LogToConsole to value 1
Set parameter LogToConsole to value 0
Set parameter LogToConsole to value 1
Set parameter LogToConsole to value 0
augmented lagrangean iteration 1
Set parameter LogToConsole to value 1
Set parameter LogToConsole to value 0
Set parameter LogToConsole to value 1
Set parameter LogToConsole to value 0
Set parameter LogToConsole to value 1
Set parameter LogToConsole to value 0
augmented lagrangean iteration 2
Set parameter LogToConsole to value 1
Set parameter LogToConsole to value 0
Set parameter LogToConsole to value 1
Set parameter LogToConsole to value 0
Set parameter LogToConsole to value 1
Set parameter LogToConsole to value 0
Set parameter LogToConsole to value 1
Set parameter LogToConsole to value 0
Set parameter LogToConsole to value 1
Set parameter LogToConsole to value 0
Set parameter LogToConsole to value 1
Set parameter LogToConsole to value 0
       229     10840.21     10914.14   -1127.5476   -1126.4218   0.0999%
================================================================================


Optimal solution found.

total wall time: 10914.14 s
total CPU time: 10840.21 s
Nodes explored in branch-and-bound: 459
---------------------------------------
Begin Slurm Epilog: Nov-22-2025 21:22:03
Job ID:        2383867
User ID:       jyang872
Account:       gts-jscott319
Job name:      process
Resources:     cpu=1,mem=8G,node=1
Rsrc Used:     cput=03:02:16,vmem=0,walltime=03:02:16,mem=40640K,energy_used=0
Partition:     cpu-small
QOS:           inferno
Nodes:         atl1-1-02-008-10-1
---------------------------------------
